"STATION","NAME","DATE","TAVG","TMAX","TMIN","TSUN"
"USW00094789","JFK INTERNATIONAL AIRPORT, NY US","2000-01-01","39","46","31",
"USW00094789","JFK INTERNATIONAL AIRPORT, NY US","2000-01-02","46","54","37",
"USW00094789","JFK INTERNATIONAL AIRPORT, NY US","2000-01-03","53","60","46",
"USW00094789","JFK INTERNATIONAL AIRPORT, NY US","2000-01-04","51","55","47",
"USW00094789","JFK INTERNATIONAL AIRPORT, NY US","2000-01-05","38","47","28",
"USW00094789","JFK INTERNATIONAL AIRPORT, NY US","2000-01-06","33","42","23",
"USW00094789","JFK INTERNATIONAL AIRPORT, NY US","2000-01-07","42","49","35",
"USW00094789","JFK INTERNATIONAL AIRPORT, NY US","2000-01-08","34","38","29",
"USW00094789","JFK INTERNATIONAL AIRPORT, NY US","2000-01-09","43","49","37",
"USW00094789","JFK INTERNATIONAL AIRPORT, NY US","2000-01-10","49","55","42",
"USW00094789","JFK INTERNATIONAL AIRPORT, NY US","2000-01-11","47","53","40",
"USW00094789","JFK INTERNATIONAL AIRPORT, NY US","2000-01-12","44","48","39",
"USW00094789","JFK INTERNATIONAL AIRPORT, NY US","2000-01-13","29","40","18",
"USW00094789","JFK INTERNATIONAL AIRPORT, NY US","2000-01-14","19","23","14",
"USW00094789","JFK INTERNATIONAL AIRPORT, NY US","2000-01-15","24","31","16",
"USW00094789","JFK INTERNATIONAL AIRPORT, NY US","2000-01-16","35","47","22",
"USW00094789","JFK INTERNATIONAL AIRPORT, NY US","2000-01-17","15","22","8",
"USW00094789","JFK INTERNATIONAL AIRPORT, NY US","2000-01-18","12","19","4",
"USW00094789","JFK INTERNATIONAL AIRPORT, NY US","2000-01-19","20","30","10",
"USW00094789","JFK INTERNATIONAL AIRPORT, NY US","2000-01-20","24","28","20",
"USW00094789","JFK INTERNATIONAL AIRPORT, NY US","2000-01-21","17","24","10",
"USW00094789","JFK INTERNATIONAL AIRPORT, NY US","2000-01-22","15","21","9",
"USW00094789","JFK INTERNATIONAL AIRPORT, NY US","2000-01-23","22","27","16",
"USW00094789","JFK INTERNATIONAL AIRPORT, NY US","2000-01-24","30","36","24",
"USW00094789","JFK INTERNATIONAL AIRPORT, NY US","2000-01-25","30","33","26",
"USW00094789","JFK INTERNATIONAL AIRPORT, NY US","2000-01-26","27","31","22",
"USW00094789","JFK INTERNATIONAL AIRPORT, NY US","2000-01-27","17","22","12",
"USW00094789","JFK INTERNATIONAL AIRPORT, NY US","2000-01-28","16","22","9",
"USW00094789","JFK INTERNATIONAL AIRPORT, NY US","2000-01-29","25","33","16",
"USW00094789","JFK INTERNATIONAL AIRPORT, NY US","2000-01-30","27","38","16",
"USW00094789","JFK INTERNATIONAL AIRPORT, NY US","2000-01-31","35","42","28",
"USW00094789","JFK INTERNATIONAL AIRPORT, NY US","2000-02-01","31","35","26",
"USW00094789","JFK INTERNATIONAL AIRPORT, NY US","2000-02-02","26","29","22",
"USW00094789","JFK INTERNATIONAL AIRPORT, NY US","2000-02-03","27","32","21",
"USW00094789","JFK INTERNATIONAL AIRPORT, NY US","2000-02-04","29","31","27",
"USW00094789","JFK INTERNATIONAL AIRPORT, NY US","2000-02-05","31","35","27",
"USW00094789","JFK INTERNATIONAL AIRPORT, NY US","2000-02-06","33","37","28",
"USW00094789","JFK INTERNATIONAL AIRPORT, NY US","2000-02-07","36","44","28",
"USW00094789","JFK INTERNATIONAL AIRPORT, NY US","2000-02-08","25","29","20",
"USW00094789","JFK INTERNATIONAL AIRPORT, NY US","2000-02-09","35","45","24",
"USW00094789","JFK INTERNATIONAL AIRPORT, NY US","2000-02-10","40","50","29",
"USW00094789","JFK INTERNATIONAL AIRPORT, NY US","2000-02-11","40","50","30",
"USW00094789","JFK INTERNATIONAL AIRPORT, NY US","2000-02-12","28","32","24",
"USW00094789","JFK INTERNATIONAL AIRPORT, NY US","2000-02-13","30","39","21",
"USW00094789","JFK INTERNATIONAL AIRPORT, NY US","2000-02-14","45","50","39",
"USW00094789","JFK INTERNATIONAL AIRPORT, NY US","2000-02-15","37","44","29",
"USW00094789","JFK INTERNATIONAL AIRPORT, NY US","2000-02-16","40","51","28",
"USW00094789","JFK INTERNATIONAL AIRPORT, NY US","2000-02-17","33","40","26",
"USW00094789","JFK INTERNATIONAL AIRPORT, NY US","2000-02-18","32","37","27",
"USW00094789","JFK INTERNATIONAL AIRPORT, NY US","2000-02-19","31","32","30",
"USW00094789","JFK INTERNATIONAL AIRPORT, NY US","2000-02-20","35","40","30",
"USW00094789","JFK INTERNATIONAL AIRPORT, NY US","2000-02-21","37","43","30",
"USW00094789","JFK INTERNATIONAL AIRPORT, NY US","2000-02-22","37","45","29",
"USW00094789","JFK INTERNATIONAL AIRPORT, NY US","2000-02-23","40","51","29",
"USW00094789","JFK INTERNATIONAL AIRPORT, NY US","2000-02-24","47","56","38",
"USW00094789","JFK INTERNATIONAL AIRPORT, NY US","2000-02-25","46","52","39",
"USW00094789","JFK INTERNATIONAL AIRPORT, NY US","2000-02-26","41","43","38",
"USW00094789","JFK INTERNATIONAL AIRPORT, NY US","2000-02-27","45","50","39",
"USW00094789","JFK INTERNATIONAL AIRPORT, NY US","2000-02-28","46","52","40",
"USW00094789","JFK INTERNATIONAL AIRPORT, NY US","2000-02-29","46","57","35",
"USW00094789","JFK INTERNATIONAL AIRPORT, NY US","2000-03-01","40","45","34",
"USW00094789","JFK INTERNATIONAL AIRPORT, NY US","2000-03-02","43","49","36",
"USW00094789","JFK INTERNATIONAL AIRPORT, NY US","2000-03-03","41","48","34",
"USW00094789","JFK INTERNATIONAL AIRPORT, NY US","2000-03-04","43","53","32",
"USW00094789","JFK INTERNATIONAL AIRPORT, NY US","2000-03-05","48","57","38",
"USW00094789","JFK INTERNATIONAL AIRPORT, NY US","2000-03-06","47","55","39",
"USW00094789","JFK INTERNATIONAL AIRPORT, NY US","2000-03-07","46","59","32",
"USW00094789","JFK INTERNATIONAL AIRPORT, NY US","2000-03-08","50","59","40",
"USW00094789","JFK INTERNATIONAL AIRPORT, NY US","2000-03-09","55","64","46",
"USW00094789","JFK INTERNATIONAL AIRPORT, NY US","2000-03-10","52","61","42",
"USW00094789","JFK INTERNATIONAL AIRPORT, NY US","2000-03-11","42","44","40",
"USW00094789","JFK INTERNATIONAL AIRPORT, NY US","2000-03-12","44","53","35",
"USW00094789","JFK INTERNATIONAL AIRPORT, NY US","2000-03-13","40","48","32",
"USW00094789","JFK INTERNATIONAL AIRPORT, NY US","2000-03-14","42","49","35",
"USW00094789","JFK INTERNATIONAL AIRPORT, NY US","2000-03-15","46","54","37",
"USW00094789","JFK INTERNATIONAL AIRPORT, NY US","2000-03-16","52","61","42",
"USW00094789","JFK INTERNATIONAL AIRPORT, NY US","2000-03-17","40","52","28",
"USW00094789","JFK INTERNATIONAL AIRPORT, NY US","2000-03-18","30","37","22",
"USW00094789","JFK INTERNATIONAL AIRPORT, NY US","2000-03-19","33","39","27",
"USW00094789","JFK INTERNATIONAL AIRPORT, NY US","2000-03-20","39","46","32",
"USW00094789","JFK INTERNATIONAL AIRPORT, NY US","2000-03-21","41","44","38",
"USW00094789","JFK INTERNATIONAL AIRPORT, NY US","2000-03-22","43","49","37",
"USW00094789","JFK INTERNATIONAL AIRPORT, NY US","2000-03-23","41","48","33",
"USW00094789","JFK INTERNATIONAL AIRPORT, NY US","2000-03-24","53","65","41",
"USW00094789","JFK INTERNATIONAL AIRPORT, NY US","2000-03-25","48","54","41",
"USW00094789","JFK INTERNATIONAL AIRPORT, NY US","2000-03-26","56","65","47",
"USW00094789","JFK INTERNATIONAL AIRPORT, NY US","2000-03-27","46","55","36",
"USW00094789","JFK INTERNATIONAL AIRPORT, NY US","2000-03-28","53","58","47",
"USW00094789","JFK INTERNATIONAL AIRPORT, NY US","2000-03-29","51","57","44",
"USW00094789","JFK INTERNATIONAL AIRPORT, NY US","2000-03-30","48","56","40",
"USW00094789","JFK INTERNATIONAL AIRPORT, NY US","2000-03-31","48","58","37",
"USW00094789","JFK INTERNATIONAL AIRPORT, NY US","2000-04-01","48","58","37",
"USW00094789","JFK INTERNATIONAL AIRPORT, NY US","2000-04-02","51","58","44",
"USW00094789","JFK INTERNATIONAL AIRPORT, NY US","2000-04-03","53","57","49",
"USW00094789","JFK INTERNATIONAL AIRPORT, NY US","2000-04-04","55","59","50",
"USW00094789","JFK INTERNATIONAL AIRPORT, NY US","2000-04-05","46","50","41",
"USW00094789","JFK INTERNATIONAL AIRPORT, NY US","2000-04-06","53","68","38",
"USW00094789","JFK INTERNATIONAL AIRPORT, NY US","2000-04-07","55","59","50",
"USW00094789","JFK INTERNATIONAL AIRPORT, NY US","2000-04-08","54","60","48",
"USW00094789","JFK INTERNATIONAL AIRPORT, NY US","2000-04-09","40","50","30",
"USW00094789","JFK INTERNATIONAL AIRPORT, NY US","2000-04-10","46","55","37",
"USW00094789","JFK INTERNATIONAL AIRPORT, NY US","2000-04-11","42","48","36",
"USW00094789","JFK INTERNATIONAL AIRPORT, NY US","2000-04-12","46","52","40",
"USW00094789","JFK INTERNATIONAL AIRPORT, NY US","2000-04-13","42","48","36",
"USW00094789","JFK INTERNATIONAL AIRPORT, NY US","2000-04-14","43","50","36",
"USW00094789","JFK INTERNATIONAL AIRPORT, NY US","2000-04-15","52","59","44",
"USW00094789","JFK INTERNATIONAL AIRPORT, NY US","2000-04-16","63","73","53",
"USW00094789","JFK INTERNATIONAL AIRPORT, NY US","2000-04-17","47","54","40",
"USW00094789","JFK INTERNATIONAL AIRPORT, NY US","2000-04-18","44","48","40",
"USW00094789","JFK INTERNATIONAL AIRPORT, NY US","2000-04-19","51","59","42",
"USW00094789","JFK INTERNATIONAL AIRPORT, NY US","2000-04-20","51","54","47",
"USW00094789","JFK INTERNATIONAL AIRPORT, NY US","2000-04-21","47","48","46",
"USW00094789","JFK INTERNATIONAL AIRPORT, NY US","2000-04-22","48","50","45",
"USW00094789","JFK INTERNATIONAL AIRPORT, NY US","2000-04-23","47","50","44",
"USW00094789","JFK INTERNATIONAL AIRPORT, NY US","2000-04-24","57","69","44",
"USW00094789","JFK INTERNATIONAL AIRPORT, NY US","2000-04-25","51","55","46",
"USW00094789","JFK INTERNATIONAL AIRPORT, NY US","2000-04-26","43","47","39",
"USW00094789","JFK INTERNATIONAL AIRPORT, NY US","2000-04-27","44","49","38",
"USW00094789","JFK INTERNATIONAL AIRPORT, NY US","2000-04-28","50","56","44",
"USW00094789","JFK INTERNATIONAL AIRPORT, NY US","2000-04-29","54","66","41",
"USW00094789","JFK INTERNATIONAL AIRPORT, NY US","2000-04-30","56","65","47",
"USW00094789","JFK INTERNATIONAL AIRPORT, NY US","2000-05-01","49","57","40",
"USW00094789","JFK INTERNATIONAL AIRPORT, NY US","2000-05-02","60","67","52",
"USW00094789","JFK INTERNATIONAL AIRPORT, NY US","2000-05-03","55","62","47",
"USW00094789","JFK INTERNATIONAL AIRPORT, NY US","2000-05-04","55","62","47",
"USW00094789","JFK INTERNATIONAL AIRPORT, NY US","2000-05-05","68","83","53",
"USW00094789","JFK INTERNATIONAL AIRPORT, NY US","2000-05-06","72","85","59",
"USW00094789","JFK INTERNATIONAL AIRPORT, NY US","2000-05-07","74","87","60",
"USW00094789","JFK INTERNATIONAL AIRPORT, NY US","2000-05-08","73","83","63",
"USW00094789","JFK INTERNATIONAL AIRPORT, NY US","2000-05-09","75","86","63",
"USW00094789","JFK INTERNATIONAL AIRPORT, NY US","2000-05-10","63","74","51",
"USW00094789","JFK INTERNATIONAL AIRPORT, NY US","2000-05-11","64","75","53",
"USW00094789","JFK INTERNATIONAL AIRPORT, NY US","2000-05-12","62","67","57",
"USW00094789","JFK INTERNATIONAL AIRPORT, NY US","2000-05-13","64","71","56",
"USW00094789","JFK INTERNATIONAL AIRPORT, NY US","2000-05-14","65","72","57",
"USW00094789","JFK INTERNATIONAL AIRPORT, NY US","2000-05-15","58","64","51",
"USW00094789","JFK INTERNATIONAL AIRPORT, NY US","2000-05-16","57","65","48",
"USW00094789","JFK INTERNATIONAL AIRPORT, NY US","2000-05-17","61","66","56",
"USW00094789","JFK INTERNATIONAL AIRPORT, NY US","2000-05-18","63","68","58",
"USW00094789","JFK INTERNATIONAL AIRPORT, NY US","2000-05-19","55","62","47",
"USW00094789","JFK INTERNATIONAL AIRPORT, NY US","2000-05-20","49","52","46",
"USW00094789","JFK INTERNATIONAL AIRPORT, NY US","2000-05-21","54","56","51",
"USW00094789","JFK INTERNATIONAL AIRPORT, NY US","2000-05-22","54","57","51",
"USW00094789","JFK INTERNATIONAL AIRPORT, NY US","2000-05-23","56","60","51",
"USW00094789","JFK INTERNATIONAL AIRPORT, NY US","2000-05-24","65","75","55",
"USW00094789","JFK INTERNATIONAL AIRPORT, NY US","2000-05-25","67","76","57",
"USW00094789","JFK INTERNATIONAL AIRPORT, NY US","2000-05-26","68","77","59",
"USW00094789","JFK INTERNATIONAL AIRPORT, NY US","2000-05-27","63","68","57",
"USW00094789","JFK INTERNATIONAL AIRPORT, NY US","2000-05-28","61","67","55",
"USW00094789","JFK INTERNATIONAL AIRPORT, NY US","2000-05-29","58","64","51",
"USW00094789","JFK INTERNATIONAL AIRPORT, NY US","2000-05-30","56","62","50",
"USW00094789","JFK INTERNATIONAL AIRPORT, NY US","2000-05-31","57","61","52",
"USW00094789","JFK INTERNATIONAL AIRPORT, NY US","2000-06-01","68","79","56",
"USW00094789","JFK INTERNATIONAL AIRPORT, NY US","2000-06-02","74","85","63",
"USW00094789","JFK INTERNATIONAL AIRPORT, NY US","2000-06-03","67","74","59",
"USW00094789","JFK INTERNATIONAL AIRPORT, NY US","2000-06-04","64","71","56",
"USW00094789","JFK INTERNATIONAL AIRPORT, NY US","2000-06-05","63","68","58",
"USW00094789","JFK INTERNATIONAL AIRPORT, NY US","2000-06-06","56","60","51",
"USW00094789","JFK INTERNATIONAL AIRPORT, NY US","2000-06-07","63","75","50",
"USW00094789","JFK INTERNATIONAL AIRPORT, NY US","2000-06-08","65","73","56",
"USW00094789","JFK INTERNATIONAL AIRPORT, NY US","2000-06-09","76","89","63",
"USW00094789","JFK INTERNATIONAL AIRPORT, NY US","2000-06-10","79","91","67",
"USW00094789","JFK INTERNATIONAL AIRPORT, NY US","2000-06-11","82","92","72",
"USW00094789","JFK INTERNATIONAL AIRPORT, NY US","2000-06-12","65","74","56",
"USW00094789","JFK INTERNATIONAL AIRPORT, NY US","2000-06-13","58","61","55",
"USW00094789","JFK INTERNATIONAL AIRPORT, NY US","2000-06-14","57","61","53",
"USW00094789","JFK INTERNATIONAL AIRPORT, NY US","2000-06-15","65","73","57",
"USW00094789","JFK INTERNATIONAL AIRPORT, NY US","2000-06-16","72","78","66",
"USW00094789","JFK INTERNATIONAL AIRPORT, NY US","2000-06-17","79","89","68",
"USW00094789","JFK INTERNATIONAL AIRPORT, NY US","2000-06-18","70","74","66",
"USW00094789","JFK INTERNATIONAL AIRPORT, NY US","2000-06-19","69","73","64",
"USW00094789","JFK INTERNATIONAL AIRPORT, NY US","2000-06-20","72","83","61",
"USW00094789","JFK INTERNATIONAL AIRPORT, NY US","2000-06-21","71","76","65",
"USW00094789","JFK INTERNATIONAL AIRPORT, NY US","2000-06-22",,"82","70",
"USW00094789","JFK INTERNATIONAL AIRPORT, NY US","2000-06-23","76","84","67",
"USW00094789","JFK INTERNATIONAL AIRPORT, NY US","2000-06-24","73","81","65",
"USW00094789","JFK INTERNATIONAL AIRPORT, NY US","2000-06-25","74","79","68",
"USW00094789","JFK INTERNATIONAL AIRPORT, NY US","2000-06-26","75","82","68",
"USW00094789","JFK INTERNATIONAL AIRPORT, NY US","2000-06-27","79","88","70",
"USW00094789","JFK INTERNATIONAL AIRPORT, NY US","2000-06-28","73","78","67",
"USW00094789","JFK INTERNATIONAL AIRPORT, NY US","2000-06-29","69","72","65",
"USW00094789","JFK INTERNATIONAL AIRPORT, NY US","2000-06-30","73","81","64",
"USW00094789","JFK INTERNATIONAL AIRPORT, NY US","2000-07-01","72","80","63",
"USW00094789","JFK INTERNATIONAL AIRPORT, NY US","2000-07-02","76","86","65",
"USW00094789","JFK INTERNATIONAL AIRPORT, NY US","2000-07-03","75","81","68",
"USW00094789","JFK INTERNATIONAL AIRPORT, NY US","2000-07-04","75","81","69",
"USW00094789","JFK INTERNATIONAL AIRPORT, NY US","2000-07-05","80","89","71",
"USW00094789","JFK INTERNATIONAL AIRPORT, NY US","2000-07-06","71","79","63",
"USW00094789","JFK INTERNATIONAL AIRPORT, NY US","2000-07-07","72","81","63",
"USW00094789","JFK INTERNATIONAL AIRPORT, NY US","2000-07-08","70","80","60",
"USW00094789","JFK INTERNATIONAL AIRPORT, NY US","2000-07-09","72","79","64",
"USW00094789","JFK INTERNATIONAL AIRPORT, NY US","2000-07-10","82","93","70",
"USW00094789","JFK INTERNATIONAL AIRPORT, NY US","2000-07-11","76","83","68",
"USW00094789","JFK INTERNATIONAL AIRPORT, NY US","2000-07-12","74","82","65",
"USW00094789","JFK INTERNATIONAL AIRPORT, NY US","2000-07-13","74","83","65",
"USW00094789","JFK INTERNATIONAL AIRPORT, NY US","2000-07-14","73","80","66",
"USW00094789","JFK INTERNATIONAL AIRPORT, NY US","2000-07-15","69","71","66",
"USW00094789","JFK INTERNATIONAL AIRPORT, NY US","2000-07-16","72","78","65",
"USW00094789","JFK INTERNATIONAL AIRPORT, NY US","2000-07-17","73","79","66",
"USW00094789","JFK INTERNATIONAL AIRPORT, NY US","2000-07-18","80","91","69",
"USW00094789","JFK INTERNATIONAL AIRPORT, NY US","2000-07-19","67","72","62",
"USW00094789","JFK INTERNATIONAL AIRPORT, NY US","2000-07-20","70","77","62",
"USW00094789","JFK INTERNATIONAL AIRPORT, NY US","2000-07-21","71","79","62",
"USW00094789","JFK INTERNATIONAL AIRPORT, NY US","2000-07-22","75","84","66",
"USW00094789","JFK INTERNATIONAL AIRPORT, NY US","2000-07-23","71","78","64",
"USW00094789","JFK INTERNATIONAL AIRPORT, NY US","2000-07-24","72","78","66",
"USW00094789","JFK INTERNATIONAL AIRPORT, NY US","2000-07-25","70","74","65",
"USW00094789","JFK INTERNATIONAL AIRPORT, NY US","2000-07-26","67","70","64",
"USW00094789","JFK INTERNATIONAL AIRPORT, NY US","2000-07-27","68","71","65",
"USW00094789","JFK INTERNATIONAL AIRPORT, NY US","2000-07-28","70","75","64",
"USW00094789","JFK INTERNATIONAL AIRPORT, NY US","2000-07-29","69","73","65",
"USW00094789","JFK INTERNATIONAL AIRPORT, NY US","2000-07-30","73","78","67",
"USW00094789","JFK INTERNATIONAL AIRPORT, NY US","2000-07-31","74","80","67",
"USW00094789","JFK INTERNATIONAL AIRPORT, NY US","2000-08-01","71","76","66",
"USW00094789","JFK INTERNATIONAL AIRPORT, NY US","2000-08-02","76","82","70",
"USW00094789","JFK INTERNATIONAL AIRPORT, NY US","2000-08-03","76","81","71",
"USW00094789","JFK INTERNATIONAL AIRPORT, NY US","2000-08-04","76","80","71",
"USW00094789","JFK INTERNATIONAL AIRPORT, NY US","2000-08-05","73","81","65",
"USW00094789","JFK INTERNATIONAL AIRPORT, NY US","2000-08-06","71","77","64",
"USW00094789","JFK INTERNATIONAL AIRPORT, NY US","2000-08-07","82","91","73",
"USW00094789","JFK INTERNATIONAL AIRPORT, NY US","2000-08-08","83","90","75",
"USW00094789","JFK INTERNATIONAL AIRPORT, NY US","2000-08-09","81","87","75",
"USW00094789","JFK INTERNATIONAL AIRPORT, NY US","2000-08-10","80","86","73",
"USW00094789","JFK INTERNATIONAL AIRPORT, NY US","2000-08-11","75","82","68",
"USW00094789","JFK INTERNATIONAL AIRPORT, NY US","2000-08-12","70","73","66",
"USW00094789","JFK INTERNATIONAL AIRPORT, NY US","2000-08-13","68","71","64",
"USW00094789","JFK INTERNATIONAL AIRPORT, NY US","2000-08-14","66","68","64",
"USW00094789","JFK INTERNATIONAL AIRPORT, NY US","2000-08-15","73","81","65",
"USW00094789","JFK INTERNATIONAL AIRPORT, NY US","2000-08-16","78","86","70",
"USW00094789","JFK INTERNATIONAL AIRPORT, NY US","2000-08-17","71","77","64",
"USW00094789","JFK INTERNATIONAL AIRPORT, NY US","2000-08-18","70","70","63",
"USW00094789","JFK INTERNATIONAL AIRPORT, NY US","2000-08-19","69","77","61",
"USW00094789","JFK INTERNATIONAL AIRPORT, NY US","2000-08-20","68","74","61",
"USW00094789","JFK INTERNATIONAL AIRPORT, NY US","2000-08-21","67","76","57",
"USW00094789","JFK INTERNATIONAL AIRPORT, NY US","2000-08-22","69","76","61",
"USW00094789","JFK INTERNATIONAL AIRPORT, NY US","2000-08-23","69","74","64",
"USW00094789","JFK INTERNATIONAL AIRPORT, NY US","2000-08-24","74","82","66",
"USW00094789","JFK INTERNATIONAL AIRPORT, NY US","2000-08-25","74","81","66",
"USW00094789","JFK INTERNATIONAL AIRPORT, NY US","2000-08-26","72","81","63",
"USW00094789","JFK INTERNATIONAL AIRPORT, NY US","2000-08-27","72","79","65",
"USW00094789","JFK INTERNATIONAL AIRPORT, NY US","2000-08-28","75","80","70",
"USW00094789","JFK INTERNATIONAL AIRPORT, NY US","2000-08-29","73","77","68",
"USW00094789","JFK INTERNATIONAL AIRPORT, NY US","2000-08-30","74","81","67",
"USW00094789","JFK INTERNATIONAL AIRPORT, NY US","2000-08-31","77","83","71",
"USW00094789","JFK INTERNATIONAL AIRPORT, NY US","2000-09-01","78","82","73",
"USW00094789","JFK INTERNATIONAL AIRPORT, NY US","2000-09-02","78","82","73",
"USW00094789","JFK INTERNATIONAL AIRPORT, NY US","2000-09-03","79","84","73",
"USW00094789","JFK INTERNATIONAL AIRPORT, NY US","2000-09-04","73","85","61",
"USW00094789","JFK INTERNATIONAL AIRPORT, NY US","2000-09-05","62","69","54",
"USW00094789","JFK INTERNATIONAL AIRPORT, NY US","2000-09-06","61","69","53",
"USW00094789","JFK INTERNATIONAL AIRPORT, NY US","2000-09-07","61","69","52",
"USW00094789","JFK INTERNATIONAL AIRPORT, NY US","2000-09-08","68","77","59",
"USW00094789","JFK INTERNATIONAL AIRPORT, NY US","2000-09-09","73","81","65",
"USW00094789","JFK INTERNATIONAL AIRPORT, NY US","2000-09-10","74","80","67",
"USW00094789","JFK INTERNATIONAL AIRPORT, NY US","2000-09-11","71","76","65",
"USW00094789","JFK INTERNATIONAL AIRPORT, NY US","2000-09-12","75","80","69",
"USW00094789","JFK INTERNATIONAL AIRPORT, NY US","2000-09-13","74","81","66",
"USW00094789","JFK INTERNATIONAL AIRPORT, NY US","2000-09-14","69","76","61",
"USW00094789","JFK INTERNATIONAL AIRPORT, NY US","2000-09-15","68","75","60",
"USW00094789","JFK INTERNATIONAL AIRPORT, NY US","2000-09-16","63","69","56",
"USW00094789","JFK INTERNATIONAL AIRPORT, NY US","2000-09-17","62","70","53",
"USW00094789","JFK INTERNATIONAL AIRPORT, NY US","2000-09-18","65","74","56",
"USW00094789","JFK INTERNATIONAL AIRPORT, NY US","2000-09-19","67","72","62",
"USW00094789","JFK INTERNATIONAL AIRPORT, NY US","2000-09-20","74","82","65",
"USW00094789","JFK INTERNATIONAL AIRPORT, NY US","2000-09-21","70","77","63",
"USW00094789","JFK INTERNATIONAL AIRPORT, NY US","2000-09-22","63","69","57",
"USW00094789","JFK INTERNATIONAL AIRPORT, NY US","2000-09-23","65","70","60",
"USW00094789","JFK INTERNATIONAL AIRPORT, NY US","2000-09-24","69","78","59",
"USW00094789","JFK INTERNATIONAL AIRPORT, NY US","2000-09-25","58","63","53",
"USW00094789","JFK INTERNATIONAL AIRPORT, NY US","2000-09-26","52","55","49",
"USW00094789","JFK INTERNATIONAL AIRPORT, NY US","2000-09-27","57","68","46",
"USW00094789","JFK INTERNATIONAL AIRPORT, NY US","2000-09-28","59","69","49",
"USW00094789","JFK INTERNATIONAL AIRPORT, NY US","2000-09-29","52","59","44",
"USW00094789","JFK INTERNATIONAL AIRPORT, NY US","2000-09-30","54","64","44",
"USW00094789","JFK INTERNATIONAL AIRPORT, NY US","2000-10-01","57","66","48",
"USW00094789","JFK INTERNATIONAL AIRPORT, NY US","2000-10-02","62","70","53",
"USW00094789","JFK INTERNATIONAL AIRPORT, NY US","2000-10-03","70","82","57",
"USW00094789","JFK INTERNATIONAL AIRPORT, NY US","2000-10-04","62","71","53",
"USW00094789","JFK INTERNATIONAL AIRPORT, NY US","2000-10-05","61","65","57",
"USW00094789","JFK INTERNATIONAL AIRPORT, NY US","2000-10-06","66","74","57",
"USW00094789","JFK INTERNATIONAL AIRPORT, NY US","2000-10-07","56","63","48",
"USW00094789","JFK INTERNATIONAL AIRPORT, NY US","2000-10-08","49","56","42",
"USW00094789","JFK INTERNATIONAL AIRPORT, NY US","2000-10-09","46","52","39",
"USW00094789","JFK INTERNATIONAL AIRPORT, NY US","2000-10-10","45","52","37",
"USW00094789","JFK INTERNATIONAL AIRPORT, NY US","2000-10-11","59","68","49",
"USW00094789","JFK INTERNATIONAL AIRPORT, NY US","2000-10-12","56","67","44",
"USW00094789","JFK INTERNATIONAL AIRPORT, NY US","2000-10-13","62","73","51",
"USW00094789","JFK INTERNATIONAL AIRPORT, NY US","2000-10-14","64","76","52",
"USW00094789","JFK INTERNATIONAL AIRPORT, NY US","2000-10-15","67","79","55",
"USW00094789","JFK INTERNATIONAL AIRPORT, NY US","2000-10-16","58","63","53",
"USW00094789","JFK INTERNATIONAL AIRPORT, NY US","2000-10-17","56","60","52",
"USW00094789","JFK INTERNATIONAL AIRPORT, NY US","2000-10-18","59","64","54",
"USW00094789","JFK INTERNATIONAL AIRPORT, NY US","2000-10-19","58","66","50",
"USW00094789","JFK INTERNATIONAL AIRPORT, NY US","2000-10-20","54","64","43",
"USW00094789","JFK INTERNATIONAL AIRPORT, NY US","2000-10-21","60","67","52",
"USW00094789","JFK INTERNATIONAL AIRPORT, NY US","2000-10-22","55","63","46",
"USW00094789","JFK INTERNATIONAL AIRPORT, NY US","2000-10-23","51","58","43",
"USW00094789","JFK INTERNATIONAL AIRPORT, NY US","2000-10-24","56","64","47",
"USW00094789","JFK INTERNATIONAL AIRPORT, NY US","2000-10-25","60","70","50",
"USW00094789","JFK INTERNATIONAL AIRPORT, NY US","2000-10-26","59","67","51",
"USW00094789","JFK INTERNATIONAL AIRPORT, NY US","2000-10-27","59","65","52",
"USW00094789","JFK INTERNATIONAL AIRPORT, NY US","2000-10-28","52","62","42",
"USW00094789","JFK INTERNATIONAL AIRPORT, NY US","2000-10-29","41","47","34",
"USW00094789","JFK INTERNATIONAL AIRPORT, NY US","2000-10-30","43","50","35",
"USW00094789","JFK INTERNATIONAL AIRPORT, NY US","2000-10-31","50","57","43",
"USW00094789","JFK INTERNATIONAL AIRPORT, NY US","2000-11-01","51","59","42",
"USW00094789","JFK INTERNATIONAL AIRPORT, NY US","2000-11-02","53","62","43",
"USW00094789","JFK INTERNATIONAL AIRPORT, NY US","2000-11-03","56","65","47",
"USW00094789","JFK INTERNATIONAL AIRPORT, NY US","2000-11-04","57","65","49",
"USW00094789","JFK INTERNATIONAL AIRPORT, NY US","2000-11-05","49","54","44",
"USW00094789","JFK INTERNATIONAL AIRPORT, NY US","2000-11-06","49","57","40",
"USW00094789","JFK INTERNATIONAL AIRPORT, NY US","2000-11-07","49","57","40",
"USW00094789","JFK INTERNATIONAL AIRPORT, NY US","2000-11-08","51","60","42",
"USW00094789","JFK INTERNATIONAL AIRPORT, NY US","2000-11-09","53","60","46",
"USW00094789","JFK INTERNATIONAL AIRPORT, NY US","2000-11-10","58","62","53",
"USW00094789","JFK INTERNATIONAL AIRPORT, NY US","2000-11-11","53","57","49",
"USW00094789","JFK INTERNATIONAL AIRPORT, NY US","2000-11-12","48","52","43",
"USW00094789","JFK INTERNATIONAL AIRPORT, NY US","2000-11-13","47","52","41",
"USW00094789","JFK INTERNATIONAL AIRPORT, NY US","2000-11-14","48","54","41",
"USW00094789","JFK INTERNATIONAL AIRPORT, NY US","2000-11-15","43","49","36",
"USW00094789","JFK INTERNATIONAL AIRPORT, NY US","2000-11-16","44","49","38",
"USW00094789","JFK INTERNATIONAL AIRPORT, NY US","2000-11-17","47","54","40",
"USW00094789","JFK INTERNATIONAL AIRPORT, NY US","2000-11-18","42","47","36",
"USW00094789","JFK INTERNATIONAL AIRPORT, NY US","2000-11-19","37","41","33",
"USW00094789","JFK INTERNATIONAL AIRPORT, NY US","2000-11-20","38","44","31",
"USW00094789","JFK INTERNATIONAL AIRPORT, NY US","2000-11-21","37","42","31",
"USW00094789","JFK INTERNATIONAL AIRPORT, NY US","2000-11-22","33","37","28",
"USW00094789","JFK INTERNATIONAL AIRPORT, NY US","2000-11-23","31","37","25",
"USW00094789","JFK INTERNATIONAL AIRPORT, NY US","2000-11-24","29","37","21",
"USW00094789","JFK INTERNATIONAL AIRPORT, NY US","2000-11-25","33","42","24",
"USW00094789","JFK INTERNATIONAL AIRPORT, NY US","2000-11-26","49","56","42",
"USW00094789","JFK INTERNATIONAL AIRPORT, NY US","2000-11-27","48","52","43",
"USW00094789","JFK INTERNATIONAL AIRPORT, NY US","2000-11-28","45","50","39",
"USW00094789","JFK INTERNATIONAL AIRPORT, NY US","2000-11-29","44","49","38",
"USW00094789","JFK INTERNATIONAL AIRPORT, NY US","2000-11-30","41","45","37",
"USW00094789","JFK INTERNATIONAL AIRPORT, NY US","2000-12-01","37","41","33",
"USW00094789","JFK INTERNATIONAL AIRPORT, NY US","2000-12-02","31","36","26",
"USW00094789","JFK INTERNATIONAL AIRPORT, NY US","2000-12-03","29","35","22",
"USW00094789","JFK INTERNATIONAL AIRPORT, NY US","2000-12-04","35","45","25",
"USW00094789","JFK INTERNATIONAL AIRPORT, NY US","2000-12-05","38","45","30",
"USW00094789","JFK INTERNATIONAL AIRPORT, NY US","2000-12-06","29","32","26",
"USW00094789","JFK INTERNATIONAL AIRPORT, NY US","2000-12-07","32","36","28",
"USW00094789","JFK INTERNATIONAL AIRPORT, NY US","2000-12-08","29","32","25",
"USW00094789","JFK INTERNATIONAL AIRPORT, NY US","2000-12-09","30","36","24",
"USW00094789","JFK INTERNATIONAL AIRPORT, NY US","2000-12-10","38","52","23",
"USW00094789","JFK INTERNATIONAL AIRPORT, NY US","2000-12-11","42","47","37",
"USW00094789","JFK INTERNATIONAL AIRPORT, NY US","2000-12-12","40","53","26",
"USW00094789","JFK INTERNATIONAL AIRPORT, NY US","2000-12-13","26","31","21",
"USW00094789","JFK INTERNATIONAL AIRPORT, NY US","2000-12-14","40","49","30",
"USW00094789","JFK INTERNATIONAL AIRPORT, NY US","2000-12-15","36","39","32",
"USW00094789","JFK INTERNATIONAL AIRPORT, NY US","2000-12-16","44","53","35",
"USW00094789","JFK INTERNATIONAL AIRPORT, NY US","2000-12-17","45","58","32",
"USW00094789","JFK INTERNATIONAL AIRPORT, NY US","2000-12-18","31","35","27",
"USW00094789","JFK INTERNATIONAL AIRPORT, NY US","2000-12-19","34","41","27",
"USW00094789","JFK INTERNATIONAL AIRPORT, NY US","2000-12-20","32","37","26",
"USW00094789","JFK INTERNATIONAL AIRPORT, NY US","2000-12-21","28","33","23",
"USW00094789","JFK INTERNATIONAL AIRPORT, NY US","2000-12-22","25","33","17",
"USW00094789","JFK INTERNATIONAL AIRPORT, NY US","2000-12-23","22","30","14",
"USW00094789","JFK INTERNATIONAL AIRPORT, NY US","2000-12-24","27","32","22",
"USW00094789","JFK INTERNATIONAL AIRPORT, NY US","2000-12-25","21","27","15",
"USW00094789","JFK INTERNATIONAL AIRPORT, NY US","2000-12-26","23","31","15",
"USW00094789","JFK INTERNATIONAL AIRPORT, NY US","2000-12-27","27","33","21",
"USW00094789","JFK INTERNATIONAL AIRPORT, NY US","2000-12-28","24","28","19",
"USW00094789","JFK INTERNATIONAL AIRPORT, NY US","2000-12-29","25","32","17",
"USW00094789","JFK INTERNATIONAL AIRPORT, NY US","2000-12-30","28","31","25",
"USW00094789","JFK INTERNATIONAL AIRPORT, NY US","2000-12-31","27","30","24",
"USW00094789","JFK INTERNATIONAL AIRPORT, NY US","2001-01-01","27","31","22",
"USW00094789","JFK INTERNATIONAL AIRPORT, NY US","2001-01-02","21","26","15",
"USW00094789","JFK INTERNATIONAL AIRPORT, NY US","2001-01-03","24","30","18",
"USW00094789","JFK INTERNATIONAL AIRPORT, NY US","2001-01-04","28","33","23",
"USW00094789","JFK INTERNATIONAL AIRPORT, NY US","2001-01-05","26","33","18",
"USW00094789","JFK INTERNATIONAL AIRPORT, NY US","2001-01-06","33","39","26",
"USW00094789","JFK INTERNATIONAL AIRPORT, NY US","2001-01-07","33","41","24",
"USW00094789","JFK INTERNATIONAL AIRPORT, NY US","2001-01-08","35","41","28",
"USW00094789","JFK INTERNATIONAL AIRPORT, NY US","2001-01-09","30","34","25",
"USW00094789","JFK INTERNATIONAL AIRPORT, NY US","2001-01-10","28","33","22",
"USW00094789","JFK INTERNATIONAL AIRPORT, NY US","2001-01-11","36","45","26",
"USW00094789","JFK INTERNATIONAL AIRPORT, NY US","2001-01-12","34","42","26",
"USW00094789","JFK INTERNATIONAL AIRPORT, NY US","2001-01-13","31","36","25",
"USW00094789","JFK INTERNATIONAL AIRPORT, NY US","2001-01-14","33","39","26","    0"
"USW00094789","JFK INTERNATIONAL AIRPORT, NY US","2001-01-15","36","37","34",
"USW00094789","JFK INTERNATIONAL AIRPORT, NY US","2001-01-16","40","45","34",
"USW00094789","JFK INTERNATIONAL AIRPORT, NY US","2001-01-17","39","43","34",
"USW00094789","JFK INTERNATIONAL AIRPORT, NY US","2001-01-18","33","36","30",
"USW00094789","JFK INTERNATIONAL AIRPORT, NY US","2001-01-19","38","41","35",
"USW00094789","JFK INTERNATIONAL AIRPORT, NY US","2001-01-20","34","37","30",
"USW00094789","JFK INTERNATIONAL AIRPORT, NY US","2001-01-21","28","32","23",
"USW00094789","JFK INTERNATIONAL AIRPORT, NY US","2001-01-22","27","32","22",
"USW00094789","JFK INTERNATIONAL AIRPORT, NY US","2001-01-23","27","35","19",
"USW00094789","JFK INTERNATIONAL AIRPORT, NY US","2001-01-24","33","42","23",
"USW00094789","JFK INTERNATIONAL AIRPORT, NY US","2001-01-25","32","38","25",
"USW00094789","JFK INTERNATIONAL AIRPORT, NY US","2001-01-26","27","33","21",
"USW00094789","JFK INTERNATIONAL AIRPORT, NY US","2001-01-27","35","40","29",
"USW00094789","JFK INTERNATIONAL AIRPORT, NY US","2001-01-28","33","37","29",
"USW00094789","JFK INTERNATIONAL AIRPORT, NY US","2001-01-29","31","36","26",
"USW00094789","JFK INTERNATIONAL AIRPORT, NY US","2001-01-30","43","51","34",
"USW00094789","JFK INTERNATIONAL AIRPORT, NY US","2001-01-31","41","50","32",
"USW00094789","JFK INTERNATIONAL AIRPORT, NY US","2001-02-01","43","50","35",
"USW00094789","JFK INTERNATIONAL AIRPORT, NY US","2001-02-02","37","45","28",
"USW00094789","JFK INTERNATIONAL AIRPORT, NY US","2001-02-03","30","34","25",
"USW00094789","JFK INTERNATIONAL AIRPORT, NY US","2001-02-04","29","37","21",
"USW00094789","JFK INTERNATIONAL AIRPORT, NY US","2001-02-05","35","40","30",
"USW00094789","JFK INTERNATIONAL AIRPORT, NY US","2001-02-06","40","45","35",
"USW00094789","JFK INTERNATIONAL AIRPORT, NY US","2001-02-07","40","45","34",
"USW00094789","JFK INTERNATIONAL AIRPORT, NY US","2001-02-08","35","39","31",
"USW00094789","JFK INTERNATIONAL AIRPORT, NY US","2001-02-09","43","47","38",
"USW00094789","JFK INTERNATIONAL AIRPORT, NY US","2001-02-10","42","56","28",
"USW00094789","JFK INTERNATIONAL AIRPORT, NY US","2001-02-11","27","32","21",
"USW00094789","JFK INTERNATIONAL AIRPORT, NY US","2001-02-12","26","35","16",
"USW00094789","JFK INTERNATIONAL AIRPORT, NY US","2001-02-13","41","49","32",
"USW00094789","JFK INTERNATIONAL AIRPORT, NY US","2001-02-14","37","44","30",
"USW00094789","JFK INTERNATIONAL AIRPORT, NY US","2001-02-15","42","47","36",
"USW00094789","JFK INTERNATIONAL AIRPORT, NY US","2001-02-16","37","42","31",
"USW00094789","JFK INTERNATIONAL AIRPORT, NY US","2001-02-17","30","39","21",
"USW00094789","JFK INTERNATIONAL AIRPORT, NY US","2001-02-18","26","32","19",
"USW00094789","JFK INTERNATIONAL AIRPORT, NY US","2001-02-19","33","40","25",
"USW00094789","JFK INTERNATIONAL AIRPORT, NY US","2001-02-20","44","51","37",
"USW00094789","JFK INTERNATIONAL AIRPORT, NY US","2001-02-21","35","49","20",
"USW00094789","JFK INTERNATIONAL AIRPORT, NY US","2001-02-22","21","24","17",
"USW00094789","JFK INTERNATIONAL AIRPORT, NY US","2001-02-23","30","38","22",
"USW00094789","JFK INTERNATIONAL AIRPORT, NY US","2001-02-24","30","34","25",
"USW00094789","JFK INTERNATIONAL AIRPORT, NY US","2001-02-25","41","48","33",
"USW00094789","JFK INTERNATIONAL AIRPORT, NY US","2001-02-26","43","51","35",
"USW00094789","JFK INTERNATIONAL AIRPORT, NY US","2001-02-27","41","50","32",
"USW00094789","JFK INTERNATIONAL AIRPORT, NY US","2001-02-28","33","38","27",
"USW00094789","JFK INTERNATIONAL AIRPORT, NY US","2001-03-01","31","38","24",
"USW00094789","JFK INTERNATIONAL AIRPORT, NY US","2001-03-02","37","43","31",
"USW00094789","JFK INTERNATIONAL AIRPORT, NY US","2001-03-03","42","47","37",
"USW00094789","JFK INTERNATIONAL AIRPORT, NY US","2001-03-04","33","37","29",
"USW00094789","JFK INTERNATIONAL AIRPORT, NY US","2001-03-05","32","33","30",
"USW00094789","JFK INTERNATIONAL AIRPORT, NY US","2001-03-06","30","34","26",
"USW00094789","JFK INTERNATIONAL AIRPORT, NY US","2001-03-07","36","42","29",
"USW00094789","JFK INTERNATIONAL AIRPORT, NY US","2001-03-08","33","40","25",
"USW00094789","JFK INTERNATIONAL AIRPORT, NY US","2001-03-09","38","44","32",
"USW00094789","JFK INTERNATIONAL AIRPORT, NY US","2001-03-10","40","47","33",
"USW00094789","JFK INTERNATIONAL AIRPORT, NY US","2001-03-11","42","54","29",
"USW00094789","JFK INTERNATIONAL AIRPORT, NY US","2001-03-12","38","46","30",
"USW00094789","JFK INTERNATIONAL AIRPORT, NY US","2001-03-13","43","47","38",
"USW00094789","JFK INTERNATIONAL AIRPORT, NY US","2001-03-14","44","50","38",
"USW00094789","JFK INTERNATIONAL AIRPORT, NY US","2001-03-15","43","51","34",
"USW00094789","JFK INTERNATIONAL AIRPORT, NY US","2001-03-16","46","54","37",
"USW00094789","JFK INTERNATIONAL AIRPORT, NY US","2001-03-17","42","46","37",
"USW00094789","JFK INTERNATIONAL AIRPORT, NY US","2001-03-18","41","47","35",
"USW00094789","JFK INTERNATIONAL AIRPORT, NY US","2001-03-19","44","53","34",
"USW00094789","JFK INTERNATIONAL AIRPORT, NY US","2001-03-20","43","51","35",
"USW00094789","JFK INTERNATIONAL AIRPORT, NY US","2001-03-21","43","45","41",
"USW00094789","JFK INTERNATIONAL AIRPORT, NY US","2001-03-22","41","44","38",
"USW00094789","JFK INTERNATIONAL AIRPORT, NY US","2001-03-23","49","58","39",
"USW00094789","JFK INTERNATIONAL AIRPORT, NY US","2001-03-24","43","51","34",
"USW00094789","JFK INTERNATIONAL AIRPORT, NY US","2001-03-25","37","44","30",
"USW00094789","JFK INTERNATIONAL AIRPORT, NY US","2001-03-26","34","41","27",
"USW00094789","JFK INTERNATIONAL AIRPORT, NY US","2001-03-27","33","42","24",
"USW00094789","JFK INTERNATIONAL AIRPORT, NY US","2001-03-28","38","46","30",
"USW00094789","JFK INTERNATIONAL AIRPORT, NY US","2001-03-29","38","44","32",
"USW00094789","JFK INTERNATIONAL AIRPORT, NY US","2001-03-30","42","44","39",
"USW00094789","JFK INTERNATIONAL AIRPORT, NY US","2001-03-31","42","46","38",
"USW00094789","JFK INTERNATIONAL AIRPORT, NY US","2001-04-01","41","43","38",
"USW00094789","JFK INTERNATIONAL AIRPORT, NY US","2001-04-02","43","49","36",
"USW00094789","JFK INTERNATIONAL AIRPORT, NY US","2001-04-03","44","52","36",
"USW00094789","JFK INTERNATIONAL AIRPORT, NY US","2001-04-04","46","54","37",
"USW00094789","JFK INTERNATIONAL AIRPORT, NY US","2001-04-05","48","58","37",
"USW00094789","JFK INTERNATIONAL AIRPORT, NY US","2001-04-06","47","51","42",
"USW00094789","JFK INTERNATIONAL AIRPORT, NY US","2001-04-07","47","51","42",
"USW00094789","JFK INTERNATIONAL AIRPORT, NY US","2001-04-08","44","47","41",
"USW00094789","JFK INTERNATIONAL AIRPORT, NY US","2001-04-09","54","63","44",
"USW00094789","JFK INTERNATIONAL AIRPORT, NY US","2001-04-10","54","61","46",
"USW00094789","JFK INTERNATIONAL AIRPORT, NY US","2001-04-11","49","52","45",
"USW00094789","JFK INTERNATIONAL AIRPORT, NY US","2001-04-12","53","58","48",
"USW00094789","JFK INTERNATIONAL AIRPORT, NY US","2001-04-13","61","74","47",
"USW00094789","JFK INTERNATIONAL AIRPORT, NY US","2001-04-14","57","67","46",
"USW00094789","JFK INTERNATIONAL AIRPORT, NY US","2001-04-15","53","61","44",
"USW00094789","JFK INTERNATIONAL AIRPORT, NY US","2001-04-16","51","55","47",
"USW00094789","JFK INTERNATIONAL AIRPORT, NY US","2001-04-17","47","50","44",
"USW00094789","JFK INTERNATIONAL AIRPORT, NY US","2001-04-18","46","55","37",
"USW00094789","JFK INTERNATIONAL AIRPORT, NY US","2001-04-19","43","52","34",
"USW00094789","JFK INTERNATIONAL AIRPORT, NY US","2001-04-20","47","54","39",
"USW00094789","JFK INTERNATIONAL AIRPORT, NY US","2001-04-21","56","61","50",
"USW00094789","JFK INTERNATIONAL AIRPORT, NY US","2001-04-22","66","82","50",
"USW00094789","JFK INTERNATIONAL AIRPORT, NY US","2001-04-23","65","76","54",
"USW00094789","JFK INTERNATIONAL AIRPORT, NY US","2001-04-24","66","78","53",
"USW00094789","JFK INTERNATIONAL AIRPORT, NY US","2001-04-25","50","55","45",
"USW00094789","JFK INTERNATIONAL AIRPORT, NY US","2001-04-26","53","62","43",
"USW00094789","JFK INTERNATIONAL AIRPORT, NY US","2001-04-27","53","63","43",
"USW00094789","JFK INTERNATIONAL AIRPORT, NY US","2001-04-28","57","64","50",
"USW00094789","JFK INTERNATIONAL AIRPORT, NY US","2001-04-29","52","59","44",
"USW00094789","JFK INTERNATIONAL AIRPORT, NY US","2001-04-30","58","70","45",
"USW00094789","JFK INTERNATIONAL AIRPORT, NY US","2001-05-01","67","81","53",
"USW00094789","JFK INTERNATIONAL AIRPORT, NY US","2001-05-02","68","79","56",
"USW00094789","JFK INTERNATIONAL AIRPORT, NY US","2001-05-03","72","85","59",
"USW00094789","JFK INTERNATIONAL AIRPORT, NY US","2001-05-04","75","87","62",
"USW00094789","JFK INTERNATIONAL AIRPORT, NY US","2001-05-05","64","75","52",
"USW00094789","JFK INTERNATIONAL AIRPORT, NY US","2001-05-06","54","62","45",
"USW00094789","JFK INTERNATIONAL AIRPORT, NY US","2001-05-07","49","57","41",
"USW00094789","JFK INTERNATIONAL AIRPORT, NY US","2001-05-08","53","62","43",
"USW00094789","JFK INTERNATIONAL AIRPORT, NY US","2001-05-09","58","66","49",
"USW00094789","JFK INTERNATIONAL AIRPORT, NY US","2001-05-10","69","83","54",
"USW00094789","JFK INTERNATIONAL AIRPORT, NY US","2001-05-11","70","81","58",
"USW00094789","JFK INTERNATIONAL AIRPORT, NY US","2001-05-12","71","83","59",
"USW00094789","JFK INTERNATIONAL AIRPORT, NY US","2001-05-13","61","69","53",
"USW00094789","JFK INTERNATIONAL AIRPORT, NY US","2001-05-14","62","72","51",
"USW00094789","JFK INTERNATIONAL AIRPORT, NY US","2001-05-15","62","73","51",
"USW00094789","JFK INTERNATIONAL AIRPORT, NY US","2001-05-16","56","61","51",
"USW00094789","JFK INTERNATIONAL AIRPORT, NY US","2001-05-17","57","61","52",
"USW00094789","JFK INTERNATIONAL AIRPORT, NY US","2001-05-18","56","58","54",
"USW00094789","JFK INTERNATIONAL AIRPORT, NY US","2001-05-19","65","74","56",
"USW00094789","JFK INTERNATIONAL AIRPORT, NY US","2001-05-20","56","59","52",
"USW00094789","JFK INTERNATIONAL AIRPORT, NY US","2001-05-21","56","60","51",
"USW00094789","JFK INTERNATIONAL AIRPORT, NY US","2001-05-22","60","63","56",
"USW00094789","JFK INTERNATIONAL AIRPORT, NY US","2001-05-23","59","61","56",
"USW00094789","JFK INTERNATIONAL AIRPORT, NY US","2001-05-24","61","65","56",
"USW00094789","JFK INTERNATIONAL AIRPORT, NY US","2001-05-25","56","58","54",
"USW00094789","JFK INTERNATIONAL AIRPORT, NY US","2001-05-26","60","65","55",
"USW00094789","JFK INTERNATIONAL AIRPORT, NY US","2001-05-27","62","66","57",
"USW00094789","JFK INTERNATIONAL AIRPORT, NY US","2001-05-28","65","73","56",
"USW00094789","JFK INTERNATIONAL AIRPORT, NY US","2001-05-29","64","71","56",
"USW00094789","JFK INTERNATIONAL AIRPORT, NY US","2001-05-30","60","66","54",
"USW00094789","JFK INTERNATIONAL AIRPORT, NY US","2001-05-31","61","70","51",
"USW00094789","JFK INTERNATIONAL AIRPORT, NY US","2001-06-01","57","65","49",
"USW00094789","JFK INTERNATIONAL AIRPORT, NY US","2001-06-02","61","70","60",
"USW00094789","JFK INTERNATIONAL AIRPORT, NY US","2001-06-03","67","75","59",
"USW00094789","JFK INTERNATIONAL AIRPORT, NY US","2001-06-04","66","75","57",
"USW00094789","JFK INTERNATIONAL AIRPORT, NY US","2001-06-05","67","77","57",
"USW00094789","JFK INTERNATIONAL AIRPORT, NY US","2001-06-06","73","79","66",
"USW00094789","JFK INTERNATIONAL AIRPORT, NY US","2001-06-07","68","76","60",
"USW00094789","JFK INTERNATIONAL AIRPORT, NY US","2001-06-08","71","81","61",
"USW00094789","JFK INTERNATIONAL AIRPORT, NY US","2001-06-09","71","81","61",
"USW00094789","JFK INTERNATIONAL AIRPORT, NY US","2001-06-10","73","83","63",
"USW00094789","JFK INTERNATIONAL AIRPORT, NY US","2001-06-11","70","77","62",
"USW00094789","JFK INTERNATIONAL AIRPORT, NY US","2001-06-12","71","77","64",
"USW00094789","JFK INTERNATIONAL AIRPORT, NY US","2001-06-13","74","80","67",
"USW00094789","JFK INTERNATIONAL AIRPORT, NY US","2001-06-14","72","78","66",
"USW00094789","JFK INTERNATIONAL AIRPORT, NY US","2001-06-15","74","80","68",
"USW00094789","JFK INTERNATIONAL AIRPORT, NY US","2001-06-16","76","82","69",
"USW00094789","JFK INTERNATIONAL AIRPORT, NY US","2001-06-17","72","77","66",
"USW00094789","JFK INTERNATIONAL AIRPORT, NY US","2001-06-18","75","83","66",
"USW00094789","JFK INTERNATIONAL AIRPORT, NY US","2001-06-19","73","80","65",
"USW00094789","JFK INTERNATIONAL AIRPORT, NY US","2001-06-20","74","82","66",
"USW00094789","JFK INTERNATIONAL AIRPORT, NY US","2001-06-21","72","76","67",
"USW00094789","JFK INTERNATIONAL AIRPORT, NY US","2001-06-22","73","79","66",
"USW00094789","JFK INTERNATIONAL AIRPORT, NY US","2001-06-23","74","79","69",
"USW00094789","JFK INTERNATIONAL AIRPORT, NY US","2001-06-24","73","79","67",
"USW00094789","JFK INTERNATIONAL AIRPORT, NY US","2001-06-25","75","84","65",
"USW00094789","JFK INTERNATIONAL AIRPORT, NY US","2001-06-26","78","88","68",
"USW00094789","JFK INTERNATIONAL AIRPORT, NY US","2001-06-27","82","93","70",
"USW00094789","JFK INTERNATIONAL AIRPORT, NY US","2001-06-28","85","93","77",
"USW00094789","JFK INTERNATIONAL AIRPORT, NY US","2001-06-29","77","80","73",
"USW00094789","JFK INTERNATIONAL AIRPORT, NY US","2001-06-30","82","91","73",
"USW00094789","JFK INTERNATIONAL AIRPORT, NY US","2001-07-01","77","89","65",
"USW00094789","JFK INTERNATIONAL AIRPORT, NY US","2001-07-02","66","75","56",
"USW00094789","JFK INTERNATIONAL AIRPORT, NY US","2001-07-03","66","75","56",
"USW00094789","JFK INTERNATIONAL AIRPORT, NY US","2001-07-04","71","75","66",
"USW00094789","JFK INTERNATIONAL AIRPORT, NY US","2001-07-05","74","80","67",
"USW00094789","JFK INTERNATIONAL AIRPORT, NY US","2001-07-06","69","75","63",
"USW00094789","JFK INTERNATIONAL AIRPORT, NY US","2001-07-07","69","76","61",
"USW00094789","JFK INTERNATIONAL AIRPORT, NY US","2001-07-08","70","75","64",
"USW00094789","JFK INTERNATIONAL AIRPORT, NY US","2001-07-09","74","80","68",
"USW00094789","JFK INTERNATIONAL AIRPORT, NY US","2001-07-10","79","87","70",
"USW00094789","JFK INTERNATIONAL AIRPORT, NY US","2001-07-11","76","84","67",
"USW00094789","JFK INTERNATIONAL AIRPORT, NY US","2001-07-12","73","79","66",
"USW00094789","JFK INTERNATIONAL AIRPORT, NY US","2001-07-13","71","79","63",
"USW00094789","JFK INTERNATIONAL AIRPORT, NY US","2001-07-14","73","81","64",
"USW00094789","JFK INTERNATIONAL AIRPORT, NY US","2001-07-15","73","83","63",
"USW00094789","JFK INTERNATIONAL AIRPORT, NY US","2001-07-16","73","81","64",
"USW00094789","JFK INTERNATIONAL AIRPORT, NY US","2001-07-17","77","85","68",
"USW00094789","JFK INTERNATIONAL AIRPORT, NY US","2001-07-18","73","79","67",
"USW00094789","JFK INTERNATIONAL AIRPORT, NY US","2001-07-19","72","78","65",
"USW00094789","JFK INTERNATIONAL AIRPORT, NY US","2001-07-20","71","80","62",
"USW00094789","JFK INTERNATIONAL AIRPORT, NY US","2001-07-21","73","83","62",
"USW00094789","JFK INTERNATIONAL AIRPORT, NY US","2001-07-22","72","79","64",
"USW00094789","JFK INTERNATIONAL AIRPORT, NY US","2001-07-23","75","82","67",
"USW00094789","JFK INTERNATIONAL AIRPORT, NY US","2001-07-24","78","85","71",
"USW00094789","JFK INTERNATIONAL AIRPORT, NY US","2001-07-25","84","91","77",
"USW00094789","JFK INTERNATIONAL AIRPORT, NY US","2001-07-26","72","81","63",
"USW00094789","JFK INTERNATIONAL AIRPORT, NY US","2001-07-27","69","78","59",
"USW00094789","JFK INTERNATIONAL AIRPORT, NY US","2001-07-28","69","77","61",
"USW00094789","JFK INTERNATIONAL AIRPORT, NY US","2001-07-29","71","76","65",
"USW00094789","JFK INTERNATIONAL AIRPORT, NY US","2001-07-30","70","78","62",
"USW00094789","JFK INTERNATIONAL AIRPORT, NY US","2001-07-31","70","81","59",
"USW00094789","JFK INTERNATIONAL AIRPORT, NY US","2001-08-01","78","88","67",
"USW00094789","JFK INTERNATIONAL AIRPORT, NY US","2001-08-02","80","88","71",
"USW00094789","JFK INTERNATIONAL AIRPORT, NY US","2001-08-03","77","83","71",
"USW00094789","JFK INTERNATIONAL AIRPORT, NY US","2001-08-04","75","79","70",
"USW00094789","JFK INTERNATIONAL AIRPORT, NY US","2001-08-05","76","83","68",
"USW00094789","JFK INTERNATIONAL AIRPORT, NY US","2001-08-06","79","87","71",
"USW00094789","JFK INTERNATIONAL AIRPORT, NY US","2001-08-07","86","96","75",
"USW00094789","JFK INTERNATIONAL AIRPORT, NY US","2001-08-08","90","99","80",
"USW00094789","JFK INTERNATIONAL AIRPORT, NY US","2001-08-09","87","98","76",
"USW00094789","JFK INTERNATIONAL AIRPORT, NY US","2001-08-10","82","90","74",
"USW00094789","JFK INTERNATIONAL AIRPORT, NY US","2001-08-11","75","77","72",
"USW00094789","JFK INTERNATIONAL AIRPORT, NY US","2001-08-12","75","78","71",
"USW00094789","JFK INTERNATIONAL AIRPORT, NY US","2001-08-13","76","81","71",
"USW00094789","JFK INTERNATIONAL AIRPORT, NY US","2001-08-14","77","86","67",
"USW00094789","JFK INTERNATIONAL AIRPORT, NY US","2001-08-15","74","82","66",
"USW00094789","JFK INTERNATIONAL AIRPORT, NY US","2001-08-16","72","80","64",
"USW00094789","JFK INTERNATIONAL AIRPORT, NY US","2001-08-17","80","86","73",
"USW00094789","JFK INTERNATIONAL AIRPORT, NY US","2001-08-18","78","85","71",
"USW00094789","JFK INTERNATIONAL AIRPORT, NY US","2001-08-19","78","83","73",
"USW00094789","JFK INTERNATIONAL AIRPORT, NY US","2001-08-20","78","84","71",
"USW00094789","JFK INTERNATIONAL AIRPORT, NY US","2001-08-21","77","82","72",
"USW00094789","JFK INTERNATIONAL AIRPORT, NY US","2001-08-22","79","89","69",
"USW00094789","JFK INTERNATIONAL AIRPORT, NY US","2001-08-23","76","82","69",
"USW00094789","JFK INTERNATIONAL AIRPORT, NY US","2001-08-24","76","84","67",
"USW00094789","JFK INTERNATIONAL AIRPORT, NY US","2001-08-25","72","80","64",
"USW00094789","JFK INTERNATIONAL AIRPORT, NY US","2001-08-26","69","78","59",
"USW00094789","JFK INTERNATIONAL AIRPORT, NY US","2001-08-27","77","83","71",
"USW00094789","JFK INTERNATIONAL AIRPORT, NY US","2001-08-28","77","83","71",
"USW00094789","JFK INTERNATIONAL AIRPORT, NY US","2001-08-29","74","81","67",
"USW00094789","JFK INTERNATIONAL AIRPORT, NY US","2001-08-30","72","80","64",
"USW00094789","JFK INTERNATIONAL AIRPORT, NY US","2001-08-31","78","82","73",
"USW00094789","JFK INTERNATIONAL AIRPORT, NY US","2001-09-01","74","83","64",
"USW00094789","JFK INTERNATIONAL AIRPORT, NY US","2001-09-02","66","74","58",
"USW00094789","JFK INTERNATIONAL AIRPORT, NY US","2001-09-03","67","77","57",
"USW00094789","JFK INTERNATIONAL AIRPORT, NY US","2001-09-04","73","79","66",
"USW00094789","JFK INTERNATIONAL AIRPORT, NY US","2001-09-05","70","79","61",
"USW00094789","JFK INTERNATIONAL AIRPORT, NY US","2001-09-06","67","76","58",
"USW00094789","JFK INTERNATIONAL AIRPORT, NY US","2001-09-07","73","82","63",
"USW00094789","JFK INTERNATIONAL AIRPORT, NY US","2001-09-08","74","81","66",
"USW00094789","JFK INTERNATIONAL AIRPORT, NY US","2001-09-09","75","82","68",
"USW00094789","JFK INTERNATIONAL AIRPORT, NY US","2001-09-10","77","83","70",
"USW00094789","JFK INTERNATIONAL AIRPORT, NY US","2001-09-11","73","82","63",
"USW00094789","JFK INTERNATIONAL AIRPORT, NY US","2001-09-12","68","75","60",
"USW00094789","JFK INTERNATIONAL AIRPORT, NY US","2001-09-13","72","82","62",
"USW00094789","JFK INTERNATIONAL AIRPORT, NY US","2001-09-14","62","71","52",
"USW00094789","JFK INTERNATIONAL AIRPORT, NY US","2001-09-15","60","69","51",
"USW00094789","JFK INTERNATIONAL AIRPORT, NY US","2001-09-16","62","73","50",
"USW00094789","JFK INTERNATIONAL AIRPORT, NY US","2001-09-17","65","76","54",
"USW00094789","JFK INTERNATIONAL AIRPORT, NY US","2001-09-18","69","79","58",
"USW00094789","JFK INTERNATIONAL AIRPORT, NY US","2001-09-19","68","76","59",
"USW00094789","JFK INTERNATIONAL AIRPORT, NY US","2001-09-20","70","74","66",
"USW00094789","JFK INTERNATIONAL AIRPORT, NY US","2001-09-21","72","76","67",
"USW00094789","JFK INTERNATIONAL AIRPORT, NY US","2001-09-22","70","75","65",
"USW00094789","JFK INTERNATIONAL AIRPORT, NY US","2001-09-23","71","78","63",
"USW00094789","JFK INTERNATIONAL AIRPORT, NY US","2001-09-24","72","76","68",
"USW00094789","JFK INTERNATIONAL AIRPORT, NY US","2001-09-25","66","73","58",
"USW00094789","JFK INTERNATIONAL AIRPORT, NY US","2001-09-26","58","65","51",
"USW00094789","JFK INTERNATIONAL AIRPORT, NY US","2001-09-27","61","67","54",
"USW00094789","JFK INTERNATIONAL AIRPORT, NY US","2001-09-28","59","67","51",
"USW00094789","JFK INTERNATIONAL AIRPORT, NY US","2001-09-29","59","65","53",
"USW00094789","JFK INTERNATIONAL AIRPORT, NY US","2001-09-30","52","54","50",
"USW00094789","JFK INTERNATIONAL AIRPORT, NY US","2001-10-01","53","58","48",
"USW00094789","JFK INTERNATIONAL AIRPORT, NY US","2001-10-02","62","75","49",
"USW00094789","JFK INTERNATIONAL AIRPORT, NY US","2001-10-03","66","75","57",
"USW00094789","JFK INTERNATIONAL AIRPORT, NY US","2001-10-04","69","78","59",
"USW00094789","JFK INTERNATIONAL AIRPORT, NY US","2001-10-05","66","74","58",
"USW00094789","JFK INTERNATIONAL AIRPORT, NY US","2001-10-06","61","69","53",
"USW00094789","JFK INTERNATIONAL AIRPORT, NY US","2001-10-07","51","58","44",
"USW00094789","JFK INTERNATIONAL AIRPORT, NY US","2001-10-08","48","55","40",
"USW00094789","JFK INTERNATIONAL AIRPORT, NY US","2001-10-09","47","58","35",
"USW00094789","JFK INTERNATIONAL AIRPORT, NY US","2001-10-10","57","67","47",
"USW00094789","JFK INTERNATIONAL AIRPORT, NY US","2001-10-11","62","70","54",
"USW00094789","JFK INTERNATIONAL AIRPORT, NY US","2001-10-12","63","71","54",
"USW00094789","JFK INTERNATIONAL AIRPORT, NY US","2001-10-13","65","73","57",
"USW00094789","JFK INTERNATIONAL AIRPORT, NY US","2001-10-14","62","67","57",
"USW00094789","JFK INTERNATIONAL AIRPORT, NY US","2001-10-15","63","71","55",
"USW00094789","JFK INTERNATIONAL AIRPORT, NY US","2001-10-16","58","68","47",
"USW00094789","JFK INTERNATIONAL AIRPORT, NY US","2001-10-17","53","59","47",
"USW00094789","JFK INTERNATIONAL AIRPORT, NY US","2001-10-18","49","57","40",
"USW00094789","JFK INTERNATIONAL AIRPORT, NY US","2001-10-19","49","61","37",
"USW00094789","JFK INTERNATIONAL AIRPORT, NY US","2001-10-20","60","69","50",
"USW00094789","JFK INTERNATIONAL AIRPORT, NY US","2001-10-21","58","68","48",
"USW00094789","JFK INTERNATIONAL AIRPORT, NY US","2001-10-22","64","73","54",
"USW00094789","JFK INTERNATIONAL AIRPORT, NY US","2001-10-23","65","66","54",
"USW00094789","JFK INTERNATIONAL AIRPORT, NY US","2001-10-24","66","73","59",
"USW00094789","JFK INTERNATIONAL AIRPORT, NY US","2001-10-25","68","77","58",
"USW00094789","JFK INTERNATIONAL AIRPORT, NY US","2001-10-26","52","59","44",
"USW00094789","JFK INTERNATIONAL AIRPORT, NY US","2001-10-27","49","55","42",
"USW00094789","JFK INTERNATIONAL AIRPORT, NY US","2001-10-28","45","52","38",
"USW00094789","JFK INTERNATIONAL AIRPORT, NY US","2001-10-29","46","58","34",
"USW00094789","JFK INTERNATIONAL AIRPORT, NY US","2001-10-30","53","62","44",
"USW00094789","JFK INTERNATIONAL AIRPORT, NY US","2001-10-31","48","57","38",
"USW00094789","JFK INTERNATIONAL AIRPORT, NY US","2001-11-01","55","64","46",
"USW00094789","JFK INTERNATIONAL AIRPORT, NY US","2001-11-02","61","67","55",
"USW00094789","JFK INTERNATIONAL AIRPORT, NY US","2001-11-03","58","65","51",
"USW00094789","JFK INTERNATIONAL AIRPORT, NY US","2001-11-04","54","60","47",
"USW00094789","JFK INTERNATIONAL AIRPORT, NY US","2001-11-05","48","51","44",
"USW00094789","JFK INTERNATIONAL AIRPORT, NY US","2001-11-06","49","56","42",
"USW00094789","JFK INTERNATIONAL AIRPORT, NY US","2001-11-07","56","66","46",
"USW00094789","JFK INTERNATIONAL AIRPORT, NY US","2001-11-08","47","56","37",
"USW00094789","JFK INTERNATIONAL AIRPORT, NY US","2001-11-09","48","56","39",
"USW00094789","JFK INTERNATIONAL AIRPORT, NY US","2001-11-10","50","60","40",
"USW00094789","JFK INTERNATIONAL AIRPORT, NY US","2001-11-11","45","53","36",
"USW00094789","JFK INTERNATIONAL AIRPORT, NY US","2001-11-12","42","50","34",
"USW00094789","JFK INTERNATIONAL AIRPORT, NY US","2001-11-13","42","52","31",
"USW00094789","JFK INTERNATIONAL AIRPORT, NY US","2001-11-14","49","59","39",
"USW00094789","JFK INTERNATIONAL AIRPORT, NY US","2001-11-15","56","67","45",
"USW00094789","JFK INTERNATIONAL AIRPORT, NY US","2001-11-16","61","72","50",
"USW00094789","JFK INTERNATIONAL AIRPORT, NY US","2001-11-17","46","54","37",
"USW00094789","JFK INTERNATIONAL AIRPORT, NY US","2001-11-18","47","57","36",
"USW00094789","JFK INTERNATIONAL AIRPORT, NY US","2001-11-19","51","59","42",
"USW00094789","JFK INTERNATIONAL AIRPORT, NY US","2001-11-20","48","58","37",
"USW00094789","JFK INTERNATIONAL AIRPORT, NY US","2001-11-21","39","45","32",
"USW00094789","JFK INTERNATIONAL AIRPORT, NY US","2001-11-22","45","53","37",
"USW00094789","JFK INTERNATIONAL AIRPORT, NY US","2001-11-23","47","58","35",
"USW00094789","JFK INTERNATIONAL AIRPORT, NY US","2001-11-24","56","63","48",
"USW00094789","JFK INTERNATIONAL AIRPORT, NY US","2001-11-25","61","65","57",
"USW00094789","JFK INTERNATIONAL AIRPORT, NY US","2001-11-26","57","64","50",
"USW00094789","JFK INTERNATIONAL AIRPORT, NY US","2001-11-27","50","55","44",
"USW00094789","JFK INTERNATIONAL AIRPORT, NY US","2001-11-28","58","66","49",
"USW00094789","JFK INTERNATIONAL AIRPORT, NY US","2001-11-29","53","57","49",
"USW00094789","JFK INTERNATIONAL AIRPORT, NY US","2001-11-30","59","63","55",
"USW00094789","JFK INTERNATIONAL AIRPORT, NY US","2001-12-01","61","68","53",
"USW00094789","JFK INTERNATIONAL AIRPORT, NY US","2001-12-02","50","54","45",
"USW00094789","JFK INTERNATIONAL AIRPORT, NY US","2001-12-03","45","53","36",
"USW00094789","JFK INTERNATIONAL AIRPORT, NY US","2001-12-04","52","62","41",
"USW00094789","JFK INTERNATIONAL AIRPORT, NY US","2001-12-05","58","65","50",
"USW00094789","JFK INTERNATIONAL AIRPORT, NY US","2001-12-06","60","70","50",
"USW00094789","JFK INTERNATIONAL AIRPORT, NY US","2001-12-07","55","61","48",
"USW00094789","JFK INTERNATIONAL AIRPORT, NY US","2001-12-08","43","49","37",
"USW00094789","JFK INTERNATIONAL AIRPORT, NY US","2001-12-09","39","43","35",
"USW00094789","JFK INTERNATIONAL AIRPORT, NY US","2001-12-10","39","48","30",
"USW00094789","JFK INTERNATIONAL AIRPORT, NY US","2001-12-11","47","53","41",
"USW00094789","JFK INTERNATIONAL AIRPORT, NY US","2001-12-12","42","47","37",
"USW00094789","JFK INTERNATIONAL AIRPORT, NY US","2001-12-13","50","54","46",
"USW00094789","JFK INTERNATIONAL AIRPORT, NY US","2001-12-14","54","60","48",
"USW00094789","JFK INTERNATIONAL AIRPORT, NY US","2001-12-15","48","61","34",
"USW00094789","JFK INTERNATIONAL AIRPORT, NY US","2001-12-16","36","42","30",
"USW00094789","JFK INTERNATIONAL AIRPORT, NY US","2001-12-17","45","52","38",
"USW00094789","JFK INTERNATIONAL AIRPORT, NY US","2001-12-18","49","54","43",
"USW00094789","JFK INTERNATIONAL AIRPORT, NY US","2001-12-19","47","50","43",
"USW00094789","JFK INTERNATIONAL AIRPORT, NY US","2001-12-20","43","48","38",
"USW00094789","JFK INTERNATIONAL AIRPORT, NY US","2001-12-21","39","43","34",
"USW00094789","JFK INTERNATIONAL AIRPORT, NY US","2001-12-22","37","43","30",
"USW00094789","JFK INTERNATIONAL AIRPORT, NY US","2001-12-23","40","52","27",
"USW00094789","JFK INTERNATIONAL AIRPORT, NY US","2001-12-24","44","53","35",
"USW00094789","JFK INTERNATIONAL AIRPORT, NY US","2001-12-25","34","38","30",
"USW00094789","JFK INTERNATIONAL AIRPORT, NY US","2001-12-26","35","40","30",
"USW00094789","JFK INTERNATIONAL AIRPORT, NY US","2001-12-27","31","35","27",
"USW00094789","JFK INTERNATIONAL AIRPORT, NY US","2001-12-28","35","42","28",
"USW00094789","JFK INTERNATIONAL AIRPORT, NY US","2001-12-29","35","40","29",
"USW00094789","JFK INTERNATIONAL AIRPORT, NY US","2001-12-30","29","33","24",
"USW00094789","JFK INTERNATIONAL AIRPORT, NY US","2001-12-31","26","31","21",
"USW00094789","JFK INTERNATIONAL AIRPORT, NY US","2002-01-01","29","36","22",
"USW00094789","JFK INTERNATIONAL AIRPORT, NY US","2002-01-02","31","38","24",
"USW00094789","JFK INTERNATIONAL AIRPORT, NY US","2002-01-03","32","36","27","    0"
"USW00094789","JFK INTERNATIONAL AIRPORT, NY US","2002-01-04","33","41","25",
"USW00094789","JFK INTERNATIONAL AIRPORT, NY US","2002-01-05","38","43","32",
"USW00094789","JFK INTERNATIONAL AIRPORT, NY US","2002-01-06","35","42","28",
"USW00094789","JFK INTERNATIONAL AIRPORT, NY US","2002-01-07","32","37","26",
"USW00094789","JFK INTERNATIONAL AIRPORT, NY US","2002-01-08","29","35","22",
"USW00094789","JFK INTERNATIONAL AIRPORT, NY US","2002-01-09","36","40","31",
"USW00094789","JFK INTERNATIONAL AIRPORT, NY US","2002-01-10","44","53","35",
"USW00094789","JFK INTERNATIONAL AIRPORT, NY US","2002-01-11","43","45","41",
"USW00094789","JFK INTERNATIONAL AIRPORT, NY US","2002-01-12","40","46","34",
"USW00094789","JFK INTERNATIONAL AIRPORT, NY US","2002-01-13","42","46","38",
"USW00094789","JFK INTERNATIONAL AIRPORT, NY US","2002-01-14","41","47","34",
"USW00094789","JFK INTERNATIONAL AIRPORT, NY US","2002-01-15","42","50","33",
"USW00094789","JFK INTERNATIONAL AIRPORT, NY US","2002-01-16","40","44","35",
"USW00094789","JFK INTERNATIONAL AIRPORT, NY US","2002-01-17","42","48","35",
"USW00094789","JFK INTERNATIONAL AIRPORT, NY US","2002-01-18","34","39","29",
"USW00094789","JFK INTERNATIONAL AIRPORT, NY US","2002-01-19","29","33","24",
"USW00094789","JFK INTERNATIONAL AIRPORT, NY US","2002-01-20","32","38","26",
"USW00094789","JFK INTERNATIONAL AIRPORT, NY US","2002-01-21","33","39","26",
"USW00094789","JFK INTERNATIONAL AIRPORT, NY US","2002-01-22","42","47","36","    0"
"USW00094789","JFK INTERNATIONAL AIRPORT, NY US","2002-01-23","42","48","36",
"USW00094789","JFK INTERNATIONAL AIRPORT, NY US","2002-01-24","47","51","43",
"USW00094789","JFK INTERNATIONAL AIRPORT, NY US","2002-01-25","42","48","35",
"USW00094789","JFK INTERNATIONAL AIRPORT, NY US","2002-01-26","45","53","36",
"USW00094789","JFK INTERNATIONAL AIRPORT, NY US","2002-01-27","44","54","33",
"USW00094789","JFK INTERNATIONAL AIRPORT, NY US","2002-01-28","49","60","37",
"USW00094789","JFK INTERNATIONAL AIRPORT, NY US","2002-01-29","55","69","40",
"USW00094789","JFK INTERNATIONAL AIRPORT, NY US","2002-01-30","52","62","41",
"USW00094789","JFK INTERNATIONAL AIRPORT, NY US","2002-01-31","39","41","37",
"USW00094789","JFK INTERNATIONAL AIRPORT, NY US","2002-02-01","47","54","39",
"USW00094789","JFK INTERNATIONAL AIRPORT, NY US","2002-02-02","35","41","29",
"USW00094789","JFK INTERNATIONAL AIRPORT, NY US","2002-02-03","35","43","26",
"USW00094789","JFK INTERNATIONAL AIRPORT, NY US","2002-02-04","36","45","27",
"USW00094789","JFK INTERNATIONAL AIRPORT, NY US","2002-02-05","27","34","19",
"USW00094789","JFK INTERNATIONAL AIRPORT, NY US","2002-02-06","37","43","30",
"USW00094789","JFK INTERNATIONAL AIRPORT, NY US","2002-02-07","38","42","34",
"USW00094789","JFK INTERNATIONAL AIRPORT, NY US","2002-02-08","45","52","37",
"USW00094789","JFK INTERNATIONAL AIRPORT, NY US","2002-02-09","41","47","34",
"USW00094789","JFK INTERNATIONAL AIRPORT, NY US","2002-02-10","45","51","39",
"USW00094789","JFK INTERNATIONAL AIRPORT, NY US","2002-02-11","39","53","25",
"USW00094789","JFK INTERNATIONAL AIRPORT, NY US","2002-02-12","34","46","21",
"USW00094789","JFK INTERNATIONAL AIRPORT, NY US","2002-02-13","33","42","24",
"USW00094789","JFK INTERNATIONAL AIRPORT, NY US","2002-02-14","28","37","19",
"USW00094789","JFK INTERNATIONAL AIRPORT, NY US","2002-02-15","39","46","32",
"USW00094789","JFK INTERNATIONAL AIRPORT, NY US","2002-02-16","47","54","40",
"USW00094789","JFK INTERNATIONAL AIRPORT, NY US","2002-02-17","41","48","33",
"USW00094789","JFK INTERNATIONAL AIRPORT, NY US","2002-02-18","38","45","31",
"USW00094789","JFK INTERNATIONAL AIRPORT, NY US","2002-02-19","38","48","28",
"USW00094789","JFK INTERNATIONAL AIRPORT, NY US","2002-02-20","45","50","39",
"USW00094789","JFK INTERNATIONAL AIRPORT, NY US","2002-02-21","54","63","44",
"USW00094789","JFK INTERNATIONAL AIRPORT, NY US","2002-02-22","47","53","40",
"USW00094789","JFK INTERNATIONAL AIRPORT, NY US","2002-02-23","40","46","34",
"USW00094789","JFK INTERNATIONAL AIRPORT, NY US","2002-02-24","39","48","30","    0"
"USW00094789","JFK INTERNATIONAL AIRPORT, NY US","2002-02-25","40","48","32",
"USW00094789","JFK INTERNATIONAL AIRPORT, NY US","2002-02-26","47","53","41",
"USW00094789","JFK INTERNATIONAL AIRPORT, NY US","2002-02-27","40","50","30",
"USW00094789","JFK INTERNATIONAL AIRPORT, NY US","2002-02-28","34","41","27",
"USW00094789","JFK INTERNATIONAL AIRPORT, NY US","2002-03-01","38","48","28",
"USW00094789","JFK INTERNATIONAL AIRPORT, NY US","2002-03-02","39","48","29",
"USW00094789","JFK INTERNATIONAL AIRPORT, NY US","2002-03-03","51","55","47",
"USW00094789","JFK INTERNATIONAL AIRPORT, NY US","2002-03-04","37","47","26",
"USW00094789","JFK INTERNATIONAL AIRPORT, NY US","2002-03-05","28","35","21",
"USW00094789","JFK INTERNATIONAL AIRPORT, NY US","2002-03-06","45","57","33",
"USW00094789","JFK INTERNATIONAL AIRPORT, NY US","2002-03-07","48","57","38",
"USW00094789","JFK INTERNATIONAL AIRPORT, NY US","2002-03-08","45","51","38",
"USW00094789","JFK INTERNATIONAL AIRPORT, NY US","2002-03-09","53","60","45",
"USW00094789","JFK INTERNATIONAL AIRPORT, NY US","2002-03-10","43","55","30",
"USW00094789","JFK INTERNATIONAL AIRPORT, NY US","2002-03-11","34","41","27",
"USW00094789","JFK INTERNATIONAL AIRPORT, NY US","2002-03-12","46","49","34",
"USW00094789","JFK INTERNATIONAL AIRPORT, NY US","2002-03-13","43","45","41",
"USW00094789","JFK INTERNATIONAL AIRPORT, NY US","2002-03-14","51","61","40",
"USW00094789","JFK INTERNATIONAL AIRPORT, NY US","2002-03-15","48","52","43",
"USW00094789","JFK INTERNATIONAL AIRPORT, NY US","2002-03-16","53","68","37",
"USW00094789","JFK INTERNATIONAL AIRPORT, NY US","2002-03-17","36","41","31",
"USW00094789","JFK INTERNATIONAL AIRPORT, NY US","2002-03-18","37","40","33",
"USW00094789","JFK INTERNATIONAL AIRPORT, NY US","2002-03-19","41","46","36",
"USW00094789","JFK INTERNATIONAL AIRPORT, NY US","2002-03-20","42","45","38",
"USW00094789","JFK INTERNATIONAL AIRPORT, NY US","2002-03-21","40","50","30",
"USW00094789","JFK INTERNATIONAL AIRPORT, NY US","2002-03-22","29","35","22",
"USW00094789","JFK INTERNATIONAL AIRPORT, NY US","2002-03-23","37","48","26",
"USW00094789","JFK INTERNATIONAL AIRPORT, NY US","2002-03-24","45","55","34",
"USW00094789","JFK INTERNATIONAL AIRPORT, NY US","2002-03-25","43","48","38",
"USW00094789","JFK INTERNATIONAL AIRPORT, NY US","2002-03-26","44","50","38",
"USW00094789","JFK INTERNATIONAL AIRPORT, NY US","2002-03-27","47","55","39",
"USW00094789","JFK INTERNATIONAL AIRPORT, NY US","2002-03-28","45","54","35",
"USW00094789","JFK INTERNATIONAL AIRPORT, NY US","2002-03-29","46","52","39",
"USW00094789","JFK INTERNATIONAL AIRPORT, NY US","2002-03-30","59","68","49",
"USW00094789","JFK INTERNATIONAL AIRPORT, NY US","2002-03-31","53","60","46",
"USW00094789","JFK INTERNATIONAL AIRPORT, NY US","2002-04-01","54","62","46",
"USW00094789","JFK INTERNATIONAL AIRPORT, NY US","2002-04-02","46","52","39",
"USW00094789","JFK INTERNATIONAL AIRPORT, NY US","2002-04-03","52","61","42",
"USW00094789","JFK INTERNATIONAL AIRPORT, NY US","2002-04-04","44","51","37",
"USW00094789","JFK INTERNATIONAL AIRPORT, NY US","2002-04-05","39","45","32",
"USW00094789","JFK INTERNATIONAL AIRPORT, NY US","2002-04-06","40","48","32",
"USW00094789","JFK INTERNATIONAL AIRPORT, NY US","2002-04-07","37","45","28",
"USW00094789","JFK INTERNATIONAL AIRPORT, NY US","2002-04-08","48","54","41",
"USW00094789","JFK INTERNATIONAL AIRPORT, NY US","2002-04-09","56","62","49",
"USW00094789","JFK INTERNATIONAL AIRPORT, NY US","2002-04-10","57","66","48",
"USW00094789","JFK INTERNATIONAL AIRPORT, NY US","2002-04-11","50","56","44",
"USW00094789","JFK INTERNATIONAL AIRPORT, NY US","2002-04-12","48","56","40",
"USW00094789","JFK INTERNATIONAL AIRPORT, NY US","2002-04-13","58","65","51",
"USW00094789","JFK INTERNATIONAL AIRPORT, NY US","2002-04-14","62","71","53",
"USW00094789","JFK INTERNATIONAL AIRPORT, NY US","2002-04-15","67","80","53",
"USW00094789","JFK INTERNATIONAL AIRPORT, NY US","2002-04-16","72","86","57",
"USW00094789","JFK INTERNATIONAL AIRPORT, NY US","2002-04-17","75","90","60",
"USW00094789","JFK INTERNATIONAL AIRPORT, NY US","2002-04-18","75","86","64",
"USW00094789","JFK INTERNATIONAL AIRPORT, NY US","2002-04-19","68","77","59",
"USW00094789","JFK INTERNATIONAL AIRPORT, NY US","2002-04-20","62","69","55",
"USW00094789","JFK INTERNATIONAL AIRPORT, NY US","2002-04-21","54","57","50",
"USW00094789","JFK INTERNATIONAL AIRPORT, NY US","2002-04-22","47","52","42",
"USW00094789","JFK INTERNATIONAL AIRPORT, NY US","2002-04-23","47","54","39",
"USW00094789","JFK INTERNATIONAL AIRPORT, NY US","2002-04-24","47","57","37",
"USW00094789","JFK INTERNATIONAL AIRPORT, NY US","2002-04-25","47","53","41",
"USW00094789","JFK INTERNATIONAL AIRPORT, NY US","2002-04-26","49","59","39",
"USW00094789","JFK INTERNATIONAL AIRPORT, NY US","2002-04-27","49","59","38",
"USW00094789","JFK INTERNATIONAL AIRPORT, NY US","2002-04-28","52","57","47",
"USW00094789","JFK INTERNATIONAL AIRPORT, NY US","2002-04-29","50","56","44",
"USW00094789","JFK INTERNATIONAL AIRPORT, NY US","2002-04-30","50","57","42",
"USW00094789","JFK INTERNATIONAL AIRPORT, NY US","2002-05-01","55","67","43",
"USW00094789","JFK INTERNATIONAL AIRPORT, NY US","2002-05-02","57","64","49",
"USW00094789","JFK INTERNATIONAL AIRPORT, NY US","2002-05-03","54","61","47",
"USW00094789","JFK INTERNATIONAL AIRPORT, NY US","2002-05-04","54","63","45",
"USW00094789","JFK INTERNATIONAL AIRPORT, NY US","2002-05-05","53","65","41",
"USW00094789","JFK INTERNATIONAL AIRPORT, NY US","2002-05-06","58","66","49",
"USW00094789","JFK INTERNATIONAL AIRPORT, NY US","2002-05-07","63","70","55",
"USW00094789","JFK INTERNATIONAL AIRPORT, NY US","2002-05-08","63","72","53",
"USW00094789","JFK INTERNATIONAL AIRPORT, NY US","2002-05-09","53","55","50",
"USW00094789","JFK INTERNATIONAL AIRPORT, NY US","2002-05-10","66","76","55",
"USW00094789","JFK INTERNATIONAL AIRPORT, NY US","2002-05-11","61","69","52",
"USW00094789","JFK INTERNATIONAL AIRPORT, NY US","2002-05-12","55","56","54",
"USW00094789","JFK INTERNATIONAL AIRPORT, NY US","2002-05-13","52","54","50",
"USW00094789","JFK INTERNATIONAL AIRPORT, NY US","2002-05-14","56","63","48",
"USW00094789","JFK INTERNATIONAL AIRPORT, NY US","2002-05-15","59","69","48",
"USW00094789","JFK INTERNATIONAL AIRPORT, NY US","2002-05-16","64","79","49",
"USW00094789","JFK INTERNATIONAL AIRPORT, NY US","2002-05-17","66","78","54",
"USW00094789","JFK INTERNATIONAL AIRPORT, NY US","2002-05-18","49","54","44",
"USW00094789","JFK INTERNATIONAL AIRPORT, NY US","2002-05-19","51","59","42",
"USW00094789","JFK INTERNATIONAL AIRPORT, NY US","2002-05-20","50","58","42",
"USW00094789","JFK INTERNATIONAL AIRPORT, NY US","2002-05-21","52","60","43",
"USW00094789","JFK INTERNATIONAL AIRPORT, NY US","2002-05-22","56","67","45",
"USW00094789","JFK INTERNATIONAL AIRPORT, NY US","2002-05-23","59","70","48",
"USW00094789","JFK INTERNATIONAL AIRPORT, NY US","2002-05-24","68","83","53",
"USW00094789","JFK INTERNATIONAL AIRPORT, NY US","2002-05-25","61","67","55",
"USW00094789","JFK INTERNATIONAL AIRPORT, NY US","2002-05-26","59","64","54",
"USW00094789","JFK INTERNATIONAL AIRPORT, NY US","2002-05-27","65","71","59",
"USW00094789","JFK INTERNATIONAL AIRPORT, NY US","2002-05-28","67","74","60",
"USW00094789","JFK INTERNATIONAL AIRPORT, NY US","2002-05-29","69","76","62",
"USW00094789","JFK INTERNATIONAL AIRPORT, NY US","2002-05-30","67","74","60",
"USW00094789","JFK INTERNATIONAL AIRPORT, NY US","2002-05-31","70","77","63",
"USW00094789","JFK INTERNATIONAL AIRPORT, NY US","2002-06-01","76","86","65",
"USW00094789","JFK INTERNATIONAL AIRPORT, NY US","2002-06-02","72","81","62",
"USW00094789","JFK INTERNATIONAL AIRPORT, NY US","2002-06-03","66","75","56",
"USW00094789","JFK INTERNATIONAL AIRPORT, NY US","2002-06-04","65","70","59",
"USW00094789","JFK INTERNATIONAL AIRPORT, NY US","2002-06-05","70","76","64",
"USW00094789","JFK INTERNATIONAL AIRPORT, NY US","2002-06-06","70","80","59",
"USW00094789","JFK INTERNATIONAL AIRPORT, NY US","2002-06-07","62","69","54",
"USW00094789","JFK INTERNATIONAL AIRPORT, NY US","2002-06-08","59","66","51",
"USW00094789","JFK INTERNATIONAL AIRPORT, NY US","2002-06-09","65","75","55",
"USW00094789","JFK INTERNATIONAL AIRPORT, NY US","2002-06-10","71","78","63",
"USW00094789","JFK INTERNATIONAL AIRPORT, NY US","2002-06-11","72","82","62",
"USW00094789","JFK INTERNATIONAL AIRPORT, NY US","2002-06-12","75","90","59","    0"
"USW00094789","JFK INTERNATIONAL AIRPORT, NY US","2002-06-13","61","65","57",
"USW00094789","JFK INTERNATIONAL AIRPORT, NY US","2002-06-14","58","60","56",
"USW00094789","JFK INTERNATIONAL AIRPORT, NY US","2002-06-15","60","64","55",
"USW00094789","JFK INTERNATIONAL AIRPORT, NY US","2002-06-16","68","76","60","    0"
"USW00094789","JFK INTERNATIONAL AIRPORT, NY US","2002-06-17","70","77","62",
"USW00094789","JFK INTERNATIONAL AIRPORT, NY US","2002-06-18","69","77","60",
"USW00094789","JFK INTERNATIONAL AIRPORT, NY US","2002-06-19","70","76","63",
"USW00094789","JFK INTERNATIONAL AIRPORT, NY US","2002-06-20","69","77","61",
"USW00094789","JFK INTERNATIONAL AIRPORT, NY US","2002-06-21","69","77","61",
"USW00094789","JFK INTERNATIONAL AIRPORT, NY US","2002-06-22","74","82","65",
"USW00094789","JFK INTERNATIONAL AIRPORT, NY US","2002-06-23","75","83","67",
"USW00094789","JFK INTERNATIONAL AIRPORT, NY US","2002-06-24","82","91","72",
"USW00094789","JFK INTERNATIONAL AIRPORT, NY US","2002-06-25","77","82","71",
"USW00094789","JFK INTERNATIONAL AIRPORT, NY US","2002-06-26","80","88","71",
"USW00094789","JFK INTERNATIONAL AIRPORT, NY US","2002-06-27","81","92","70",
"USW00094789","JFK INTERNATIONAL AIRPORT, NY US","2002-06-28","79","88","70",
"USW00094789","JFK INTERNATIONAL AIRPORT, NY US","2002-06-29","79","87","71",
"USW00094789","JFK INTERNATIONAL AIRPORT, NY US","2002-06-30","76","83","68",
"USW00094789","JFK INTERNATIONAL AIRPORT, NY US","2002-07-01","79","89","69",
"USW00094789","JFK INTERNATIONAL AIRPORT, NY US","2002-07-02","81","91","71",
"USW00094789","JFK INTERNATIONAL AIRPORT, NY US","2002-07-03","88","97","78",
"USW00094789","JFK INTERNATIONAL AIRPORT, NY US","2002-07-04","90","99","80",
"USW00094789","JFK INTERNATIONAL AIRPORT, NY US","2002-07-05","79","88","70",
"USW00094789","JFK INTERNATIONAL AIRPORT, NY US","2002-07-06","75","84","66",
"USW00094789","JFK INTERNATIONAL AIRPORT, NY US","2002-07-07","79","89","69",
"USW00094789","JFK INTERNATIONAL AIRPORT, NY US","2002-07-08","78","90","66",
"USW00094789","JFK INTERNATIONAL AIRPORT, NY US","2002-07-09","80","88","71",
"USW00094789","JFK INTERNATIONAL AIRPORT, NY US","2002-07-10","76","84","68",
"USW00094789","JFK INTERNATIONAL AIRPORT, NY US","2002-07-11","70","78","61",
"USW00094789","JFK INTERNATIONAL AIRPORT, NY US","2002-07-12","70","78","61",
"USW00094789","JFK INTERNATIONAL AIRPORT, NY US","2002-07-13","71","78","64",
"USW00094789","JFK INTERNATIONAL AIRPORT, NY US","2002-07-14","74","80","68",
"USW00094789","JFK INTERNATIONAL AIRPORT, NY US","2002-07-15","79","90","67",
"USW00094789","JFK INTERNATIONAL AIRPORT, NY US","2002-07-16","82","90","73",
"USW00094789","JFK INTERNATIONAL AIRPORT, NY US","2002-07-17","75","82","67",
"USW00094789","JFK INTERNATIONAL AIRPORT, NY US","2002-07-18","85","95","75",
"USW00094789","JFK INTERNATIONAL AIRPORT, NY US","2002-07-19","80","87","72",
"USW00094789","JFK INTERNATIONAL AIRPORT, NY US","2002-07-20","77","83","71",
"USW00094789","JFK INTERNATIONAL AIRPORT, NY US","2002-07-21","76","80","71",
"USW00094789","JFK INTERNATIONAL AIRPORT, NY US","2002-07-22","78","84","71",
"USW00094789","JFK INTERNATIONAL AIRPORT, NY US","2002-07-23","82","91","73",
"USW00094789","JFK INTERNATIONAL AIRPORT, NY US","2002-07-24","74","81","66",
"USW00094789","JFK INTERNATIONAL AIRPORT, NY US","2002-07-25","70","77","62",
"USW00094789","JFK INTERNATIONAL AIRPORT, NY US","2002-07-26","67","72","62",
"USW00094789","JFK INTERNATIONAL AIRPORT, NY US","2002-07-27","70","73","66",
"USW00094789","JFK INTERNATIONAL AIRPORT, NY US","2002-07-28","76","81","70",
"USW00094789","JFK INTERNATIONAL AIRPORT, NY US","2002-07-29","88","99","76",
"USW00094789","JFK INTERNATIONAL AIRPORT, NY US","2002-07-30","87","96","77",
"USW00094789","JFK INTERNATIONAL AIRPORT, NY US","2002-07-31","85","95","74",
"USW00094789","JFK INTERNATIONAL AIRPORT, NY US","2002-08-01","85","95","74",
"USW00094789","JFK INTERNATIONAL AIRPORT, NY US","2002-08-02","81","91","71",
"USW00094789","JFK INTERNATIONAL AIRPORT, NY US","2002-08-03","78","84","72",
"USW00094789","JFK INTERNATIONAL AIRPORT, NY US","2002-08-04","82","88","75",
"USW00094789","JFK INTERNATIONAL AIRPORT, NY US","2002-08-05","84","90","77",
"USW00094789","JFK INTERNATIONAL AIRPORT, NY US","2002-08-06","74","82","66",
"USW00094789","JFK INTERNATIONAL AIRPORT, NY US","2002-08-07","72","81","62",
"USW00094789","JFK INTERNATIONAL AIRPORT, NY US","2002-08-08","74","82","66",
"USW00094789","JFK INTERNATIONAL AIRPORT, NY US","2002-08-09","75","84","65",
"USW00094789","JFK INTERNATIONAL AIRPORT, NY US","2002-08-10","75","84","66",
"USW00094789","JFK INTERNATIONAL AIRPORT, NY US","2002-08-11","74","82","66",
"USW00094789","JFK INTERNATIONAL AIRPORT, NY US","2002-08-12","78","86","69",
"USW00094789","JFK INTERNATIONAL AIRPORT, NY US","2002-08-13","83","92","73",
"USW00094789","JFK INTERNATIONAL AIRPORT, NY US","2002-08-14","81","88","73",
"USW00094789","JFK INTERNATIONAL AIRPORT, NY US","2002-08-15","79","85","72",
"USW00094789","JFK INTERNATIONAL AIRPORT, NY US","2002-08-16","81","88","73",
"USW00094789","JFK INTERNATIONAL AIRPORT, NY US","2002-08-17","84","91","76",
"USW00094789","JFK INTERNATIONAL AIRPORT, NY US","2002-08-18","84","90","77",
"USW00094789","JFK INTERNATIONAL AIRPORT, NY US","2002-08-19","82","89","75",
"USW00094789","JFK INTERNATIONAL AIRPORT, NY US","2002-08-20","75","82","67",
"USW00094789","JFK INTERNATIONAL AIRPORT, NY US","2002-08-21","76","83","68",
"USW00094789","JFK INTERNATIONAL AIRPORT, NY US","2002-08-22","74","80","68",
"USW00094789","JFK INTERNATIONAL AIRPORT, NY US","2002-08-23","73","77","68",
"USW00094789","JFK INTERNATIONAL AIRPORT, NY US","2002-08-24","71","74","68",
"USW00094789","JFK INTERNATIONAL AIRPORT, NY US","2002-08-25","74","83","64",
"USW00094789","JFK INTERNATIONAL AIRPORT, NY US","2002-08-26","74","80","67",
"USW00094789","JFK INTERNATIONAL AIRPORT, NY US","2002-08-27","77","85","68",
"USW00094789","JFK INTERNATIONAL AIRPORT, NY US","2002-08-28","70","76","64",
"USW00094789","JFK INTERNATIONAL AIRPORT, NY US","2002-08-29","66","71","61",
"USW00094789","JFK INTERNATIONAL AIRPORT, NY US","2002-08-30","65","70","60",
"USW00094789","JFK INTERNATIONAL AIRPORT, NY US","2002-08-31","68","74","62",
"USW00094789","JFK INTERNATIONAL AIRPORT, NY US","2002-09-01","64","66","62",
"USW00094789","JFK INTERNATIONAL AIRPORT, NY US","2002-09-02","65","67","62",
"USW00094789","JFK INTERNATIONAL AIRPORT, NY US","2002-09-03","71","80","62","    0"
"USW00094789","JFK INTERNATIONAL AIRPORT, NY US","2002-09-04","79","88","70",
"USW00094789","JFK INTERNATIONAL AIRPORT, NY US","2002-09-05","74","81","66",
"USW00094789","JFK INTERNATIONAL AIRPORT, NY US","2002-09-06","68","77","59",
"USW00094789","JFK INTERNATIONAL AIRPORT, NY US","2002-09-07","69","78","60",
"USW00094789","JFK INTERNATIONAL AIRPORT, NY US","2002-09-08","71","79","62","    0"
"USW00094789","JFK INTERNATIONAL AIRPORT, NY US","2002-09-09","74","85","63",
"USW00094789","JFK INTERNATIONAL AIRPORT, NY US","2002-09-10","74","81","66",
"USW00094789","JFK INTERNATIONAL AIRPORT, NY US","2002-09-11","72","80","63",
"USW00094789","JFK INTERNATIONAL AIRPORT, NY US","2002-09-12","65","74","56",
"USW00094789","JFK INTERNATIONAL AIRPORT, NY US","2002-09-13","70","82","58",
"USW00094789","JFK INTERNATIONAL AIRPORT, NY US","2002-09-14","71","78","64",
"USW00094789","JFK INTERNATIONAL AIRPORT, NY US","2002-09-15","73","78","68",
"USW00094789","JFK INTERNATIONAL AIRPORT, NY US","2002-09-16","74","79","69",
"USW00094789","JFK INTERNATIONAL AIRPORT, NY US","2002-09-17","71","76","65",
"USW00094789","JFK INTERNATIONAL AIRPORT, NY US","2002-09-18","70","76","64",
"USW00094789","JFK INTERNATIONAL AIRPORT, NY US","2002-09-19","70","76","63",
"USW00094789","JFK INTERNATIONAL AIRPORT, NY US","2002-09-20","71","75","67",
"USW00094789","JFK INTERNATIONAL AIRPORT, NY US","2002-09-21","74","79","68",
"USW00094789","JFK INTERNATIONAL AIRPORT, NY US","2002-09-22","75","80","69",
"USW00094789","JFK INTERNATIONAL AIRPORT, NY US","2002-09-23","69","74","63",
"USW00094789","JFK INTERNATIONAL AIRPORT, NY US","2002-09-24","68","77","59",
"USW00094789","JFK INTERNATIONAL AIRPORT, NY US","2002-09-25","67","74","59",
"USW00094789","JFK INTERNATIONAL AIRPORT, NY US","2002-09-26","61","65","57",
"USW00094789","JFK INTERNATIONAL AIRPORT, NY US","2002-09-27","67","74","60",
"USW00094789","JFK INTERNATIONAL AIRPORT, NY US","2002-09-28","68","76","60",
"USW00094789","JFK INTERNATIONAL AIRPORT, NY US","2002-09-29","61","68","54",
"USW00094789","JFK INTERNATIONAL AIRPORT, NY US","2002-09-30","62","69","55",
"USW00094789","JFK INTERNATIONAL AIRPORT, NY US","2002-10-01","70","77","63",
"USW00094789","JFK INTERNATIONAL AIRPORT, NY US","2002-10-02","74","82","66",
"USW00094789","JFK INTERNATIONAL AIRPORT, NY US","2002-10-03","73","84","62",
"USW00094789","JFK INTERNATIONAL AIRPORT, NY US","2002-10-04","68","74","61",
"USW00094789","JFK INTERNATIONAL AIRPORT, NY US","2002-10-05","72","83","61",
"USW00094789","JFK INTERNATIONAL AIRPORT, NY US","2002-10-06","62","69","54",
"USW00094789","JFK INTERNATIONAL AIRPORT, NY US","2002-10-07","67","78","56",
"USW00094789","JFK INTERNATIONAL AIRPORT, NY US","2002-10-08","56","62","49",
"USW00094789","JFK INTERNATIONAL AIRPORT, NY US","2002-10-09","56","65","47",
"USW00094789","JFK INTERNATIONAL AIRPORT, NY US","2002-10-10","60","64","56",
"USW00094789","JFK INTERNATIONAL AIRPORT, NY US","2002-10-11","60","65","55",
"USW00094789","JFK INTERNATIONAL AIRPORT, NY US","2002-10-12","62","64","59",
"USW00094789","JFK INTERNATIONAL AIRPORT, NY US","2002-10-13","60","63","57",
"USW00094789","JFK INTERNATIONAL AIRPORT, NY US","2002-10-14","51","58","44",
"USW00094789","JFK INTERNATIONAL AIRPORT, NY US","2002-10-15","49","57","41",
"USW00094789","JFK INTERNATIONAL AIRPORT, NY US","2002-10-16","57","65","49",
"USW00094789","JFK INTERNATIONAL AIRPORT, NY US","2002-10-17","55","61","48",
"USW00094789","JFK INTERNATIONAL AIRPORT, NY US","2002-10-18","51","57","45",
"USW00094789","JFK INTERNATIONAL AIRPORT, NY US","2002-10-19","55","62","48",
"USW00094789","JFK INTERNATIONAL AIRPORT, NY US","2002-10-20","54","59","49",
"USW00094789","JFK INTERNATIONAL AIRPORT, NY US","2002-10-21","51","57","44",
"USW00094789","JFK INTERNATIONAL AIRPORT, NY US","2002-10-22","47","54","40",
"USW00094789","JFK INTERNATIONAL AIRPORT, NY US","2002-10-23","46","53","39",
"USW00094789","JFK INTERNATIONAL AIRPORT, NY US","2002-10-24","42","49","35",
"USW00094789","JFK INTERNATIONAL AIRPORT, NY US","2002-10-25","49","53","45",
"USW00094789","JFK INTERNATIONAL AIRPORT, NY US","2002-10-26","56","60","51",
"USW00094789","JFK INTERNATIONAL AIRPORT, NY US","2002-10-27","53","59","46",
"USW00094789","JFK INTERNATIONAL AIRPORT, NY US","2002-10-28","47","53","41",
"USW00094789","JFK INTERNATIONAL AIRPORT, NY US","2002-10-29","41","45","37",
"USW00094789","JFK INTERNATIONAL AIRPORT, NY US","2002-10-30","41","45","36",
"USW00094789","JFK INTERNATIONAL AIRPORT, NY US","2002-10-31","44","50","37",
"USW00094789","JFK INTERNATIONAL AIRPORT, NY US","2002-11-01","45","52","37","    0"
"USW00094789","JFK INTERNATIONAL AIRPORT, NY US","2002-11-02","40","45","34",
"USW00094789","JFK INTERNATIONAL AIRPORT, NY US","2002-11-03","42","47","37",
"USW00094789","JFK INTERNATIONAL AIRPORT, NY US","2002-11-04","45","53","37",
"USW00094789","JFK INTERNATIONAL AIRPORT, NY US","2002-11-05","44","50","38",
"USW00094789","JFK INTERNATIONAL AIRPORT, NY US","2002-11-06","47","51","43",
"USW00094789","JFK INTERNATIONAL AIRPORT, NY US","2002-11-07","41","48","33",
"USW00094789","JFK INTERNATIONAL AIRPORT, NY US","2002-11-08","48","59","36",
"USW00094789","JFK INTERNATIONAL AIRPORT, NY US","2002-11-09","49","57","41",
"USW00094789","JFK INTERNATIONAL AIRPORT, NY US","2002-11-10","58","62","53",
"USW00094789","JFK INTERNATIONAL AIRPORT, NY US","2002-11-11","61","63","58",
"USW00094789","JFK INTERNATIONAL AIRPORT, NY US","2002-11-12","53","58","48",
"USW00094789","JFK INTERNATIONAL AIRPORT, NY US","2002-11-13","46","49","42",
"USW00094789","JFK INTERNATIONAL AIRPORT, NY US","2002-11-14","46","54","38",
"USW00094789","JFK INTERNATIONAL AIRPORT, NY US","2002-11-15","50","56","44",
"USW00094789","JFK INTERNATIONAL AIRPORT, NY US","2002-11-16","45","49","41",
"USW00094789","JFK INTERNATIONAL AIRPORT, NY US","2002-11-17","40","41","38",
"USW00094789","JFK INTERNATIONAL AIRPORT, NY US","2002-11-18","43","48","38",
"USW00094789","JFK INTERNATIONAL AIRPORT, NY US","2002-11-19","42","50","33",
"USW00094789","JFK INTERNATIONAL AIRPORT, NY US","2002-11-20","44","52","36",
"USW00094789","JFK INTERNATIONAL AIRPORT, NY US","2002-11-21","44","53","34",
"USW00094789","JFK INTERNATIONAL AIRPORT, NY US","2002-11-22","47","52","42",
"USW00094789","JFK INTERNATIONAL AIRPORT, NY US","2002-11-23","41","44","37",
"USW00094789","JFK INTERNATIONAL AIRPORT, NY US","2002-11-24","44","51","36",
"USW00094789","JFK INTERNATIONAL AIRPORT, NY US","2002-11-25","45","56","33",
"USW00094789","JFK INTERNATIONAL AIRPORT, NY US","2002-11-26","43","47","39",
"USW00094789","JFK INTERNATIONAL AIRPORT, NY US","2002-11-27","34","42","26",
"USW00094789","JFK INTERNATIONAL AIRPORT, NY US","2002-11-28","30","35","24",
"USW00094789","JFK INTERNATIONAL AIRPORT, NY US","2002-11-29","36","42","29",
"USW00094789","JFK INTERNATIONAL AIRPORT, NY US","2002-11-30","43","47","39",
"USW00094789","JFK INTERNATIONAL AIRPORT, NY US","2002-12-01","35","41","29",
"USW00094789","JFK INTERNATIONAL AIRPORT, NY US","2002-12-02","35","41","29",
"USW00094789","JFK INTERNATIONAL AIRPORT, NY US","2002-12-03","29","38","19",
"USW00094789","JFK INTERNATIONAL AIRPORT, NY US","2002-12-04","26","32","19",
"USW00094789","JFK INTERNATIONAL AIRPORT, NY US","2002-12-05","30","34","26",
"USW00094789","JFK INTERNATIONAL AIRPORT, NY US","2002-12-06","30","33","26",
"USW00094789","JFK INTERNATIONAL AIRPORT, NY US","2002-12-07","29","34","23",
"USW00094789","JFK INTERNATIONAL AIRPORT, NY US","2002-12-08","34","42","25",
"USW00094789","JFK INTERNATIONAL AIRPORT, NY US","2002-12-09","24","29","18",
"USW00094789","JFK INTERNATIONAL AIRPORT, NY US","2002-12-10","29","35","22",
"USW00094789","JFK INTERNATIONAL AIRPORT, NY US","2002-12-11","34","39","28",
"USW00094789","JFK INTERNATIONAL AIRPORT, NY US","2002-12-12","42","48","35",
"USW00094789","JFK INTERNATIONAL AIRPORT, NY US","2002-12-13","39","45","32",
"USW00094789","JFK INTERNATIONAL AIRPORT, NY US","2002-12-14","44","47","40",
"USW00094789","JFK INTERNATIONAL AIRPORT, NY US","2002-12-15","43","46","40","    0"
"USW00094789","JFK INTERNATIONAL AIRPORT, NY US","2002-12-16","35","44","26",
"USW00094789","JFK INTERNATIONAL AIRPORT, NY US","2002-12-17","28","32","23",
"USW00094789","JFK INTERNATIONAL AIRPORT, NY US","2002-12-18","29","39","19",
"USW00094789","JFK INTERNATIONAL AIRPORT, NY US","2002-12-19","38","47","28",
"USW00094789","JFK INTERNATIONAL AIRPORT, NY US","2002-12-20","47","54","40",
"USW00094789","JFK INTERNATIONAL AIRPORT, NY US","2002-12-21","41","47","34",
"USW00094789","JFK INTERNATIONAL AIRPORT, NY US","2002-12-22","41","48","34",
"USW00094789","JFK INTERNATIONAL AIRPORT, NY US","2002-12-23","40","44","35",
"USW00094789","JFK INTERNATIONAL AIRPORT, NY US","2002-12-24","36","39","32",
"USW00094789","JFK INTERNATIONAL AIRPORT, NY US","2002-12-25","35","39","30",
"USW00094789","JFK INTERNATIONAL AIRPORT, NY US","2002-12-26","33","37","29",
"USW00094789","JFK INTERNATIONAL AIRPORT, NY US","2002-12-27","34","37","30",
"USW00094789","JFK INTERNATIONAL AIRPORT, NY US","2002-12-28","33","36","29",
"USW00094789","JFK INTERNATIONAL AIRPORT, NY US","2002-12-29","37","41","33",
"USW00094789","JFK INTERNATIONAL AIRPORT, NY US","2002-12-30","37","42","31",
"USW00094789","JFK INTERNATIONAL AIRPORT, NY US","2002-12-31","42","45","39",
"USW00094789","JFK INTERNATIONAL AIRPORT, NY US","2003-01-01","42","47","37",
"USW00094789","JFK INTERNATIONAL AIRPORT, NY US","2003-01-02","34","39","29",
"USW00094789","JFK INTERNATIONAL AIRPORT, NY US","2003-01-03","34","38","29",
"USW00094789","JFK INTERNATIONAL AIRPORT, NY US","2003-01-04","34","37","31",
"USW00094789","JFK INTERNATIONAL AIRPORT, NY US","2003-01-05","34","36","31",
"USW00094789","JFK INTERNATIONAL AIRPORT, NY US","2003-01-06","32","34","30",
"USW00094789","JFK INTERNATIONAL AIRPORT, NY US","2003-01-07","28","30","26",
"USW00094789","JFK INTERNATIONAL AIRPORT, NY US","2003-01-08","36","43","28",
"USW00094789","JFK INTERNATIONAL AIRPORT, NY US","2003-01-09","44","51","37",
"USW00094789","JFK INTERNATIONAL AIRPORT, NY US","2003-01-10","39","46","32",
"USW00094789","JFK INTERNATIONAL AIRPORT, NY US","2003-01-11","29","32","25",
"USW00094789","JFK INTERNATIONAL AIRPORT, NY US","2003-01-12","31","37","24",
"USW00094789","JFK INTERNATIONAL AIRPORT, NY US","2003-01-13","33","40","25",
"USW00094789","JFK INTERNATIONAL AIRPORT, NY US","2003-01-14","25","30","20",
"USW00094789","JFK INTERNATIONAL AIRPORT, NY US","2003-01-15","26","31","21",
"USW00094789","JFK INTERNATIONAL AIRPORT, NY US","2003-01-16","25","30","19",
"USW00094789","JFK INTERNATIONAL AIRPORT, NY US","2003-01-17","22","31","12",
"USW00094789","JFK INTERNATIONAL AIRPORT, NY US","2003-01-18","14","20","7",
"USW00094789","JFK INTERNATIONAL AIRPORT, NY US","2003-01-19","23","29","17",
"USW00094789","JFK INTERNATIONAL AIRPORT, NY US","2003-01-20","27","34","19",
"USW00094789","JFK INTERNATIONAL AIRPORT, NY US","2003-01-21","22","27","16",
"USW00094789","JFK INTERNATIONAL AIRPORT, NY US","2003-01-22","18","24","11",
"USW00094789","JFK INTERNATIONAL AIRPORT, NY US","2003-01-23","15","21","9",
"USW00094789","JFK INTERNATIONAL AIRPORT, NY US","2003-01-24","19","29","8",
"USW00094789","JFK INTERNATIONAL AIRPORT, NY US","2003-01-25","25","30","19",
"USW00094789","JFK INTERNATIONAL AIRPORT, NY US","2003-01-26","27","34","20",
"USW00094789","JFK INTERNATIONAL AIRPORT, NY US","2003-01-27","18","28","8",
"USW00094789","JFK INTERNATIONAL AIRPORT, NY US","2003-01-28","16","25","7",
"USW00094789","JFK INTERNATIONAL AIRPORT, NY US","2003-01-29","29","33","25",
"USW00094789","JFK INTERNATIONAL AIRPORT, NY US","2003-01-30","28","34","21",
"USW00094789","JFK INTERNATIONAL AIRPORT, NY US","2003-01-31","34","37","31",
"USW00094789","JFK INTERNATIONAL AIRPORT, NY US","2003-02-01","35","36","34",
"USW00094789","JFK INTERNATIONAL AIRPORT, NY US","2003-02-02","42","47","36",
"USW00094789","JFK INTERNATIONAL AIRPORT, NY US","2003-02-03","42","49","35",
"USW00094789","JFK INTERNATIONAL AIRPORT, NY US","2003-02-04","42","46","37",
"USW00094789","JFK INTERNATIONAL AIRPORT, NY US","2003-02-05","32","37","26",
"USW00094789","JFK INTERNATIONAL AIRPORT, NY US","2003-02-06","26","31","21",
"USW00094789","JFK INTERNATIONAL AIRPORT, NY US","2003-02-07","29","34","24",
"USW00094789","JFK INTERNATIONAL AIRPORT, NY US","2003-02-08","23","27","19",
"USW00094789","JFK INTERNATIONAL AIRPORT, NY US","2003-02-09","28","35","20",
"USW00094789","JFK INTERNATIONAL AIRPORT, NY US","2003-02-10","33","36","29",
"USW00094789","JFK INTERNATIONAL AIRPORT, NY US","2003-02-11","25","33","16",
"USW00094789","JFK INTERNATIONAL AIRPORT, NY US","2003-02-12","27","33","20",
"USW00094789","JFK INTERNATIONAL AIRPORT, NY US","2003-02-13","21","25","17",
"USW00094789","JFK INTERNATIONAL AIRPORT, NY US","2003-02-14","22","29","15",
"USW00094789","JFK INTERNATIONAL AIRPORT, NY US","2003-02-15","22","29","14",
"USW00094789","JFK INTERNATIONAL AIRPORT, NY US","2003-02-16","13","16","9",
"USW00094789","JFK INTERNATIONAL AIRPORT, NY US","2003-02-17","21","25","16",
"USW00094789","JFK INTERNATIONAL AIRPORT, NY US","2003-02-18","28","33","23",
"USW00094789","JFK INTERNATIONAL AIRPORT, NY US","2003-02-19","29","38","20",
"USW00094789","JFK INTERNATIONAL AIRPORT, NY US","2003-02-20","38","46","30",
"USW00094789","JFK INTERNATIONAL AIRPORT, NY US","2003-02-21","32","40","23","    0"
"USW00094789","JFK INTERNATIONAL AIRPORT, NY US","2003-02-22","38","40","35","    0"
"USW00094789","JFK INTERNATIONAL AIRPORT, NY US","2003-02-23","38","44","31",
"USW00094789","JFK INTERNATIONAL AIRPORT, NY US","2003-02-24","32","37","27",
"USW00094789","JFK INTERNATIONAL AIRPORT, NY US","2003-02-25","26","33","19",
"USW00094789","JFK INTERNATIONAL AIRPORT, NY US","2003-02-26","20","24","16",
"USW00094789","JFK INTERNATIONAL AIRPORT, NY US","2003-02-27","27","33","20",
"USW00094789","JFK INTERNATIONAL AIRPORT, NY US","2003-02-28","33","37","28",
"USW00094789","JFK INTERNATIONAL AIRPORT, NY US","2003-03-01","33","37","28",
"USW00094789","JFK INTERNATIONAL AIRPORT, NY US","2003-03-02","41","46","36",
"USW00094789","JFK INTERNATIONAL AIRPORT, NY US","2003-03-03","27","40","13",
"USW00094789","JFK INTERNATIONAL AIRPORT, NY US","2003-03-04","27","37","16",
"USW00094789","JFK INTERNATIONAL AIRPORT, NY US","2003-03-05","42","50","33",
"USW00094789","JFK INTERNATIONAL AIRPORT, NY US","2003-03-06","33","45","20",
"USW00094789","JFK INTERNATIONAL AIRPORT, NY US","2003-03-07","23","32","14",
"USW00094789","JFK INTERNATIONAL AIRPORT, NY US","2003-03-08","36","43","29",
"USW00094789","JFK INTERNATIONAL AIRPORT, NY US","2003-03-09","39","54","23",
"USW00094789","JFK INTERNATIONAL AIRPORT, NY US","2003-03-10","25","30","19",
"USW00094789","JFK INTERNATIONAL AIRPORT, NY US","2003-03-11","29","36","21",
"USW00094789","JFK INTERNATIONAL AIRPORT, NY US","2003-03-12","39","46","31",
"USW00094789","JFK INTERNATIONAL AIRPORT, NY US","2003-03-13","40","48","31",
"USW00094789","JFK INTERNATIONAL AIRPORT, NY US","2003-03-14","29","35","22",
"USW00094789","JFK INTERNATIONAL AIRPORT, NY US","2003-03-15","39","45","32",
"USW00094789","JFK INTERNATIONAL AIRPORT, NY US","2003-03-16","47","60","34",
"USW00094789","JFK INTERNATIONAL AIRPORT, NY US","2003-03-17","58","69","46",
"USW00094789","JFK INTERNATIONAL AIRPORT, NY US","2003-03-18","53","65","40",
"USW00094789","JFK INTERNATIONAL AIRPORT, NY US","2003-03-19","38","42","34",
"USW00094789","JFK INTERNATIONAL AIRPORT, NY US","2003-03-20","42","49","35",
"USW00094789","JFK INTERNATIONAL AIRPORT, NY US","2003-03-21","51","56","45",
"USW00094789","JFK INTERNATIONAL AIRPORT, NY US","2003-03-22","56","66","45",
"USW00094789","JFK INTERNATIONAL AIRPORT, NY US","2003-03-23","51","59","42",
"USW00094789","JFK INTERNATIONAL AIRPORT, NY US","2003-03-24","47","54","39",
"USW00094789","JFK INTERNATIONAL AIRPORT, NY US","2003-03-25","45","50","39",
"USW00094789","JFK INTERNATIONAL AIRPORT, NY US","2003-03-26","51","59","43",
"USW00094789","JFK INTERNATIONAL AIRPORT, NY US","2003-03-27","50","58","41",
"USW00094789","JFK INTERNATIONAL AIRPORT, NY US","2003-03-28","49","57","40",
"USW00094789","JFK INTERNATIONAL AIRPORT, NY US","2003-03-29","55","62","48",
"USW00094789","JFK INTERNATIONAL AIRPORT, NY US","2003-03-30","45","56","34",
"USW00094789","JFK INTERNATIONAL AIRPORT, NY US","2003-03-31","38","44","32",
"USW00094789","JFK INTERNATIONAL AIRPORT, NY US","2003-04-01","37","43","30",
"USW00094789","JFK INTERNATIONAL AIRPORT, NY US","2003-04-02","47","55","39",
"USW00094789","JFK INTERNATIONAL AIRPORT, NY US","2003-04-03","47","52","41",
"USW00094789","JFK INTERNATIONAL AIRPORT, NY US","2003-04-04","40","43","36",
"USW00094789","JFK INTERNATIONAL AIRPORT, NY US","2003-04-05","40","43","36",
"USW00094789","JFK INTERNATIONAL AIRPORT, NY US","2003-04-06","41","48","34",
"USW00094789","JFK INTERNATIONAL AIRPORT, NY US","2003-04-07","34","37","30",
"USW00094789","JFK INTERNATIONAL AIRPORT, NY US","2003-04-08","36","39","32",
"USW00094789","JFK INTERNATIONAL AIRPORT, NY US","2003-04-09","36","38","34",
"USW00094789","JFK INTERNATIONAL AIRPORT, NY US","2003-04-10","43","50","35",
"USW00094789","JFK INTERNATIONAL AIRPORT, NY US","2003-04-11","41","44","38",
"USW00094789","JFK INTERNATIONAL AIRPORT, NY US","2003-04-12","56","69","43",
"USW00094789","JFK INTERNATIONAL AIRPORT, NY US","2003-04-13","53","61","44",
"USW00094789","JFK INTERNATIONAL AIRPORT, NY US","2003-04-14","47","53","41",
"USW00094789","JFK INTERNATIONAL AIRPORT, NY US","2003-04-15","54","63","44",
"USW00094789","JFK INTERNATIONAL AIRPORT, NY US","2003-04-16","67","86","47",
"USW00094789","JFK INTERNATIONAL AIRPORT, NY US","2003-04-17","41","47","35",
"USW00094789","JFK INTERNATIONAL AIRPORT, NY US","2003-04-18","43","50","35",
"USW00094789","JFK INTERNATIONAL AIRPORT, NY US","2003-04-19","50","60","39",
"USW00094789","JFK INTERNATIONAL AIRPORT, NY US","2003-04-20","48","60","43","    0"
"USW00094789","JFK INTERNATIONAL AIRPORT, NY US","2003-04-21","46","53","39",
"USW00094789","JFK INTERNATIONAL AIRPORT, NY US","2003-04-22","53","60","45",
"USW00094789","JFK INTERNATIONAL AIRPORT, NY US","2003-04-23","47","53","40",
"USW00094789","JFK INTERNATIONAL AIRPORT, NY US","2003-04-24","51","62","40",
"USW00094789","JFK INTERNATIONAL AIRPORT, NY US","2003-04-25","52","60","43",
"USW00094789","JFK INTERNATIONAL AIRPORT, NY US","2003-04-26","53","55","50",
"USW00094789","JFK INTERNATIONAL AIRPORT, NY US","2003-04-27","60","69","50",
"USW00094789","JFK INTERNATIONAL AIRPORT, NY US","2003-04-28","58","69","47",
"USW00094789","JFK INTERNATIONAL AIRPORT, NY US","2003-04-29","63","76","50",
"USW00094789","JFK INTERNATIONAL AIRPORT, NY US","2003-04-30","57","64","49",
"USW00094789","JFK INTERNATIONAL AIRPORT, NY US","2003-05-01","57","64","49",
"USW00094789","JFK INTERNATIONAL AIRPORT, NY US","2003-05-02","60","67","53",
"USW00094789","JFK INTERNATIONAL AIRPORT, NY US","2003-05-03","57","65","48",
"USW00094789","JFK INTERNATIONAL AIRPORT, NY US","2003-05-04","53","61","45",
"USW00094789","JFK INTERNATIONAL AIRPORT, NY US","2003-05-05","50","56","44",
"USW00094789","JFK INTERNATIONAL AIRPORT, NY US","2003-05-06","53","61","45",
"USW00094789","JFK INTERNATIONAL AIRPORT, NY US","2003-05-07","60","70","50",
"USW00094789","JFK INTERNATIONAL AIRPORT, NY US","2003-05-08","56","60","51",
"USW00094789","JFK INTERNATIONAL AIRPORT, NY US","2003-05-09","56","62","50",
"USW00094789","JFK INTERNATIONAL AIRPORT, NY US","2003-05-10","57","63","50",
"USW00094789","JFK INTERNATIONAL AIRPORT, NY US","2003-05-11","56","59","53",
"USW00094789","JFK INTERNATIONAL AIRPORT, NY US","2003-05-12","60","67","52",
"USW00094789","JFK INTERNATIONAL AIRPORT, NY US","2003-05-13","57","61","52",
"USW00094789","JFK INTERNATIONAL AIRPORT, NY US","2003-05-14","59","66","51",
"USW00094789","JFK INTERNATIONAL AIRPORT, NY US","2003-05-15","59","67","50",
"USW00094789","JFK INTERNATIONAL AIRPORT, NY US","2003-05-16","55","61","48",
"USW00094789","JFK INTERNATIONAL AIRPORT, NY US","2003-05-17","53","59","46",
"USW00094789","JFK INTERNATIONAL AIRPORT, NY US","2003-05-18","52","61","42",
"USW00094789","JFK INTERNATIONAL AIRPORT, NY US","2003-05-19","58","71","44",
"USW00094789","JFK INTERNATIONAL AIRPORT, NY US","2003-05-20","62","74","49",
"USW00094789","JFK INTERNATIONAL AIRPORT, NY US","2003-05-21","56","58","53",
"USW00094789","JFK INTERNATIONAL AIRPORT, NY US","2003-05-22","53","56","50",
"USW00094789","JFK INTERNATIONAL AIRPORT, NY US","2003-05-23","53","56","50",
"USW00094789","JFK INTERNATIONAL AIRPORT, NY US","2003-05-24","56","59","52",
"USW00094789","JFK INTERNATIONAL AIRPORT, NY US","2003-05-25","56","60","52",
"USW00094789","JFK INTERNATIONAL AIRPORT, NY US","2003-05-26","54","56","51",
"USW00094789","JFK INTERNATIONAL AIRPORT, NY US","2003-05-27","57","63","50",
"USW00094789","JFK INTERNATIONAL AIRPORT, NY US","2003-05-28","60","66","53",
"USW00094789","JFK INTERNATIONAL AIRPORT, NY US","2003-05-29","63","71","54",
"USW00094789","JFK INTERNATIONAL AIRPORT, NY US","2003-05-30","67","77","57",
"USW00094789","JFK INTERNATIONAL AIRPORT, NY US","2003-05-31","63","69","57",
"USW00094789","JFK INTERNATIONAL AIRPORT, NY US","2003-06-01","60","66","54",
"USW00094789","JFK INTERNATIONAL AIRPORT, NY US","2003-06-02","62","73","51",
"USW00094789","JFK INTERNATIONAL AIRPORT, NY US","2003-06-03","62","70","53",
"USW00094789","JFK INTERNATIONAL AIRPORT, NY US","2003-06-04","55","58","51",
"USW00094789","JFK INTERNATIONAL AIRPORT, NY US","2003-06-05","65","73","57",
"USW00094789","JFK INTERNATIONAL AIRPORT, NY US","2003-06-06","67","77","57",
"USW00094789","JFK INTERNATIONAL AIRPORT, NY US","2003-06-07","61","63","58",
"USW00094789","JFK INTERNATIONAL AIRPORT, NY US","2003-06-08","63","68","58",
"USW00094789","JFK INTERNATIONAL AIRPORT, NY US","2003-06-09","62","69","55",
"USW00094789","JFK INTERNATIONAL AIRPORT, NY US","2003-06-10","71","79","62",
"USW00094789","JFK INTERNATIONAL AIRPORT, NY US","2003-06-11","67","71","62",
"USW00094789","JFK INTERNATIONAL AIRPORT, NY US","2003-06-12","73","81","65",
"USW00094789","JFK INTERNATIONAL AIRPORT, NY US","2003-06-13","63","66","59",
"USW00094789","JFK INTERNATIONAL AIRPORT, NY US","2003-06-14","69","79","59",
"USW00094789","JFK INTERNATIONAL AIRPORT, NY US","2003-06-15","71","78","64",
"USW00094789","JFK INTERNATIONAL AIRPORT, NY US","2003-06-16","61","67","55",
"USW00094789","JFK INTERNATIONAL AIRPORT, NY US","2003-06-17","59","64","53",
"USW00094789","JFK INTERNATIONAL AIRPORT, NY US","2003-06-18","63","66","59",
"USW00094789","JFK INTERNATIONAL AIRPORT, NY US","2003-06-19","66","70","61",
"USW00094789","JFK INTERNATIONAL AIRPORT, NY US","2003-06-20","67","72","62",
"USW00094789","JFK INTERNATIONAL AIRPORT, NY US","2003-06-21","62","63","60",
"USW00094789","JFK INTERNATIONAL AIRPORT, NY US","2003-06-22","63","67","58",
"USW00094789","JFK INTERNATIONAL AIRPORT, NY US","2003-06-23","71","83","59",
"USW00094789","JFK INTERNATIONAL AIRPORT, NY US","2003-06-24","79","94","64",
"USW00094789","JFK INTERNATIONAL AIRPORT, NY US","2003-06-25","83","94","72",
"USW00094789","JFK INTERNATIONAL AIRPORT, NY US","2003-06-26","84","93","75",
"USW00094789","JFK INTERNATIONAL AIRPORT, NY US","2003-06-27","82","91","73",
"USW00094789","JFK INTERNATIONAL AIRPORT, NY US","2003-06-28","76","83","68",
"USW00094789","JFK INTERNATIONAL AIRPORT, NY US","2003-06-29","73","78","68",
"USW00094789","JFK INTERNATIONAL AIRPORT, NY US","2003-06-30","77","85","68",
"USW00094789","JFK INTERNATIONAL AIRPORT, NY US","2003-07-01","75","84","66",
"USW00094789","JFK INTERNATIONAL AIRPORT, NY US","2003-07-02","76","83","68",
"USW00094789","JFK INTERNATIONAL AIRPORT, NY US","2003-07-03","71","75","67",
"USW00094789","JFK INTERNATIONAL AIRPORT, NY US","2003-07-04","79","92","65",
"USW00094789","JFK INTERNATIONAL AIRPORT, NY US","2003-07-05","84","93","74",
"USW00094789","JFK INTERNATIONAL AIRPORT, NY US","2003-07-06","84","93","74",
"USW00094789","JFK INTERNATIONAL AIRPORT, NY US","2003-07-07","80","85","75",
"USW00094789","JFK INTERNATIONAL AIRPORT, NY US","2003-07-08","82","91","73",
"USW00094789","JFK INTERNATIONAL AIRPORT, NY US","2003-07-09","78","88","67",
"USW00094789","JFK INTERNATIONAL AIRPORT, NY US","2003-07-10","68","70","66",
"USW00094789","JFK INTERNATIONAL AIRPORT, NY US","2003-07-11","73","81","65",
"USW00094789","JFK INTERNATIONAL AIRPORT, NY US","2003-07-12","77","85","68",
"USW00094789","JFK INTERNATIONAL AIRPORT, NY US","2003-07-13","77","85","68",
"USW00094789","JFK INTERNATIONAL AIRPORT, NY US","2003-07-14","71","76","66",
"USW00094789","JFK INTERNATIONAL AIRPORT, NY US","2003-07-15","72","80","64",
"USW00094789","JFK INTERNATIONAL AIRPORT, NY US","2003-07-16","75","82","68",
"USW00094789","JFK INTERNATIONAL AIRPORT, NY US","2003-07-17","76","86","66",
"USW00094789","JFK INTERNATIONAL AIRPORT, NY US","2003-07-18","75","82","67",
"USW00094789","JFK INTERNATIONAL AIRPORT, NY US","2003-07-19","74","81","67",
"USW00094789","JFK INTERNATIONAL AIRPORT, NY US","2003-07-20","74","82","66",
"USW00094789","JFK INTERNATIONAL AIRPORT, NY US","2003-07-21","74","80","68",
"USW00094789","JFK INTERNATIONAL AIRPORT, NY US","2003-07-22","75","81","69",
"USW00094789","JFK INTERNATIONAL AIRPORT, NY US","2003-07-23","74","78","70",
"USW00094789","JFK INTERNATIONAL AIRPORT, NY US","2003-07-24","73","78","68",
"USW00094789","JFK INTERNATIONAL AIRPORT, NY US","2003-07-25","76","84","67",
"USW00094789","JFK INTERNATIONAL AIRPORT, NY US","2003-07-26","77","85","68",
"USW00094789","JFK INTERNATIONAL AIRPORT, NY US","2003-07-27","82","89","74",
"USW00094789","JFK INTERNATIONAL AIRPORT, NY US","2003-07-28","79","85","73",
"USW00094789","JFK INTERNATIONAL AIRPORT, NY US","2003-07-29","72","76","67",
"USW00094789","JFK INTERNATIONAL AIRPORT, NY US","2003-07-30","72","78","65",
"USW00094789","JFK INTERNATIONAL AIRPORT, NY US","2003-07-31","74","81","66",
"USW00094789","JFK INTERNATIONAL AIRPORT, NY US","2003-08-01","74","77","70",
"USW00094789","JFK INTERNATIONAL AIRPORT, NY US","2003-08-02","76","81","71",
"USW00094789","JFK INTERNATIONAL AIRPORT, NY US","2003-08-03","77","81","72",
"USW00094789","JFK INTERNATIONAL AIRPORT, NY US","2003-08-04","77","81","72",
"USW00094789","JFK INTERNATIONAL AIRPORT, NY US","2003-08-05","75","79","71",
"USW00094789","JFK INTERNATIONAL AIRPORT, NY US","2003-08-06","75","79","70",
"USW00094789","JFK INTERNATIONAL AIRPORT, NY US","2003-08-07","74","78","70",
"USW00094789","JFK INTERNATIONAL AIRPORT, NY US","2003-08-08","78","82","73",
"USW00094789","JFK INTERNATIONAL AIRPORT, NY US","2003-08-09","75","77","73",
"USW00094789","JFK INTERNATIONAL AIRPORT, NY US","2003-08-10","77","80","73",
"USW00094789","JFK INTERNATIONAL AIRPORT, NY US","2003-08-11","76","80","71","    0"
"USW00094789","JFK INTERNATIONAL AIRPORT, NY US","2003-08-12","77","82","72",
"USW00094789","JFK INTERNATIONAL AIRPORT, NY US","2003-08-13","77","83","71",
"USW00094789","JFK INTERNATIONAL AIRPORT, NY US","2003-08-14",,"93","76",
"USW00094789","JFK INTERNATIONAL AIRPORT, NY US","2003-08-15","82","91","74",
"USW00094789","JFK INTERNATIONAL AIRPORT, NY US","2003-08-16","81","89","73",
"USW00094789","JFK INTERNATIONAL AIRPORT, NY US","2003-08-17","74","82","65",
"USW00094789","JFK INTERNATIONAL AIRPORT, NY US","2003-08-18","71","78","64",
"USW00094789","JFK INTERNATIONAL AIRPORT, NY US","2003-08-19","74","80","68",
"USW00094789","JFK INTERNATIONAL AIRPORT, NY US","2003-08-20","79","87","71",
"USW00094789","JFK INTERNATIONAL AIRPORT, NY US","2003-08-21","79","87","71",
"USW00094789","JFK INTERNATIONAL AIRPORT, NY US","2003-08-22","83","91","74",
"USW00094789","JFK INTERNATIONAL AIRPORT, NY US","2003-08-23","77","86","68",
"USW00094789","JFK INTERNATIONAL AIRPORT, NY US","2003-08-24","71","80","62",
"USW00094789","JFK INTERNATIONAL AIRPORT, NY US","2003-08-25","76","86","65",
"USW00094789","JFK INTERNATIONAL AIRPORT, NY US","2003-08-26","76","82","70",
"USW00094789","JFK INTERNATIONAL AIRPORT, NY US","2003-08-27","83","90","71",
"USW00094789","JFK INTERNATIONAL AIRPORT, NY US","2003-08-28","76","82","69",
"USW00094789","JFK INTERNATIONAL AIRPORT, NY US","2003-08-29","74","80","67",
"USW00094789","JFK INTERNATIONAL AIRPORT, NY US","2003-08-30","78","88","67",
"USW00094789","JFK INTERNATIONAL AIRPORT, NY US","2003-08-31","69","75","62",
"USW00094789","JFK INTERNATIONAL AIRPORT, NY US","2003-09-01","66","68","63",
"USW00094789","JFK INTERNATIONAL AIRPORT, NY US","2003-09-02","63","64","61",
"USW00094789","JFK INTERNATIONAL AIRPORT, NY US","2003-09-03","67","71","62",
"USW00094789","JFK INTERNATIONAL AIRPORT, NY US","2003-09-04","73","76","70",
"USW00094789","JFK INTERNATIONAL AIRPORT, NY US","2003-09-05","73","80","65","    0"
"USW00094789","JFK INTERNATIONAL AIRPORT, NY US","2003-09-06","69","78","60",
"USW00094789","JFK INTERNATIONAL AIRPORT, NY US","2003-09-07","71","80","61",
"USW00094789","JFK INTERNATIONAL AIRPORT, NY US","2003-09-08","70","76","64",
"USW00094789","JFK INTERNATIONAL AIRPORT, NY US","2003-09-09","67","74","60",
"USW00094789","JFK INTERNATIONAL AIRPORT, NY US","2003-09-10","66","77","55",
"USW00094789","JFK INTERNATIONAL AIRPORT, NY US","2003-09-11","71","80","61",
"USW00094789","JFK INTERNATIONAL AIRPORT, NY US","2003-09-12","69","76","61",
"USW00094789","JFK INTERNATIONAL AIRPORT, NY US","2003-09-13","71","76","66",
"USW00094789","JFK INTERNATIONAL AIRPORT, NY US","2003-09-14","77","81","72",
"USW00094789","JFK INTERNATIONAL AIRPORT, NY US","2003-09-15","74","78","70",
"USW00094789","JFK INTERNATIONAL AIRPORT, NY US","2003-09-16","73","81","64",
"USW00094789","JFK INTERNATIONAL AIRPORT, NY US","2003-09-17","70","80","59",
"USW00094789","JFK INTERNATIONAL AIRPORT, NY US","2003-09-18","69","73","65",
"USW00094789","JFK INTERNATIONAL AIRPORT, NY US","2003-09-19","76","80","71",
"USW00094789","JFK INTERNATIONAL AIRPORT, NY US","2003-09-20","73","80","66","    0"
"USW00094789","JFK INTERNATIONAL AIRPORT, NY US","2003-09-21","70","79","60",
"USW00094789","JFK INTERNATIONAL AIRPORT, NY US","2003-09-22","67","73","61",
"USW00094789","JFK INTERNATIONAL AIRPORT, NY US","2003-09-23","69","74","63","    0"
"USW00094789","JFK INTERNATIONAL AIRPORT, NY US","2003-09-24","66","73","58",
"USW00094789","JFK INTERNATIONAL AIRPORT, NY US","2003-09-25","71","76","65",
"USW00094789","JFK INTERNATIONAL AIRPORT, NY US","2003-09-26","69","74","63",
"USW00094789","JFK INTERNATIONAL AIRPORT, NY US","2003-09-27","73","79","67",
"USW00094789","JFK INTERNATIONAL AIRPORT, NY US","2003-09-28","65","72","58",
"USW00094789","JFK INTERNATIONAL AIRPORT, NY US","2003-09-29","63","70","55",
"USW00094789","JFK INTERNATIONAL AIRPORT, NY US","2003-09-30","59","65","52",
"USW00094789","JFK INTERNATIONAL AIRPORT, NY US","2003-10-01","60","65","54",
"USW00094789","JFK INTERNATIONAL AIRPORT, NY US","2003-10-02","54","62","45",
"USW00094789","JFK INTERNATIONAL AIRPORT, NY US","2003-10-03","49","57","40",
"USW00094789","JFK INTERNATIONAL AIRPORT, NY US","2003-10-04","58","64","51",
"USW00094789","JFK INTERNATIONAL AIRPORT, NY US","2003-10-05","55","62","47",
"USW00094789","JFK INTERNATIONAL AIRPORT, NY US","2003-10-06","52","62","42",
"USW00094789","JFK INTERNATIONAL AIRPORT, NY US","2003-10-07","52","63","41",
"USW00094789","JFK INTERNATIONAL AIRPORT, NY US","2003-10-08","62","70","54",
"USW00094789","JFK INTERNATIONAL AIRPORT, NY US","2003-10-09","67","78","56",
"USW00094789","JFK INTERNATIONAL AIRPORT, NY US","2003-10-10","62","67","57",
"USW00094789","JFK INTERNATIONAL AIRPORT, NY US","2003-10-11","64","73","54",
"USW00094789","JFK INTERNATIONAL AIRPORT, NY US","2003-10-12","62","68","56",
"USW00094789","JFK INTERNATIONAL AIRPORT, NY US","2003-10-13","64","72","55",
"USW00094789","JFK INTERNATIONAL AIRPORT, NY US","2003-10-14","60","69","50",
"USW00094789","JFK INTERNATIONAL AIRPORT, NY US","2003-10-15","59","65","52",
"USW00094789","JFK INTERNATIONAL AIRPORT, NY US","2003-10-16","59","67","50",
"USW00094789","JFK INTERNATIONAL AIRPORT, NY US","2003-10-17","52","57","46",
"USW00094789","JFK INTERNATIONAL AIRPORT, NY US","2003-10-18","51","58","44",
"USW00094789","JFK INTERNATIONAL AIRPORT, NY US","2003-10-19","50","59","41",
"USW00094789","JFK INTERNATIONAL AIRPORT, NY US","2003-10-20","48","58","38",
"USW00094789","JFK INTERNATIONAL AIRPORT, NY US","2003-10-21","65","72","57",
"USW00094789","JFK INTERNATIONAL AIRPORT, NY US","2003-10-22","47","57","37",
"USW00094789","JFK INTERNATIONAL AIRPORT, NY US","2003-10-23","42","47","37",
"USW00094789","JFK INTERNATIONAL AIRPORT, NY US","2003-10-24","45","53","37",
"USW00094789","JFK INTERNATIONAL AIRPORT, NY US","2003-10-25","47","59","34",
"USW00094789","JFK INTERNATIONAL AIRPORT, NY US","2003-10-26","62","65","59",
"USW00094789","JFK INTERNATIONAL AIRPORT, NY US","2003-10-27","59","64","53",
"USW00094789","JFK INTERNATIONAL AIRPORT, NY US","2003-10-28","52","58","45",
"USW00094789","JFK INTERNATIONAL AIRPORT, NY US","2003-10-29","55","60","50",
"USW00094789","JFK INTERNATIONAL AIRPORT, NY US","2003-10-30","53","61","45",
"USW00094789","JFK INTERNATIONAL AIRPORT, NY US","2003-10-31","54","64","44",
"USW00094789","JFK INTERNATIONAL AIRPORT, NY US","2003-11-01","61","69","52",
"USW00094789","JFK INTERNATIONAL AIRPORT, NY US","2003-11-02","61","65","56",
"USW00094789","JFK INTERNATIONAL AIRPORT, NY US","2003-11-03","65","75","55",
"USW00094789","JFK INTERNATIONAL AIRPORT, NY US","2003-11-04","56","60","52",
"USW00094789","JFK INTERNATIONAL AIRPORT, NY US","2003-11-05","57","61","53",
"USW00094789","JFK INTERNATIONAL AIRPORT, NY US","2003-11-06","56","60","51",
"USW00094789","JFK INTERNATIONAL AIRPORT, NY US","2003-11-07","53","57","49",
"USW00094789","JFK INTERNATIONAL AIRPORT, NY US","2003-11-08","43","52","34",
"USW00094789","JFK INTERNATIONAL AIRPORT, NY US","2003-11-09","37","44","29",
"USW00094789","JFK INTERNATIONAL AIRPORT, NY US","2003-11-10","38","47","29",
"USW00094789","JFK INTERNATIONAL AIRPORT, NY US","2003-11-11","45","54","36",
"USW00094789","JFK INTERNATIONAL AIRPORT, NY US","2003-11-12","53","56","50",
"USW00094789","JFK INTERNATIONAL AIRPORT, NY US","2003-11-13","48","57","38",
"USW00094789","JFK INTERNATIONAL AIRPORT, NY US","2003-11-14","40","46","34",
"USW00094789","JFK INTERNATIONAL AIRPORT, NY US","2003-11-15","44","49","38",
"USW00094789","JFK INTERNATIONAL AIRPORT, NY US","2003-11-16","42","50","34",
"USW00094789","JFK INTERNATIONAL AIRPORT, NY US","2003-11-17","50","55","44",
"USW00094789","JFK INTERNATIONAL AIRPORT, NY US","2003-11-18","51","55","46",
"USW00094789","JFK INTERNATIONAL AIRPORT, NY US","2003-11-19","59","62","55",
"USW00094789","JFK INTERNATIONAL AIRPORT, NY US","2003-11-20","51","57","44",
"USW00094789","JFK INTERNATIONAL AIRPORT, NY US","2003-11-21","53","65","41",
"USW00094789","JFK INTERNATIONAL AIRPORT, NY US","2003-11-22","52","61","43",
"USW00094789","JFK INTERNATIONAL AIRPORT, NY US","2003-11-23","47","54","39",
"USW00094789","JFK INTERNATIONAL AIRPORT, NY US","2003-11-24","48","57","38",
"USW00094789","JFK INTERNATIONAL AIRPORT, NY US","2003-11-25","41","46","36",
"USW00094789","JFK INTERNATIONAL AIRPORT, NY US","2003-11-26","40","46","33",
"USW00094789","JFK INTERNATIONAL AIRPORT, NY US","2003-11-27","45","53","37",
"USW00094789","JFK INTERNATIONAL AIRPORT, NY US","2003-11-28","56","61","51",
"USW00094789","JFK INTERNATIONAL AIRPORT, NY US","2003-11-29","46","52","39",
"USW00094789","JFK INTERNATIONAL AIRPORT, NY US","2003-11-30","44","50","38",
"USW00094789","JFK INTERNATIONAL AIRPORT, NY US","2003-12-01","45","53","36",
"USW00094789","JFK INTERNATIONAL AIRPORT, NY US","2003-12-02","30","38","22",
"USW00094789","JFK INTERNATIONAL AIRPORT, NY US","2003-12-03","26","31","21",
"USW00094789","JFK INTERNATIONAL AIRPORT, NY US","2003-12-04","34","41","26",
"USW00094789","JFK INTERNATIONAL AIRPORT, NY US","2003-12-05","32","35","28",
"USW00094789","JFK INTERNATIONAL AIRPORT, NY US","2003-12-06","28","32","23",
"USW00094789","JFK INTERNATIONAL AIRPORT, NY US","2003-12-07","26","29","23",
"USW00094789","JFK INTERNATIONAL AIRPORT, NY US","2003-12-08","29","36","22",
"USW00094789","JFK INTERNATIONAL AIRPORT, NY US","2003-12-09","31","36","26",
"USW00094789","JFK INTERNATIONAL AIRPORT, NY US","2003-12-10","42","50","33",
"USW00094789","JFK INTERNATIONAL AIRPORT, NY US","2003-12-11","49","57","40",
"USW00094789","JFK INTERNATIONAL AIRPORT, NY US","2003-12-12","38","42","34",
"USW00094789","JFK INTERNATIONAL AIRPORT, NY US","2003-12-13","32","35","29",
"USW00094789","JFK INTERNATIONAL AIRPORT, NY US","2003-12-14","38","47","28",
"USW00094789","JFK INTERNATIONAL AIRPORT, NY US","2003-12-15","39","46","31",
"USW00094789","JFK INTERNATIONAL AIRPORT, NY US","2003-12-16","37","46","28",
"USW00094789","JFK INTERNATIONAL AIRPORT, NY US","2003-12-17","45","54","35",
"USW00094789","JFK INTERNATIONAL AIRPORT, NY US","2003-12-18","35","37","32",
"USW00094789","JFK INTERNATIONAL AIRPORT, NY US","2003-12-19","33","36","30",
"USW00094789","JFK INTERNATIONAL AIRPORT, NY US","2003-12-20","34","40","27",
"USW00094789","JFK INTERNATIONAL AIRPORT, NY US","2003-12-21","32","39","24",
"USW00094789","JFK INTERNATIONAL AIRPORT, NY US","2003-12-22","41","48","33",
"USW00094789","JFK INTERNATIONAL AIRPORT, NY US","2003-12-23","46","50","41",
"USW00094789","JFK INTERNATIONAL AIRPORT, NY US","2003-12-24","49","54","44",
"USW00094789","JFK INTERNATIONAL AIRPORT, NY US","2003-12-25","40","45","34",
"USW00094789","JFK INTERNATIONAL AIRPORT, NY US","2003-12-26","37","42","31",
"USW00094789","JFK INTERNATIONAL AIRPORT, NY US","2003-12-27","44","52","36",
"USW00094789","JFK INTERNATIONAL AIRPORT, NY US","2003-12-28","40","48","31",
"USW00094789","JFK INTERNATIONAL AIRPORT, NY US","2003-12-29","40","49","31",
"USW00094789","JFK INTERNATIONAL AIRPORT, NY US","2003-12-30","46","54","37",
"USW00094789","JFK INTERNATIONAL AIRPORT, NY US","2003-12-31","41","45","36",
"USW00094789","JFK INTERNATIONAL AIRPORT, NY US","2004-01-01","40","46","33",
"USW00094789","JFK INTERNATIONAL AIRPORT, NY US","2004-01-02","41","48","33",
"USW00094789","JFK INTERNATIONAL AIRPORT, NY US","2004-01-03","45","50","40",
"USW00094789","JFK INTERNATIONAL AIRPORT, NY US","2004-01-04","45","52","38",
"USW00094789","JFK INTERNATIONAL AIRPORT, NY US","2004-01-05","39","40","37",
"USW00094789","JFK INTERNATIONAL AIRPORT, NY US","2004-01-06","32","39","24",
"USW00094789","JFK INTERNATIONAL AIRPORT, NY US","2004-01-07","22","26","18",
"USW00094789","JFK INTERNATIONAL AIRPORT, NY US","2004-01-08","27","32","22",
"USW00094789","JFK INTERNATIONAL AIRPORT, NY US","2004-01-09","18","29","6",
"USW00094789","JFK INTERNATIONAL AIRPORT, NY US","2004-01-10","9","16","2",
"USW00094789","JFK INTERNATIONAL AIRPORT, NY US","2004-01-11","17","27","6",
"USW00094789","JFK INTERNATIONAL AIRPORT, NY US","2004-01-12","32","38","25",
"USW00094789","JFK INTERNATIONAL AIRPORT, NY US","2004-01-13","31","45","17",
"USW00094789","JFK INTERNATIONAL AIRPORT, NY US","2004-01-14","14","17","10",
"USW00094789","JFK INTERNATIONAL AIRPORT, NY US","2004-01-15","10","17","2",
"USW00094789","JFK INTERNATIONAL AIRPORT, NY US","2004-01-16","13","25","1",
"USW00094789","JFK INTERNATIONAL AIRPORT, NY US","2004-01-17","27","35","19",
"USW00094789","JFK INTERNATIONAL AIRPORT, NY US","2004-01-18","32","35","28",
"USW00094789","JFK INTERNATIONAL AIRPORT, NY US","2004-01-19","24","28","20",
"USW00094789","JFK INTERNATIONAL AIRPORT, NY US","2004-01-20","23","28","18",
"USW00094789","JFK INTERNATIONAL AIRPORT, NY US","2004-01-21","22","28","16",
"USW00094789","JFK INTERNATIONAL AIRPORT, NY US","2004-01-22","29","38","19",
"USW00094789","JFK INTERNATIONAL AIRPORT, NY US","2004-01-23","17","20","14",
"USW00094789","JFK INTERNATIONAL AIRPORT, NY US","2004-01-24","17","24","10",
"USW00094789","JFK INTERNATIONAL AIRPORT, NY US","2004-01-25","13","19","7",
"USW00094789","JFK INTERNATIONAL AIRPORT, NY US","2004-01-26","19","22","15",
"USW00094789","JFK INTERNATIONAL AIRPORT, NY US","2004-01-27","22","25","19",
"USW00094789","JFK INTERNATIONAL AIRPORT, NY US","2004-01-28","25","30","19",
"USW00094789","JFK INTERNATIONAL AIRPORT, NY US","2004-01-29","23","27","19",
"USW00094789","JFK INTERNATIONAL AIRPORT, NY US","2004-01-30","20","24","15",
"USW00094789","JFK INTERNATIONAL AIRPORT, NY US","2004-01-31","22","27","16",
"USW00094789","JFK INTERNATIONAL AIRPORT, NY US","2004-02-01","27","35","18",
"USW00094789","JFK INTERNATIONAL AIRPORT, NY US","2004-02-02","29","35","23","    0"
"USW00094789","JFK INTERNATIONAL AIRPORT, NY US","2004-02-03","32","40","23",
"USW00094789","JFK INTERNATIONAL AIRPORT, NY US","2004-02-04","39","44","33",
"USW00094789","JFK INTERNATIONAL AIRPORT, NY US","2004-02-05","30","36","24",
"USW00094789","JFK INTERNATIONAL AIRPORT, NY US","2004-02-06","35","41","29",
"USW00094789","JFK INTERNATIONAL AIRPORT, NY US","2004-02-07","35","43","27",
"USW00094789","JFK INTERNATIONAL AIRPORT, NY US","2004-02-08","26","32","20",
"USW00094789","JFK INTERNATIONAL AIRPORT, NY US","2004-02-09","34","45","22",
"USW00094789","JFK INTERNATIONAL AIRPORT, NY US","2004-02-10","39","46","32",
"USW00094789","JFK INTERNATIONAL AIRPORT, NY US","2004-02-11","36","41","30",
"USW00094789","JFK INTERNATIONAL AIRPORT, NY US","2004-02-12","32","38","26",
"USW00094789","JFK INTERNATIONAL AIRPORT, NY US","2004-02-13","37","43","30",
"USW00094789","JFK INTERNATIONAL AIRPORT, NY US","2004-02-14","38","43","33",
"USW00094789","JFK INTERNATIONAL AIRPORT, NY US","2004-02-15","27","35","18",
"USW00094789","JFK INTERNATIONAL AIRPORT, NY US","2004-02-16","24","33","14",
"USW00094789","JFK INTERNATIONAL AIRPORT, NY US","2004-02-17","28","35","20","    0"
"USW00094789","JFK INTERNATIONAL AIRPORT, NY US","2004-02-18","36","42","29",
"USW00094789","JFK INTERNATIONAL AIRPORT, NY US","2004-02-19",,"46","29",
"USW00094789","JFK INTERNATIONAL AIRPORT, NY US","2004-02-20","34","40","27",
"USW00094789","JFK INTERNATIONAL AIRPORT, NY US","2004-02-21","44","53","35",
"USW00094789","JFK INTERNATIONAL AIRPORT, NY US","2004-02-22","40","45","34",
"USW00094789","JFK INTERNATIONAL AIRPORT, NY US","2004-02-23","38","47","29",
"USW00094789","JFK INTERNATIONAL AIRPORT, NY US","2004-02-24","33","37","29",
"USW00094789","JFK INTERNATIONAL AIRPORT, NY US","2004-02-25","32","42","22",
"USW00094789","JFK INTERNATIONAL AIRPORT, NY US","2004-02-26","35","44","26","    0"
"USW00094789","JFK INTERNATIONAL AIRPORT, NY US","2004-02-27","36","45","27",
"USW00094789","JFK INTERNATIONAL AIRPORT, NY US","2004-02-28","44","58","29",
"USW00094789","JFK INTERNATIONAL AIRPORT, NY US","2004-02-29","47","61","33",
"USW00094789","JFK INTERNATIONAL AIRPORT, NY US","2004-03-01","47","58","36",
"USW00094789","JFK INTERNATIONAL AIRPORT, NY US","2004-03-02","52","63","41",
"USW00094789","JFK INTERNATIONAL AIRPORT, NY US","2004-03-03","53","60","46",
"USW00094789","JFK INTERNATIONAL AIRPORT, NY US","2004-03-04","45","48","42",
"USW00094789","JFK INTERNATIONAL AIRPORT, NY US","2004-03-05","45","46","43",
"USW00094789","JFK INTERNATIONAL AIRPORT, NY US","2004-03-06","54","63","45",
"USW00094789","JFK INTERNATIONAL AIRPORT, NY US","2004-03-07","46","51","40",
"USW00094789","JFK INTERNATIONAL AIRPORT, NY US","2004-03-08","37","40","33",
"USW00094789","JFK INTERNATIONAL AIRPORT, NY US","2004-03-09","39","44","34",
"USW00094789","JFK INTERNATIONAL AIRPORT, NY US","2004-03-10","39","44","34",
"USW00094789","JFK INTERNATIONAL AIRPORT, NY US","2004-03-11","45","55","35",
"USW00094789","JFK INTERNATIONAL AIRPORT, NY US","2004-03-12","41","46","35",
"USW00094789","JFK INTERNATIONAL AIRPORT, NY US","2004-03-13","38","45","31",
"USW00094789","JFK INTERNATIONAL AIRPORT, NY US","2004-03-14","34","41","27",
"USW00094789","JFK INTERNATIONAL AIRPORT, NY US","2004-03-15","49","59","38",
"USW00094789","JFK INTERNATIONAL AIRPORT, NY US","2004-03-16","38","44","31",
"USW00094789","JFK INTERNATIONAL AIRPORT, NY US","2004-03-17","30","31","29",
"USW00094789","JFK INTERNATIONAL AIRPORT, NY US","2004-03-18","33","38","28",
"USW00094789","JFK INTERNATIONAL AIRPORT, NY US","2004-03-19","37","41","33",
"USW00094789","JFK INTERNATIONAL AIRPORT, NY US","2004-03-20","36","45","27",
"USW00094789","JFK INTERNATIONAL AIRPORT, NY US","2004-03-21","41","52","30",
"USW00094789","JFK INTERNATIONAL AIRPORT, NY US","2004-03-22","32","36","27",
"USW00094789","JFK INTERNATIONAL AIRPORT, NY US","2004-03-23","34","46","22",
"USW00094789","JFK INTERNATIONAL AIRPORT, NY US","2004-03-24","43","53","33",
"USW00094789","JFK INTERNATIONAL AIRPORT, NY US","2004-03-25","45","47","43",
"USW00094789","JFK INTERNATIONAL AIRPORT, NY US","2004-03-26","51","57","44",
"USW00094789","JFK INTERNATIONAL AIRPORT, NY US","2004-03-27","59","72","46",
"USW00094789","JFK INTERNATIONAL AIRPORT, NY US","2004-03-28","50","58","42",
"USW00094789","JFK INTERNATIONAL AIRPORT, NY US","2004-03-29","42","48","35",
"USW00094789","JFK INTERNATIONAL AIRPORT, NY US","2004-03-30","41","45","36",
"USW00094789","JFK INTERNATIONAL AIRPORT, NY US","2004-03-31","45","48","41",
"USW00094789","JFK INTERNATIONAL AIRPORT, NY US","2004-04-01","49","54","43",
"USW00094789","JFK INTERNATIONAL AIRPORT, NY US","2004-04-02","46","50","42",
"USW00094789","JFK INTERNATIONAL AIRPORT, NY US","2004-04-03","45","50","40",
"USW00094789","JFK INTERNATIONAL AIRPORT, NY US","2004-04-04","44","54","33",
"USW00094789","JFK INTERNATIONAL AIRPORT, NY US","2004-04-05","39","46","31",
"USW00094789","JFK INTERNATIONAL AIRPORT, NY US","2004-04-06","44","56","32",
"USW00094789","JFK INTERNATIONAL AIRPORT, NY US","2004-04-07","56","68","43",
"USW00094789","JFK INTERNATIONAL AIRPORT, NY US","2004-04-08","47","53","40",
"USW00094789","JFK INTERNATIONAL AIRPORT, NY US","2004-04-09","52","63","41",
"USW00094789","JFK INTERNATIONAL AIRPORT, NY US","2004-04-10","52","62","42",
"USW00094789","JFK INTERNATIONAL AIRPORT, NY US","2004-04-11","47","50","44",
"USW00094789","JFK INTERNATIONAL AIRPORT, NY US","2004-04-12","50","57","42",
"USW00094789","JFK INTERNATIONAL AIRPORT, NY US","2004-04-13","50","57","43",
"USW00094789","JFK INTERNATIONAL AIRPORT, NY US","2004-04-14","51","57","45",
"USW00094789","JFK INTERNATIONAL AIRPORT, NY US","2004-04-15","51","59","42",
"USW00094789","JFK INTERNATIONAL AIRPORT, NY US","2004-04-16","52","63","41",
"USW00094789","JFK INTERNATIONAL AIRPORT, NY US","2004-04-17","51","59","42",
"USW00094789","JFK INTERNATIONAL AIRPORT, NY US","2004-04-18","61","73","48",
"USW00094789","JFK INTERNATIONAL AIRPORT, NY US","2004-04-19","61","76","45",
"USW00094789","JFK INTERNATIONAL AIRPORT, NY US","2004-04-20","63","76","50",
"USW00094789","JFK INTERNATIONAL AIRPORT, NY US","2004-04-21","53","57","48",
"USW00094789","JFK INTERNATIONAL AIRPORT, NY US","2004-04-22","61","72","50",
"USW00094789","JFK INTERNATIONAL AIRPORT, NY US","2004-04-23","55","63","46",
"USW00094789","JFK INTERNATIONAL AIRPORT, NY US","2004-04-24","58","70","46",
"USW00094789","JFK INTERNATIONAL AIRPORT, NY US","2004-04-25","49","54","44",
"USW00094789","JFK INTERNATIONAL AIRPORT, NY US","2004-04-26","53","58","47",
"USW00094789","JFK INTERNATIONAL AIRPORT, NY US","2004-04-27","60","68","51",
"USW00094789","JFK INTERNATIONAL AIRPORT, NY US","2004-04-28","50","59","41",
"USW00094789","JFK INTERNATIONAL AIRPORT, NY US","2004-04-29","55","61","49",
"USW00094789","JFK INTERNATIONAL AIRPORT, NY US","2004-04-30","57","63","50",
"USW00094789","JFK INTERNATIONAL AIRPORT, NY US","2004-05-01","58","65","51",
"USW00094789","JFK INTERNATIONAL AIRPORT, NY US","2004-05-02","58","61","55",
"USW00094789","JFK INTERNATIONAL AIRPORT, NY US","2004-05-03","55","63","46",
"USW00094789","JFK INTERNATIONAL AIRPORT, NY US","2004-05-04","53","62","43",
"USW00094789","JFK INTERNATIONAL AIRPORT, NY US","2004-05-05","53","60","45",
"USW00094789","JFK INTERNATIONAL AIRPORT, NY US","2004-05-06","57","65","49",
"USW00094789","JFK INTERNATIONAL AIRPORT, NY US","2004-05-07","67","82","51",
"USW00094789","JFK INTERNATIONAL AIRPORT, NY US","2004-05-08","56","62","49",
"USW00094789","JFK INTERNATIONAL AIRPORT, NY US","2004-05-09","57","65","49",
"USW00094789","JFK INTERNATIONAL AIRPORT, NY US","2004-05-10","60","67","53",
"USW00094789","JFK INTERNATIONAL AIRPORT, NY US","2004-05-11","68","77","58",
"USW00094789","JFK INTERNATIONAL AIRPORT, NY US","2004-05-12","72","82","61",
"USW00094789","JFK INTERNATIONAL AIRPORT, NY US","2004-05-13","69","82","56",
"USW00094789","JFK INTERNATIONAL AIRPORT, NY US","2004-05-14","60","65","54",
"USW00094789","JFK INTERNATIONAL AIRPORT, NY US","2004-05-15","69","78","59",
"USW00094789","JFK INTERNATIONAL AIRPORT, NY US","2004-05-16","71","78","64",
"USW00094789","JFK INTERNATIONAL AIRPORT, NY US","2004-05-17","63","68","57",
"USW00094789","JFK INTERNATIONAL AIRPORT, NY US","2004-05-18","66","73","59",
"USW00094789","JFK INTERNATIONAL AIRPORT, NY US","2004-05-19","66","73","58",
"USW00094789","JFK INTERNATIONAL AIRPORT, NY US","2004-05-20","63","69","57",
"USW00094789","JFK INTERNATIONAL AIRPORT, NY US","2004-05-21","67","74","60",
"USW00094789","JFK INTERNATIONAL AIRPORT, NY US","2004-05-22","67","76","58",
"USW00094789","JFK INTERNATIONAL AIRPORT, NY US","2004-05-23","69","80","58",
"USW00094789","JFK INTERNATIONAL AIRPORT, NY US","2004-05-24","67","73","61",
"USW00094789","JFK INTERNATIONAL AIRPORT, NY US","2004-05-25","62","69","55",
"USW00094789","JFK INTERNATIONAL AIRPORT, NY US","2004-05-26","58","61","54",
"USW00094789","JFK INTERNATIONAL AIRPORT, NY US","2004-05-27","64","72","56",
"USW00094789","JFK INTERNATIONAL AIRPORT, NY US","2004-05-28","69","77","60",
"USW00094789","JFK INTERNATIONAL AIRPORT, NY US","2004-05-29","62","68","55",
"USW00094789","JFK INTERNATIONAL AIRPORT, NY US","2004-05-30","62","71","53",
"USW00094789","JFK INTERNATIONAL AIRPORT, NY US","2004-05-31","63","68","58",
"USW00094789","JFK INTERNATIONAL AIRPORT, NY US","2004-06-01","60","65","55",
"USW00094789","JFK INTERNATIONAL AIRPORT, NY US","2004-06-02","68","77","58",
"USW00094789","JFK INTERNATIONAL AIRPORT, NY US","2004-06-03","69","76","62",
"USW00094789","JFK INTERNATIONAL AIRPORT, NY US","2004-06-04","65","72","57",
"USW00094789","JFK INTERNATIONAL AIRPORT, NY US","2004-06-05","64","68","59",
"USW00094789","JFK INTERNATIONAL AIRPORT, NY US","2004-06-06","58","60","55",
"USW00094789","JFK INTERNATIONAL AIRPORT, NY US","2004-06-07","66","72","59",
"USW00094789","JFK INTERNATIONAL AIRPORT, NY US","2004-06-08","74","84","64",
"USW00094789","JFK INTERNATIONAL AIRPORT, NY US","2004-06-09","79","91","67",
"USW00094789","JFK INTERNATIONAL AIRPORT, NY US","2004-06-10","73","83","63",
"USW00094789","JFK INTERNATIONAL AIRPORT, NY US","2004-06-11","65","70","59",
"USW00094789","JFK INTERNATIONAL AIRPORT, NY US","2004-06-12","64","73","54",
"USW00094789","JFK INTERNATIONAL AIRPORT, NY US","2004-06-13","66","73","58",
"USW00094789","JFK INTERNATIONAL AIRPORT, NY US","2004-06-14","70","75","64",
"USW00094789","JFK INTERNATIONAL AIRPORT, NY US","2004-06-15","77","87","66",
"USW00094789","JFK INTERNATIONAL AIRPORT, NY US","2004-06-16","78","86","70",
"USW00094789","JFK INTERNATIONAL AIRPORT, NY US","2004-06-17","77","84","69",
"USW00094789","JFK INTERNATIONAL AIRPORT, NY US","2004-06-18","79","87","71",
"USW00094789","JFK INTERNATIONAL AIRPORT, NY US","2004-06-19","74","84","64",
"USW00094789","JFK INTERNATIONAL AIRPORT, NY US","2004-06-20","66","74","58",
"USW00094789","JFK INTERNATIONAL AIRPORT, NY US","2004-06-21","69","78","60",
"USW00094789","JFK INTERNATIONAL AIRPORT, NY US","2004-06-22","69","73","65",
"USW00094789","JFK INTERNATIONAL AIRPORT, NY US","2004-06-23","74","81","67",
"USW00094789","JFK INTERNATIONAL AIRPORT, NY US","2004-06-24","72","79","64",
"USW00094789","JFK INTERNATIONAL AIRPORT, NY US","2004-06-25","72","78","66",
"USW00094789","JFK INTERNATIONAL AIRPORT, NY US","2004-06-26","74","81","67",
"USW00094789","JFK INTERNATIONAL AIRPORT, NY US","2004-06-27","70","79","61",
"USW00094789","JFK INTERNATIONAL AIRPORT, NY US","2004-06-28","71","81","61",
"USW00094789","JFK INTERNATIONAL AIRPORT, NY US","2004-06-29","71","79","63",
"USW00094789","JFK INTERNATIONAL AIRPORT, NY US","2004-06-30","72","80","63",
"USW00094789","JFK INTERNATIONAL AIRPORT, NY US","2004-07-01","72","79","65",
"USW00094789","JFK INTERNATIONAL AIRPORT, NY US","2004-07-02","75","82","67",
"USW00094789","JFK INTERNATIONAL AIRPORT, NY US","2004-07-03","75","82","67",
"USW00094789","JFK INTERNATIONAL AIRPORT, NY US","2004-07-04","73","79","66",
"USW00094789","JFK INTERNATIONAL AIRPORT, NY US","2004-07-05","77","82","71",
"USW00094789","JFK INTERNATIONAL AIRPORT, NY US","2004-07-06","77","83","70",
"USW00094789","JFK INTERNATIONAL AIRPORT, NY US","2004-07-07","74","81","67",
"USW00094789","JFK INTERNATIONAL AIRPORT, NY US","2004-07-08","80","86","73",
"USW00094789","JFK INTERNATIONAL AIRPORT, NY US","2004-07-09","75","81","69",
"USW00094789","JFK INTERNATIONAL AIRPORT, NY US","2004-07-10","76","85","66",
"USW00094789","JFK INTERNATIONAL AIRPORT, NY US","2004-07-11","77","84","69",
"USW00094789","JFK INTERNATIONAL AIRPORT, NY US","2004-07-12","69","73","65",
"USW00094789","JFK INTERNATIONAL AIRPORT, NY US","2004-07-13","67","69","64",
"USW00094789","JFK INTERNATIONAL AIRPORT, NY US","2004-07-14","71","75","66",
"USW00094789","JFK INTERNATIONAL AIRPORT, NY US","2004-07-15","75","82","67",
"USW00094789","JFK INTERNATIONAL AIRPORT, NY US","2004-07-16","74","81","67",
"USW00094789","JFK INTERNATIONAL AIRPORT, NY US","2004-07-17","77","85","68","    0"
"USW00094789","JFK INTERNATIONAL AIRPORT, NY US","2004-07-18","75","78","71",
"USW00094789","JFK INTERNATIONAL AIRPORT, NY US","2004-07-19","76","81","70",
"USW00094789","JFK INTERNATIONAL AIRPORT, NY US","2004-07-20","78","85","70",
"USW00094789","JFK INTERNATIONAL AIRPORT, NY US","2004-07-21","78","86","70",
"USW00094789","JFK INTERNATIONAL AIRPORT, NY US","2004-07-22","78","84","71",
"USW00094789","JFK INTERNATIONAL AIRPORT, NY US","2004-07-23","76","80","72",
"USW00094789","JFK INTERNATIONAL AIRPORT, NY US","2004-07-24","71","74","67",
"USW00094789","JFK INTERNATIONAL AIRPORT, NY US","2004-07-25","72","77","67",
"USW00094789","JFK INTERNATIONAL AIRPORT, NY US","2004-07-26","72","80","63",
"USW00094789","JFK INTERNATIONAL AIRPORT, NY US","2004-07-27","71","74","67",
"USW00094789","JFK INTERNATIONAL AIRPORT, NY US","2004-07-28","72","75","69",
"USW00094789","JFK INTERNATIONAL AIRPORT, NY US","2004-07-29","76","83","68",
"USW00094789","JFK INTERNATIONAL AIRPORT, NY US","2004-07-30","76","82","69",
"USW00094789","JFK INTERNATIONAL AIRPORT, NY US","2004-07-31","79","83","74","    0"
"USW00094789","JFK INTERNATIONAL AIRPORT, NY US","2004-08-01","77","79","74",
"USW00094789","JFK INTERNATIONAL AIRPORT, NY US","2004-08-02","78","83","73",
"USW00094789","JFK INTERNATIONAL AIRPORT, NY US","2004-08-03","78","82","73",
"USW00094789","JFK INTERNATIONAL AIRPORT, NY US","2004-08-04","80","87","72",
"USW00094789","JFK INTERNATIONAL AIRPORT, NY US","2004-08-05","72","78","66",
"USW00094789","JFK INTERNATIONAL AIRPORT, NY US","2004-08-06","68","74","62",
"USW00094789","JFK INTERNATIONAL AIRPORT, NY US","2004-08-07","66","73","59",
"USW00094789","JFK INTERNATIONAL AIRPORT, NY US","2004-08-08","70","80","59",
"USW00094789","JFK INTERNATIONAL AIRPORT, NY US","2004-08-09","73","81","65",
"USW00094789","JFK INTERNATIONAL AIRPORT, NY US","2004-08-10","74","81","67",
"USW00094789","JFK INTERNATIONAL AIRPORT, NY US","2004-08-11","75","81","69",
"USW00094789","JFK INTERNATIONAL AIRPORT, NY US","2004-08-12","76","80","71",
"USW00094789","JFK INTERNATIONAL AIRPORT, NY US","2004-08-13","76","79","72",
"USW00094789","JFK INTERNATIONAL AIRPORT, NY US","2004-08-14","72","77","67",
"USW00094789","JFK INTERNATIONAL AIRPORT, NY US","2004-08-15","71","74","68",
"USW00094789","JFK INTERNATIONAL AIRPORT, NY US","2004-08-16","71","73","68",
"USW00094789","JFK INTERNATIONAL AIRPORT, NY US","2004-08-17","70","76","63",
"USW00094789","JFK INTERNATIONAL AIRPORT, NY US","2004-08-18","72","78","66",
"USW00094789","JFK INTERNATIONAL AIRPORT, NY US","2004-08-19","78","84","72",
"USW00094789","JFK INTERNATIONAL AIRPORT, NY US","2004-08-20","79","85","73",
"USW00094789","JFK INTERNATIONAL AIRPORT, NY US","2004-08-21","73","81","65",
"USW00094789","JFK INTERNATIONAL AIRPORT, NY US","2004-08-22","68","76","59",
"USW00094789","JFK INTERNATIONAL AIRPORT, NY US","2004-08-23","71","79","62",
"USW00094789","JFK INTERNATIONAL AIRPORT, NY US","2004-08-24","73","79","66",
"USW00094789","JFK INTERNATIONAL AIRPORT, NY US","2004-08-25","69","75","63",
"USW00094789","JFK INTERNATIONAL AIRPORT, NY US","2004-08-26","68","75","60",
"USW00094789","JFK INTERNATIONAL AIRPORT, NY US","2004-08-27","74","80","68",
"USW00094789","JFK INTERNATIONAL AIRPORT, NY US","2004-08-28","78","84","71",
"USW00094789","JFK INTERNATIONAL AIRPORT, NY US","2004-08-29","77","83","71",
"USW00094789","JFK INTERNATIONAL AIRPORT, NY US","2004-08-30","79","85","73",
"USW00094789","JFK INTERNATIONAL AIRPORT, NY US","2004-08-31","78","85","71","    0"
"USW00094789","JFK INTERNATIONAL AIRPORT, NY US","2004-09-01","74","83","64",
"USW00094789","JFK INTERNATIONAL AIRPORT, NY US","2004-09-02","73","79","66",
"USW00094789","JFK INTERNATIONAL AIRPORT, NY US","2004-09-03","70","78","62",
"USW00094789","JFK INTERNATIONAL AIRPORT, NY US","2004-09-04","76","82","69","    0"
"USW00094789","JFK INTERNATIONAL AIRPORT, NY US","2004-09-05","67","72","61",
"USW00094789","JFK INTERNATIONAL AIRPORT, NY US","2004-09-06","66","74","57",
"USW00094789","JFK INTERNATIONAL AIRPORT, NY US","2004-09-07","73","79","67","    0"
"USW00094789","JFK INTERNATIONAL AIRPORT, NY US","2004-09-08","72","76","68",
"USW00094789","JFK INTERNATIONAL AIRPORT, NY US","2004-09-09","76","81","70",
"USW00094789","JFK INTERNATIONAL AIRPORT, NY US","2004-09-10","75","82","67",
"USW00094789","JFK INTERNATIONAL AIRPORT, NY US","2004-09-11","69","75","62",
"USW00094789","JFK INTERNATIONAL AIRPORT, NY US","2004-09-12","68","77","59",
"USW00094789","JFK INTERNATIONAL AIRPORT, NY US","2004-09-13","74","83","65",
"USW00094789","JFK INTERNATIONAL AIRPORT, NY US","2004-09-14","68","72","64",
"USW00094789","JFK INTERNATIONAL AIRPORT, NY US","2004-09-15","67","73","60",
"USW00094789","JFK INTERNATIONAL AIRPORT, NY US","2004-09-16","73","80","66",
"USW00094789","JFK INTERNATIONAL AIRPORT, NY US","2004-09-17","73","77","68",
"USW00094789","JFK INTERNATIONAL AIRPORT, NY US","2004-09-18","66","76","56",
"USW00094789","JFK INTERNATIONAL AIRPORT, NY US","2004-09-19","59","66","52",
"USW00094789","JFK INTERNATIONAL AIRPORT, NY US","2004-09-20","62","72","51",
"USW00094789","JFK INTERNATIONAL AIRPORT, NY US","2004-09-21","71","83","58",
"USW00094789","JFK INTERNATIONAL AIRPORT, NY US","2004-09-22","72","85","58",
"USW00094789","JFK INTERNATIONAL AIRPORT, NY US","2004-09-23","74","83","65",
"USW00094789","JFK INTERNATIONAL AIRPORT, NY US","2004-09-24","67","73","61",
"USW00094789","JFK INTERNATIONAL AIRPORT, NY US","2004-09-25","67","74","60",
"USW00094789","JFK INTERNATIONAL AIRPORT, NY US","2004-09-26","73","80","65",
"USW00094789","JFK INTERNATIONAL AIRPORT, NY US","2004-09-27","69","75","62",
"USW00094789","JFK INTERNATIONAL AIRPORT, NY US","2004-09-28","70","74","65",
"USW00094789","JFK INTERNATIONAL AIRPORT, NY US","2004-09-29","64","67","61",
"USW00094789","JFK INTERNATIONAL AIRPORT, NY US","2004-09-30","63","68","57","    0"
"USW00094789","JFK INTERNATIONAL AIRPORT, NY US","2004-10-01","65","74","55",
"USW00094789","JFK INTERNATIONAL AIRPORT, NY US","2004-10-02","62","69","55",
"USW00094789","JFK INTERNATIONAL AIRPORT, NY US","2004-10-03","61","69","53",
"USW00094789","JFK INTERNATIONAL AIRPORT, NY US","2004-10-04","61","70","52",
"USW00094789","JFK INTERNATIONAL AIRPORT, NY US","2004-10-05","54","61","47",
"USW00094789","JFK INTERNATIONAL AIRPORT, NY US","2004-10-06","54","64","44",
"USW00094789","JFK INTERNATIONAL AIRPORT, NY US","2004-10-07","62","71","52",
"USW00094789","JFK INTERNATIONAL AIRPORT, NY US","2004-10-08","63","73","53",
"USW00094789","JFK INTERNATIONAL AIRPORT, NY US","2004-10-09","64","69","58",
"USW00094789","JFK INTERNATIONAL AIRPORT, NY US","2004-10-10","61","69","52",
"USW00094789","JFK INTERNATIONAL AIRPORT, NY US","2004-10-11","55","62","48",
"USW00094789","JFK INTERNATIONAL AIRPORT, NY US","2004-10-12","57","67","47",
"USW00094789","JFK INTERNATIONAL AIRPORT, NY US","2004-10-13","56","66","46",
"USW00094789","JFK INTERNATIONAL AIRPORT, NY US","2004-10-14","57","63","51",
"USW00094789","JFK INTERNATIONAL AIRPORT, NY US","2004-10-15","60","65","55",
"USW00094789","JFK INTERNATIONAL AIRPORT, NY US","2004-10-16","56","63","48",
"USW00094789","JFK INTERNATIONAL AIRPORT, NY US","2004-10-17","52","56","47",
"USW00094789","JFK INTERNATIONAL AIRPORT, NY US","2004-10-18","53","59","46",
"USW00094789","JFK INTERNATIONAL AIRPORT, NY US","2004-10-19","51","53","49",
"USW00094789","JFK INTERNATIONAL AIRPORT, NY US","2004-10-20","54","57","50",
"USW00094789","JFK INTERNATIONAL AIRPORT, NY US","2004-10-21","53","56","49",
"USW00094789","JFK INTERNATIONAL AIRPORT, NY US","2004-10-22","54","59","49",
"USW00094789","JFK INTERNATIONAL AIRPORT, NY US","2004-10-23","51","56","45",
"USW00094789","JFK INTERNATIONAL AIRPORT, NY US","2004-10-24","52","54","49",
"USW00094789","JFK INTERNATIONAL AIRPORT, NY US","2004-10-25","52","57","47",
"USW00094789","JFK INTERNATIONAL AIRPORT, NY US","2004-10-26","57","62","52",
"USW00094789","JFK INTERNATIONAL AIRPORT, NY US","2004-10-27","56","62","50",
"USW00094789","JFK INTERNATIONAL AIRPORT, NY US","2004-10-28","52","58","45",
"USW00094789","JFK INTERNATIONAL AIRPORT, NY US","2004-10-29","53","58","47",
"USW00094789","JFK INTERNATIONAL AIRPORT, NY US","2004-10-30","58","60","56",
"USW00094789","JFK INTERNATIONAL AIRPORT, NY US","2004-10-31","66","74","58",
"USW00094789","JFK INTERNATIONAL AIRPORT, NY US","2004-11-01","56","62","49",
"USW00094789","JFK INTERNATIONAL AIRPORT, NY US","2004-11-02","53","60","45",
"USW00094789","JFK INTERNATIONAL AIRPORT, NY US","2004-11-03","53","61","44",
"USW00094789","JFK INTERNATIONAL AIRPORT, NY US","2004-11-04","45","53","37",
"USW00094789","JFK INTERNATIONAL AIRPORT, NY US","2004-11-05","51","56","45",
"USW00094789","JFK INTERNATIONAL AIRPORT, NY US","2004-11-06","52","60","44",
"USW00094789","JFK INTERNATIONAL AIRPORT, NY US","2004-11-07","55","64","45",
"USW00094789","JFK INTERNATIONAL AIRPORT, NY US","2004-11-08","48","58","38",
"USW00094789","JFK INTERNATIONAL AIRPORT, NY US","2004-11-09","38","44","31",
"USW00094789","JFK INTERNATIONAL AIRPORT, NY US","2004-11-10","37","45","28",
"USW00094789","JFK INTERNATIONAL AIRPORT, NY US","2004-11-11","51","57","44",
"USW00094789","JFK INTERNATIONAL AIRPORT, NY US","2004-11-12","43","48","38",
"USW00094789","JFK INTERNATIONAL AIRPORT, NY US","2004-11-13","40","45","34",
"USW00094789","JFK INTERNATIONAL AIRPORT, NY US","2004-11-14","40","50","30",
"USW00094789","JFK INTERNATIONAL AIRPORT, NY US","2004-11-15","49","60","38",
"USW00094789","JFK INTERNATIONAL AIRPORT, NY US","2004-11-16","47","56","38",
"USW00094789","JFK INTERNATIONAL AIRPORT, NY US","2004-11-17","48","57","38",
"USW00094789","JFK INTERNATIONAL AIRPORT, NY US","2004-11-18","47","54","39",
"USW00094789","JFK INTERNATIONAL AIRPORT, NY US","2004-11-19","57","63","50",
"USW00094789","JFK INTERNATIONAL AIRPORT, NY US","2004-11-20","50","54","46",
"USW00094789","JFK INTERNATIONAL AIRPORT, NY US","2004-11-21","52","54","49",
"USW00094789","JFK INTERNATIONAL AIRPORT, NY US","2004-11-22","52","55","49",
"USW00094789","JFK INTERNATIONAL AIRPORT, NY US","2004-11-23","51","54","47",
"USW00094789","JFK INTERNATIONAL AIRPORT, NY US","2004-11-24","54","59","49",
"USW00094789","JFK INTERNATIONAL AIRPORT, NY US","2004-11-25","51","66","36",
"USW00094789","JFK INTERNATIONAL AIRPORT, NY US","2004-11-26","40","46","33",
"USW00094789","JFK INTERNATIONAL AIRPORT, NY US","2004-11-27","45","53","37",
"USW00094789","JFK INTERNATIONAL AIRPORT, NY US","2004-11-28","54","61","46",
"USW00094789","JFK INTERNATIONAL AIRPORT, NY US","2004-11-29","46","52","40",
"USW00094789","JFK INTERNATIONAL AIRPORT, NY US","2004-11-30","43","50","36",
"USW00094789","JFK INTERNATIONAL AIRPORT, NY US","2004-12-01","51","56","45",
"USW00094789","JFK INTERNATIONAL AIRPORT, NY US","2004-12-02","41","47","35",
"USW00094789","JFK INTERNATIONAL AIRPORT, NY US","2004-12-03","41","49","32",
"USW00094789","JFK INTERNATIONAL AIRPORT, NY US","2004-12-04","38","45","30",
"USW00094789","JFK INTERNATIONAL AIRPORT, NY US","2004-12-05","46","55","36",
"USW00094789","JFK INTERNATIONAL AIRPORT, NY US","2004-12-06","38","43","32",
"USW00094789","JFK INTERNATIONAL AIRPORT, NY US","2004-12-07","47","54","39",
"USW00094789","JFK INTERNATIONAL AIRPORT, NY US","2004-12-08","53","61","45",
"USW00094789","JFK INTERNATIONAL AIRPORT, NY US","2004-12-09","43","48","37",
"USW00094789","JFK INTERNATIONAL AIRPORT, NY US","2004-12-10","48","49","46",
"USW00094789","JFK INTERNATIONAL AIRPORT, NY US","2004-12-11","47","51","42",
"USW00094789","JFK INTERNATIONAL AIRPORT, NY US","2004-12-12","44","46","42",
"USW00094789","JFK INTERNATIONAL AIRPORT, NY US","2004-12-13","42","47","36",
"USW00094789","JFK INTERNATIONAL AIRPORT, NY US","2004-12-14","32","38","26",
"USW00094789","JFK INTERNATIONAL AIRPORT, NY US","2004-12-15","28","33","22",
"USW00094789","JFK INTERNATIONAL AIRPORT, NY US","2004-12-16","35","43","26",
"USW00094789","JFK INTERNATIONAL AIRPORT, NY US","2004-12-17","39","48","30",
"USW00094789","JFK INTERNATIONAL AIRPORT, NY US","2004-12-18","36","46","25",
"USW00094789","JFK INTERNATIONAL AIRPORT, NY US","2004-12-19","33","45","21",
"USW00094789","JFK INTERNATIONAL AIRPORT, NY US","2004-12-20","17","21","12",
"USW00094789","JFK INTERNATIONAL AIRPORT, NY US","2004-12-21","24","36","12",
"USW00094789","JFK INTERNATIONAL AIRPORT, NY US","2004-12-22","38","50","26",
"USW00094789","JFK INTERNATIONAL AIRPORT, NY US","2004-12-23","50","57","42",
"USW00094789","JFK INTERNATIONAL AIRPORT, NY US","2004-12-24","36","42","29",
"USW00094789","JFK INTERNATIONAL AIRPORT, NY US","2004-12-25","29","34","24",
"USW00094789","JFK INTERNATIONAL AIRPORT, NY US","2004-12-26","29","33","25",
"USW00094789","JFK INTERNATIONAL AIRPORT, NY US","2004-12-27","23","28","18",
"USW00094789","JFK INTERNATIONAL AIRPORT, NY US","2004-12-28","24","31","16",
"USW00094789","JFK INTERNATIONAL AIRPORT, NY US","2004-12-29","37","44","30",
"USW00094789","JFK INTERNATIONAL AIRPORT, NY US","2004-12-30","40","47","33",
"USW00094789","JFK INTERNATIONAL AIRPORT, NY US","2004-12-31","42","49","35",
"USW00094789","JFK INTERNATIONAL AIRPORT, NY US","2005-01-01","50","61","38",
"USW00094789","JFK INTERNATIONAL AIRPORT, NY US","2005-01-02","39","46","32",
"USW00094789","JFK INTERNATIONAL AIRPORT, NY US","2005-01-03","49","53","45",
"USW00094789","JFK INTERNATIONAL AIRPORT, NY US","2005-01-04","46","50","41",
"USW00094789","JFK INTERNATIONAL AIRPORT, NY US","2005-01-05","41","47","34",
"USW00094789","JFK INTERNATIONAL AIRPORT, NY US","2005-01-06","37","41","33",
"USW00094789","JFK INTERNATIONAL AIRPORT, NY US","2005-01-07","38","42","34",
"USW00094789","JFK INTERNATIONAL AIRPORT, NY US","2005-01-08","38","41","35",
"USW00094789","JFK INTERNATIONAL AIRPORT, NY US","2005-01-09","36","39","32",
"USW00094789","JFK INTERNATIONAL AIRPORT, NY US","2005-01-10","43","48","38",
"USW00094789","JFK INTERNATIONAL AIRPORT, NY US","2005-01-11","38","40","35",
"USW00094789","JFK INTERNATIONAL AIRPORT, NY US","2005-01-12","39","42","35",
"USW00094789","JFK INTERNATIONAL AIRPORT, NY US","2005-01-13","47","54","39","    0"
"USW00094789","JFK INTERNATIONAL AIRPORT, NY US","2005-01-14","45","56","34",
"USW00094789","JFK INTERNATIONAL AIRPORT, NY US","2005-01-15","30","34","26",
"USW00094789","JFK INTERNATIONAL AIRPORT, NY US","2005-01-16","30","31","28",
"USW00094789","JFK INTERNATIONAL AIRPORT, NY US","2005-01-17","23","28","18",
"USW00094789","JFK INTERNATIONAL AIRPORT, NY US","2005-01-18","14","19","8",
"USW00094789","JFK INTERNATIONAL AIRPORT, NY US","2005-01-19","18","27","9",
"USW00094789","JFK INTERNATIONAL AIRPORT, NY US","2005-01-20","26","31","21",
"USW00094789","JFK INTERNATIONAL AIRPORT, NY US","2005-01-21","16","21","10",
"USW00094789","JFK INTERNATIONAL AIRPORT, NY US","2005-01-22","18","29","6",
"USW00094789","JFK INTERNATIONAL AIRPORT, NY US","2005-01-23","17","25","8",
"USW00094789","JFK INTERNATIONAL AIRPORT, NY US","2005-01-24","14","22","6",
"USW00094789","JFK INTERNATIONAL AIRPORT, NY US","2005-01-25","26","33","18",
"USW00094789","JFK INTERNATIONAL AIRPORT, NY US","2005-01-26","28","37","18",
"USW00094789","JFK INTERNATIONAL AIRPORT, NY US","2005-01-27","14","18","9","    0"
"USW00094789","JFK INTERNATIONAL AIRPORT, NY US","2005-01-28","14","22","6","    0"
"USW00094789","JFK INTERNATIONAL AIRPORT, NY US","2005-01-29","20","30","10",
"USW00094789","JFK INTERNATIONAL AIRPORT, NY US","2005-01-30","31","38","24",
"USW00094789","JFK INTERNATIONAL AIRPORT, NY US","2005-01-31","30","36","23",
"USW00094789","JFK INTERNATIONAL AIRPORT, NY US","2005-02-01","27","36","18",
"USW00094789","JFK INTERNATIONAL AIRPORT, NY US","2005-02-02","30","41","19",
"USW00094789","JFK INTERNATIONAL AIRPORT, NY US","2005-02-03","33","41","24",
"USW00094789","JFK INTERNATIONAL AIRPORT, NY US","2005-02-04","38","43","33",
"USW00094789","JFK INTERNATIONAL AIRPORT, NY US","2005-02-05","44","53","34",
"USW00094789","JFK INTERNATIONAL AIRPORT, NY US","2005-02-06","43","52","34",
"USW00094789","JFK INTERNATIONAL AIRPORT, NY US","2005-02-07","40","49","30",
"USW00094789","JFK INTERNATIONAL AIRPORT, NY US","2005-02-08","41","50","32",
"USW00094789","JFK INTERNATIONAL AIRPORT, NY US","2005-02-09","44","53","35",
"USW00094789","JFK INTERNATIONAL AIRPORT, NY US","2005-02-10","38","45","31",
"USW00094789","JFK INTERNATIONAL AIRPORT, NY US","2005-02-11","36","41","30",
"USW00094789","JFK INTERNATIONAL AIRPORT, NY US","2005-02-12","37","44","30",
"USW00094789","JFK INTERNATIONAL AIRPORT, NY US","2005-02-13","38","42","33",
"USW00094789","JFK INTERNATIONAL AIRPORT, NY US","2005-02-14","39","48","30",
"USW00094789","JFK INTERNATIONAL AIRPORT, NY US","2005-02-15","47","55","38",
"USW00094789","JFK INTERNATIONAL AIRPORT, NY US","2005-02-16","43","50","35",
"USW00094789","JFK INTERNATIONAL AIRPORT, NY US","2005-02-17","36","40","31",
"USW00094789","JFK INTERNATIONAL AIRPORT, NY US","2005-02-18","26","33","18",
"USW00094789","JFK INTERNATIONAL AIRPORT, NY US","2005-02-19","24","32","16",
"USW00094789","JFK INTERNATIONAL AIRPORT, NY US","2005-02-20","33","38","28",
"USW00094789","JFK INTERNATIONAL AIRPORT, NY US","2005-02-21","33","37","29",
"USW00094789","JFK INTERNATIONAL AIRPORT, NY US","2005-02-22","38","43","32",
"USW00094789","JFK INTERNATIONAL AIRPORT, NY US","2005-02-23","36","41","30",
"USW00094789","JFK INTERNATIONAL AIRPORT, NY US","2005-02-24","27","31","23",
"USW00094789","JFK INTERNATIONAL AIRPORT, NY US","2005-02-25","28","33","22",
"USW00094789","JFK INTERNATIONAL AIRPORT, NY US","2005-02-26","30","39","21",
"USW00094789","JFK INTERNATIONAL AIRPORT, NY US","2005-02-27","30","37","23",
"USW00094789","JFK INTERNATIONAL AIRPORT, NY US","2005-02-28","33","37","29",
"USW00094789","JFK INTERNATIONAL AIRPORT, NY US","2005-03-01","33","37","29",
"USW00094789","JFK INTERNATIONAL AIRPORT, NY US","2005-03-02","33","38","28",
"USW00094789","JFK INTERNATIONAL AIRPORT, NY US","2005-03-03","28","33","23",
"USW00094789","JFK INTERNATIONAL AIRPORT, NY US","2005-03-04","30","35","24",
"USW00094789","JFK INTERNATIONAL AIRPORT, NY US","2005-03-05","35","43","26",
"USW00094789","JFK INTERNATIONAL AIRPORT, NY US","2005-03-06","40","49","31",
"USW00094789","JFK INTERNATIONAL AIRPORT, NY US","2005-03-07","44","53","34",
"USW00094789","JFK INTERNATIONAL AIRPORT, NY US","2005-03-08","33","47","18",
"USW00094789","JFK INTERNATIONAL AIRPORT, NY US","2005-03-09","23","29","16",
"USW00094789","JFK INTERNATIONAL AIRPORT, NY US","2005-03-10","27","32","21",
"USW00094789","JFK INTERNATIONAL AIRPORT, NY US","2005-03-11","38","46","29",
"USW00094789","JFK INTERNATIONAL AIRPORT, NY US","2005-03-12","38","44","31",
"USW00094789","JFK INTERNATIONAL AIRPORT, NY US","2005-03-13","40","47","33",
"USW00094789","JFK INTERNATIONAL AIRPORT, NY US","2005-03-14","36","43","29",
"USW00094789","JFK INTERNATIONAL AIRPORT, NY US","2005-03-15","38","47","29",
"USW00094789","JFK INTERNATIONAL AIRPORT, NY US","2005-03-16","40","47","32",
"USW00094789","JFK INTERNATIONAL AIRPORT, NY US","2005-03-17","37","43","30",
"USW00094789","JFK INTERNATIONAL AIRPORT, NY US","2005-03-18","41","51","31",
"USW00094789","JFK INTERNATIONAL AIRPORT, NY US","2005-03-19","41","48","33",
"USW00094789","JFK INTERNATIONAL AIRPORT, NY US","2005-03-20","39","42","35",
"USW00094789","JFK INTERNATIONAL AIRPORT, NY US","2005-03-21","41","45","36",
"USW00094789","JFK INTERNATIONAL AIRPORT, NY US","2005-03-22","43","52","34",
"USW00094789","JFK INTERNATIONAL AIRPORT, NY US","2005-03-23","38","42","34",
"USW00094789","JFK INTERNATIONAL AIRPORT, NY US","2005-03-24","40","46","33",
"USW00094789","JFK INTERNATIONAL AIRPORT, NY US","2005-03-25","42","48","35",
"USW00094789","JFK INTERNATIONAL AIRPORT, NY US","2005-03-26","41","47","34",
"USW00094789","JFK INTERNATIONAL AIRPORT, NY US","2005-03-27","43","46","39",
"USW00094789","JFK INTERNATIONAL AIRPORT, NY US","2005-03-28","46","53","39",
"USW00094789","JFK INTERNATIONAL AIRPORT, NY US","2005-03-29","52","59","45",
"USW00094789","JFK INTERNATIONAL AIRPORT, NY US","2005-03-30","49","57","40",
"USW00094789","JFK INTERNATIONAL AIRPORT, NY US","2005-03-31","44","51","36",
"USW00094789","JFK INTERNATIONAL AIRPORT, NY US","2005-04-01","45","49","41",
"USW00094789","JFK INTERNATIONAL AIRPORT, NY US","2005-04-02","48","53","43",
"USW00094789","JFK INTERNATIONAL AIRPORT, NY US","2005-04-03","45","48","41",
"USW00094789","JFK INTERNATIONAL AIRPORT, NY US","2005-04-04","50","58","42",
"USW00094789","JFK INTERNATIONAL AIRPORT, NY US","2005-04-05","56","67","45",
"USW00094789","JFK INTERNATIONAL AIRPORT, NY US","2005-04-06","53","63","43",
"USW00094789","JFK INTERNATIONAL AIRPORT, NY US","2005-04-07","54","62","46",
"USW00094789","JFK INTERNATIONAL AIRPORT, NY US","2005-04-08","54","63","45",
"USW00094789","JFK INTERNATIONAL AIRPORT, NY US","2005-04-09","52","61","42",
"USW00094789","JFK INTERNATIONAL AIRPORT, NY US","2005-04-10","51","61","41",
"USW00094789","JFK INTERNATIONAL AIRPORT, NY US","2005-04-11","50","59","40",
"USW00094789","JFK INTERNATIONAL AIRPORT, NY US","2005-04-12","48","57","38",
"USW00094789","JFK INTERNATIONAL AIRPORT, NY US","2005-04-13","47","55","39",
"USW00094789","JFK INTERNATIONAL AIRPORT, NY US","2005-04-14","51","63","39",
"USW00094789","JFK INTERNATIONAL AIRPORT, NY US","2005-04-15","49","57","40",
"USW00094789","JFK INTERNATIONAL AIRPORT, NY US","2005-04-16","49","58","40",
"USW00094789","JFK INTERNATIONAL AIRPORT, NY US","2005-04-17","56","73","39",
"USW00094789","JFK INTERNATIONAL AIRPORT, NY US","2005-04-18","61","74","48",
"USW00094789","JFK INTERNATIONAL AIRPORT, NY US","2005-04-19","56","67","45",
"USW00094789","JFK INTERNATIONAL AIRPORT, NY US","2005-04-20","67","80","53",
"USW00094789","JFK INTERNATIONAL AIRPORT, NY US","2005-04-21","60","73","46",
"USW00094789","JFK INTERNATIONAL AIRPORT, NY US","2005-04-22","50","56","44",
"USW00094789","JFK INTERNATIONAL AIRPORT, NY US","2005-04-23","53","56","49",
"USW00094789","JFK INTERNATIONAL AIRPORT, NY US","2005-04-24","52","57","46",
"USW00094789","JFK INTERNATIONAL AIRPORT, NY US","2005-04-25","49","56","41",
"USW00094789","JFK INTERNATIONAL AIRPORT, NY US","2005-04-26","54","61","46",
"USW00094789","JFK INTERNATIONAL AIRPORT, NY US","2005-04-27","59","67","51",
"USW00094789","JFK INTERNATIONAL AIRPORT, NY US","2005-04-28","58","67","49",
"USW00094789","JFK INTERNATIONAL AIRPORT, NY US","2005-04-29","53","58","48",
"USW00094789","JFK INTERNATIONAL AIRPORT, NY US","2005-04-30","54","56","51",
"USW00094789","JFK INTERNATIONAL AIRPORT, NY US","2005-05-01","58","65","50",
"USW00094789","JFK INTERNATIONAL AIRPORT, NY US","2005-05-02","52","61","43",
"USW00094789","JFK INTERNATIONAL AIRPORT, NY US","2005-05-03","51","58","43",
"USW00094789","JFK INTERNATIONAL AIRPORT, NY US","2005-05-04","52","62","42",
"USW00094789","JFK INTERNATIONAL AIRPORT, NY US","2005-05-05","51","59","43",
"USW00094789","JFK INTERNATIONAL AIRPORT, NY US","2005-05-06","51","57","45",
"USW00094789","JFK INTERNATIONAL AIRPORT, NY US","2005-05-07","54","62","46",
"USW00094789","JFK INTERNATIONAL AIRPORT, NY US","2005-05-08","56","64","47",
"USW00094789","JFK INTERNATIONAL AIRPORT, NY US","2005-05-09","58","66","49",
"USW00094789","JFK INTERNATIONAL AIRPORT, NY US","2005-05-10","55","62","48",
"USW00094789","JFK INTERNATIONAL AIRPORT, NY US","2005-05-11","54","60","48",
"USW00094789","JFK INTERNATIONAL AIRPORT, NY US","2005-05-12","59","69","48",
"USW00094789","JFK INTERNATIONAL AIRPORT, NY US","2005-05-13","51","57","45",
"USW00094789","JFK INTERNATIONAL AIRPORT, NY US","2005-05-14","59","65","52",
"USW00094789","JFK INTERNATIONAL AIRPORT, NY US","2005-05-15","66","75","57",
"USW00094789","JFK INTERNATIONAL AIRPORT, NY US","2005-05-16","59","63","54",
"USW00094789","JFK INTERNATIONAL AIRPORT, NY US","2005-05-17","60","67","53",
"USW00094789","JFK INTERNATIONAL AIRPORT, NY US","2005-05-18","61","69","52",
"USW00094789","JFK INTERNATIONAL AIRPORT, NY US","2005-05-19","60","69","50",
"USW00094789","JFK INTERNATIONAL AIRPORT, NY US","2005-05-20","51","55","47",
"USW00094789","JFK INTERNATIONAL AIRPORT, NY US","2005-05-21","59","70","47",
"USW00094789","JFK INTERNATIONAL AIRPORT, NY US","2005-05-22","58","63","52",
"USW00094789","JFK INTERNATIONAL AIRPORT, NY US","2005-05-23","57","64","49",
"USW00094789","JFK INTERNATIONAL AIRPORT, NY US","2005-05-24","55","61","48",
"USW00094789","JFK INTERNATIONAL AIRPORT, NY US","2005-05-25","51","54","48",
"USW00094789","JFK INTERNATIONAL AIRPORT, NY US","2005-05-26","57","61","52",
"USW00094789","JFK INTERNATIONAL AIRPORT, NY US","2005-05-27","64","70","57",
"USW00094789","JFK INTERNATIONAL AIRPORT, NY US","2005-05-28","65","75","55",
"USW00094789","JFK INTERNATIONAL AIRPORT, NY US","2005-05-29","68","78","57",
"USW00094789","JFK INTERNATIONAL AIRPORT, NY US","2005-05-30","67","76","58",
"USW00094789","JFK INTERNATIONAL AIRPORT, NY US","2005-05-31","68","79","57",
"USW00094789","JFK INTERNATIONAL AIRPORT, NY US","2005-06-01","59","64","53",
"USW00094789","JFK INTERNATIONAL AIRPORT, NY US","2005-06-02","58","62","53",
"USW00094789","JFK INTERNATIONAL AIRPORT, NY US","2005-06-03","63","68","57",
"USW00094789","JFK INTERNATIONAL AIRPORT, NY US","2005-06-04","70","79","61",
"USW00094789","JFK INTERNATIONAL AIRPORT, NY US","2005-06-05","74","85","63",
"USW00094789","JFK INTERNATIONAL AIRPORT, NY US","2005-06-06","74","83","64",
"USW00094789","JFK INTERNATIONAL AIRPORT, NY US","2005-06-07","77","88","65",
"USW00094789","JFK INTERNATIONAL AIRPORT, NY US","2005-06-08","79","89","68",
"USW00094789","JFK INTERNATIONAL AIRPORT, NY US","2005-06-09","73","79","66",
"USW00094789","JFK INTERNATIONAL AIRPORT, NY US","2005-06-10","71","77","65",
"USW00094789","JFK INTERNATIONAL AIRPORT, NY US","2005-06-11","71","78","64",
"USW00094789","JFK INTERNATIONAL AIRPORT, NY US","2005-06-12","75","84","65",
"USW00094789","JFK INTERNATIONAL AIRPORT, NY US","2005-06-13","76","83","69",
"USW00094789","JFK INTERNATIONAL AIRPORT, NY US","2005-06-14","85","95","75",
"USW00094789","JFK INTERNATIONAL AIRPORT, NY US","2005-06-15","71","81","60",
"USW00094789","JFK INTERNATIONAL AIRPORT, NY US","2005-06-16","66","72","60",
"USW00094789","JFK INTERNATIONAL AIRPORT, NY US","2005-06-17","69","77","60",
"USW00094789","JFK INTERNATIONAL AIRPORT, NY US","2005-06-18","68","75","61",
"USW00094789","JFK INTERNATIONAL AIRPORT, NY US","2005-06-19","66","70","61",
"USW00094789","JFK INTERNATIONAL AIRPORT, NY US","2005-06-20","64","73","55",
"USW00094789","JFK INTERNATIONAL AIRPORT, NY US","2005-06-21","67","77","57",
"USW00094789","JFK INTERNATIONAL AIRPORT, NY US","2005-06-22","74","84","63",
"USW00094789","JFK INTERNATIONAL AIRPORT, NY US","2005-06-23","68","75","60",
"USW00094789","JFK INTERNATIONAL AIRPORT, NY US","2005-06-24","70","78","62",
"USW00094789","JFK INTERNATIONAL AIRPORT, NY US","2005-06-25","76","86","66",
"USW00094789","JFK INTERNATIONAL AIRPORT, NY US","2005-06-26","77","85","68",
"USW00094789","JFK INTERNATIONAL AIRPORT, NY US","2005-06-27","73","78","68",
"USW00094789","JFK INTERNATIONAL AIRPORT, NY US","2005-06-28","76","82","70",
"USW00094789","JFK INTERNATIONAL AIRPORT, NY US","2005-06-29","74","80","68",
"USW00094789","JFK INTERNATIONAL AIRPORT, NY US","2005-06-30","73","79","67",
"USW00094789","JFK INTERNATIONAL AIRPORT, NY US","2005-07-01","74","80","68",
"USW00094789","JFK INTERNATIONAL AIRPORT, NY US","2005-07-02","76","83","69",
"USW00094789","JFK INTERNATIONAL AIRPORT, NY US","2005-07-03","71","78","63",
"USW00094789","JFK INTERNATIONAL AIRPORT, NY US","2005-07-04","70","78","62",
"USW00094789","JFK INTERNATIONAL AIRPORT, NY US","2005-07-05","74","79","68",
"USW00094789","JFK INTERNATIONAL AIRPORT, NY US","2005-07-06","75","80","70",
"USW00094789","JFK INTERNATIONAL AIRPORT, NY US","2005-07-07","69","73","65",
"USW00094789","JFK INTERNATIONAL AIRPORT, NY US","2005-07-08","64","66","61",
"USW00094789","JFK INTERNATIONAL AIRPORT, NY US","2005-07-09","73","84","61",
"USW00094789","JFK INTERNATIONAL AIRPORT, NY US","2005-07-10","81","92","69",
"USW00094789","JFK INTERNATIONAL AIRPORT, NY US","2005-07-11","80","92","67",
"USW00094789","JFK INTERNATIONAL AIRPORT, NY US","2005-07-12","76","84","67",
"USW00094789","JFK INTERNATIONAL AIRPORT, NY US","2005-07-13","72","76","67",
"USW00094789","JFK INTERNATIONAL AIRPORT, NY US","2005-07-14","75","80","70",
"USW00094789","JFK INTERNATIONAL AIRPORT, NY US","2005-07-15","76","81","71",
"USW00094789","JFK INTERNATIONAL AIRPORT, NY US","2005-07-16","77","81","72",
"USW00094789","JFK INTERNATIONAL AIRPORT, NY US","2005-07-17","76","80","72",
"USW00094789","JFK INTERNATIONAL AIRPORT, NY US","2005-07-18","80","86","74",
"USW00094789","JFK INTERNATIONAL AIRPORT, NY US","2005-07-19","83","90","76",
"USW00094789","JFK INTERNATIONAL AIRPORT, NY US","2005-07-20","84","91","77",
"USW00094789","JFK INTERNATIONAL AIRPORT, NY US","2005-07-21","81","89","73",
"USW00094789","JFK INTERNATIONAL AIRPORT, NY US","2005-07-22","83","91","74",
"USW00094789","JFK INTERNATIONAL AIRPORT, NY US","2005-07-23","79","85","72",
"USW00094789","JFK INTERNATIONAL AIRPORT, NY US","2005-07-24","77","86","67",
"USW00094789","JFK INTERNATIONAL AIRPORT, NY US","2005-07-25","77","83","70",
"USW00094789","JFK INTERNATIONAL AIRPORT, NY US","2005-07-26","79","89","69",
"USW00094789","JFK INTERNATIONAL AIRPORT, NY US","2005-07-27","80","87","73",
"USW00094789","JFK INTERNATIONAL AIRPORT, NY US","2005-07-28","74","79","68",
"USW00094789","JFK INTERNATIONAL AIRPORT, NY US","2005-07-29","75","82","68",
"USW00094789","JFK INTERNATIONAL AIRPORT, NY US","2005-07-30","76","83","69",
"USW00094789","JFK INTERNATIONAL AIRPORT, NY US","2005-07-31","74","81","67",
"USW00094789","JFK INTERNATIONAL AIRPORT, NY US","2005-08-01",,"82","66",
"USW00094789","JFK INTERNATIONAL AIRPORT, NY US","2005-08-02",,"96","72",
"USW00094789","JFK INTERNATIONAL AIRPORT, NY US","2005-08-03",,"93","72",
"USW00094789","JFK INTERNATIONAL AIRPORT, NY US","2005-08-04",,"90","74",
"USW00094789","JFK INTERNATIONAL AIRPORT, NY US","2005-08-05",,"96","75",
"USW00094789","JFK INTERNATIONAL AIRPORT, NY US","2005-08-06",,"87","72",
"USW00094789","JFK INTERNATIONAL AIRPORT, NY US","2005-08-07",,"85","71",
"USW00094789","JFK INTERNATIONAL AIRPORT, NY US","2005-08-08",,"83","73",
"USW00094789","JFK INTERNATIONAL AIRPORT, NY US","2005-08-09",,"82","71",
"USW00094789","JFK INTERNATIONAL AIRPORT, NY US","2005-08-10",,"86","72",
"USW00094789","JFK INTERNATIONAL AIRPORT, NY US","2005-08-11",,"93","73",
"USW00094789","JFK INTERNATIONAL AIRPORT, NY US","2005-08-12",,"90","75",
"USW00094789","JFK INTERNATIONAL AIRPORT, NY US","2005-08-13",,"92","77",
"USW00094789","JFK INTERNATIONAL AIRPORT, NY US","2005-08-14",,"90","73",
"USW00094789","JFK INTERNATIONAL AIRPORT, NY US","2005-08-15",,"77","70",
"USW00094789","JFK INTERNATIONAL AIRPORT, NY US","2005-08-16",,"78","67",
"USW00094789","JFK INTERNATIONAL AIRPORT, NY US","2005-08-17",,"90","68",
"USW00094789","JFK INTERNATIONAL AIRPORT, NY US","2005-08-18",,"81","67",
"USW00094789","JFK INTERNATIONAL AIRPORT, NY US","2005-08-19",,"79","69",
"USW00094789","JFK INTERNATIONAL AIRPORT, NY US","2005-08-20",,"83","72",
"USW00094789","JFK INTERNATIONAL AIRPORT, NY US","2005-08-21",,"91","74",
"USW00094789","JFK INTERNATIONAL AIRPORT, NY US","2005-08-22",,"89","71",
"USW00094789","JFK INTERNATIONAL AIRPORT, NY US","2005-08-23",,"84","65",
"USW00094789","JFK INTERNATIONAL AIRPORT, NY US","2005-08-24",,"81","67",
"USW00094789","JFK INTERNATIONAL AIRPORT, NY US","2005-08-25",,"82","64",
"USW00094789","JFK INTERNATIONAL AIRPORT, NY US","2005-08-26",,"83","67",
"USW00094789","JFK INTERNATIONAL AIRPORT, NY US","2005-08-27",,"82","66",
"USW00094789","JFK INTERNATIONAL AIRPORT, NY US","2005-08-28",,"85","72",
"USW00094789","JFK INTERNATIONAL AIRPORT, NY US","2005-08-29",,"84","72",
"USW00094789","JFK INTERNATIONAL AIRPORT, NY US","2005-08-30",,"85","75",
"USW00094789","JFK INTERNATIONAL AIRPORT, NY US","2005-08-31",,"85","72",
"USW00094789","JFK INTERNATIONAL AIRPORT, NY US","2005-09-01",,"88","70",
"USW00094789","JFK INTERNATIONAL AIRPORT, NY US","2005-09-02",,"88","65",
"USW00094789","JFK INTERNATIONAL AIRPORT, NY US","2005-09-03",,"84","68",
"USW00094789","JFK INTERNATIONAL AIRPORT, NY US","2005-09-04",,"83","64",
"USW00094789","JFK INTERNATIONAL AIRPORT, NY US","2005-09-05",,"80","64",
"USW00094789","JFK INTERNATIONAL AIRPORT, NY US","2005-09-06",,"81","60",
"USW00094789","JFK INTERNATIONAL AIRPORT, NY US","2005-09-07",,"78","59",
"USW00094789","JFK INTERNATIONAL AIRPORT, NY US","2005-09-08",,"82","63",
"USW00094789","JFK INTERNATIONAL AIRPORT, NY US","2005-09-09",,"82","63",
"USW00094789","JFK INTERNATIONAL AIRPORT, NY US","2005-09-10",,"78","61",
"USW00094789","JFK INTERNATIONAL AIRPORT, NY US","2005-09-11",,"78","59",
"USW00094789","JFK INTERNATIONAL AIRPORT, NY US","2005-09-12",,"90","65",
"USW00094789","JFK INTERNATIONAL AIRPORT, NY US","2005-09-13",,"88","68",
"USW00094789","JFK INTERNATIONAL AIRPORT, NY US","2005-09-14",,"80","67",
"USW00094789","JFK INTERNATIONAL AIRPORT, NY US","2005-09-15",,"80","72",
"USW00094789","JFK INTERNATIONAL AIRPORT, NY US","2005-09-16",,"84","73",
"USW00094789","JFK INTERNATIONAL AIRPORT, NY US","2005-09-17",,"82","71",
"USW00094789","JFK INTERNATIONAL AIRPORT, NY US","2005-09-18",,"85","66",
"USW00094789","JFK INTERNATIONAL AIRPORT, NY US","2005-09-19",,"83","65",
"USW00094789","JFK INTERNATIONAL AIRPORT, NY US","2005-09-20",,"82","69",
"USW00094789","JFK INTERNATIONAL AIRPORT, NY US","2005-09-21",,"81","66",
"USW00094789","JFK INTERNATIONAL AIRPORT, NY US","2005-09-22",,"82","63",
"USW00094789","JFK INTERNATIONAL AIRPORT, NY US","2005-09-23",,"88","69",
"USW00094789","JFK INTERNATIONAL AIRPORT, NY US","2005-09-24",,"73","56",
"USW00094789","JFK INTERNATIONAL AIRPORT, NY US","2005-09-25",,"71","54",
"USW00094789","JFK INTERNATIONAL AIRPORT, NY US","2005-09-26",,"77","67",
"USW00094789","JFK INTERNATIONAL AIRPORT, NY US","2005-09-27",,"77","59",
"USW00094789","JFK INTERNATIONAL AIRPORT, NY US","2005-09-28",,"73","54",
"USW00094789","JFK INTERNATIONAL AIRPORT, NY US","2005-09-29",,"76","55",
"USW00094789","JFK INTERNATIONAL AIRPORT, NY US","2005-09-30",,"65","50",
"USW00094789","JFK INTERNATIONAL AIRPORT, NY US","2005-10-01",,"70","48",
"USW00094789","JFK INTERNATIONAL AIRPORT, NY US","2005-10-02",,"76","54",
"USW00094789","JFK INTERNATIONAL AIRPORT, NY US","2005-10-03",,"75","54",
"USW00094789","JFK INTERNATIONAL AIRPORT, NY US","2005-10-04",,"74","62",
"USW00094789","JFK INTERNATIONAL AIRPORT, NY US","2005-10-05",,"76","59",
"USW00094789","JFK INTERNATIONAL AIRPORT, NY US","2005-10-06",,"76","63",
"USW00094789","JFK INTERNATIONAL AIRPORT, NY US","2005-10-07",,"76","69",
"USW00094789","JFK INTERNATIONAL AIRPORT, NY US","2005-10-08",,"73","55",
"USW00094789","JFK INTERNATIONAL AIRPORT, NY US","2005-10-09",,"60","54",
"USW00094789","JFK INTERNATIONAL AIRPORT, NY US","2005-10-10",,"61","58",
"USW00094789","JFK INTERNATIONAL AIRPORT, NY US","2005-10-11",,"63","58",
"USW00094789","JFK INTERNATIONAL AIRPORT, NY US","2005-10-12",,"58","53",
"USW00094789","JFK INTERNATIONAL AIRPORT, NY US","2005-10-13",,"62","57",
"USW00094789","JFK INTERNATIONAL AIRPORT, NY US","2005-10-14",,"64","60",
"USW00094789","JFK INTERNATIONAL AIRPORT, NY US","2005-10-15",,"74","58",
"USW00094789","JFK INTERNATIONAL AIRPORT, NY US","2005-10-16",,"66","54",
"USW00094789","JFK INTERNATIONAL AIRPORT, NY US","2005-10-17",,"66","51",
"USW00094789","JFK INTERNATIONAL AIRPORT, NY US","2005-10-18",,"71","53",
"USW00094789","JFK INTERNATIONAL AIRPORT, NY US","2005-10-19",,"66","52",
"USW00094789","JFK INTERNATIONAL AIRPORT, NY US","2005-10-20",,"62","50",
"USW00094789","JFK INTERNATIONAL AIRPORT, NY US","2005-10-21",,"54","52",
"USW00094789","JFK INTERNATIONAL AIRPORT, NY US","2005-10-22",,"54","49",
"USW00094789","JFK INTERNATIONAL AIRPORT, NY US","2005-10-23",,"57","44",
"USW00094789","JFK INTERNATIONAL AIRPORT, NY US","2005-10-24",,"53","38",
"USW00094789","JFK INTERNATIONAL AIRPORT, NY US","2005-10-25",,"51","40",
"USW00094789","JFK INTERNATIONAL AIRPORT, NY US","2005-10-26",,"54","39",
"USW00094789","JFK INTERNATIONAL AIRPORT, NY US","2005-10-27",,"50","40",
"USW00094789","JFK INTERNATIONAL AIRPORT, NY US","2005-10-28",,"51","40",
"USW00094789","JFK INTERNATIONAL AIRPORT, NY US","2005-10-29",,"48","41",
"USW00094789","JFK INTERNATIONAL AIRPORT, NY US","2005-10-30",,"69","45",
"USW00094789","JFK INTERNATIONAL AIRPORT, NY US","2005-10-31",,"67","43",
"USW00094789","JFK INTERNATIONAL AIRPORT, NY US","2005-11-01",,"63","47",
"USW00094789","JFK INTERNATIONAL AIRPORT, NY US","2005-11-02",,"59","46",
"USW00094789","JFK INTERNATIONAL AIRPORT, NY US","2005-11-03",,"66","42",
"USW00094789","JFK INTERNATIONAL AIRPORT, NY US","2005-11-04",,"63","47",
"USW00094789","JFK INTERNATIONAL AIRPORT, NY US","2005-11-05",,"68","50",
"USW00094789","JFK INTERNATIONAL AIRPORT, NY US","2005-11-06",,"65","47",
"USW00094789","JFK INTERNATIONAL AIRPORT, NY US","2005-11-07",,"63","52",
"USW00094789","JFK INTERNATIONAL AIRPORT, NY US","2005-11-08",,"64","48",
"USW00094789","JFK INTERNATIONAL AIRPORT, NY US","2005-11-09",,"60","41",
"USW00094789","JFK INTERNATIONAL AIRPORT, NY US","2005-11-10",,"62","42",
"USW00094789","JFK INTERNATIONAL AIRPORT, NY US","2005-11-11",,"49","41",
"USW00094789","JFK INTERNATIONAL AIRPORT, NY US","2005-11-12",,"55","38",
"USW00094789","JFK INTERNATIONAL AIRPORT, NY US","2005-11-13",,"61","45",
"USW00094789","JFK INTERNATIONAL AIRPORT, NY US","2005-11-14",,"68","48",
"USW00094789","JFK INTERNATIONAL AIRPORT, NY US","2005-11-15",,"61","47",
"USW00094789","JFK INTERNATIONAL AIRPORT, NY US","2005-11-16",,"66","47",
"USW00094789","JFK INTERNATIONAL AIRPORT, NY US","2005-11-17",,"48","36",
"USW00094789","JFK INTERNATIONAL AIRPORT, NY US","2005-11-18",,"42","33",
"USW00094789","JFK INTERNATIONAL AIRPORT, NY US","2005-11-19",,"45","29",
"USW00094789","JFK INTERNATIONAL AIRPORT, NY US","2005-11-20",,"56","38",
"USW00094789","JFK INTERNATIONAL AIRPORT, NY US","2005-11-21",,"51","40",
"USW00094789","JFK INTERNATIONAL AIRPORT, NY US","2005-11-22",,"49","35",
"USW00094789","JFK INTERNATIONAL AIRPORT, NY US","2005-11-23",,"37","28",
"USW00094789","JFK INTERNATIONAL AIRPORT, NY US","2005-11-24",,"51","25",
"USW00094789","JFK INTERNATIONAL AIRPORT, NY US","2005-11-25",,"34","22",
"USW00094789","JFK INTERNATIONAL AIRPORT, NY US","2005-11-26",,"41","25",
"USW00094789","JFK INTERNATIONAL AIRPORT, NY US","2005-11-27",,"51","34",
"USW00094789","JFK INTERNATIONAL AIRPORT, NY US","2005-11-28",,"62","48",
"USW00094789","JFK INTERNATIONAL AIRPORT, NY US","2005-11-29",,"61","56",
"USW00094789","JFK INTERNATIONAL AIRPORT, NY US","2005-11-30",,"64","44",
"USW00094789","JFK INTERNATIONAL AIRPORT, NY US","2005-12-01",,"48","38",
"USW00094789","JFK INTERNATIONAL AIRPORT, NY US","2005-12-02",,"43","33",
"USW00094789","JFK INTERNATIONAL AIRPORT, NY US","2005-12-03",,"37","30",
"USW00094789","JFK INTERNATIONAL AIRPORT, NY US","2005-12-04",,"35","27",
"USW00094789","JFK INTERNATIONAL AIRPORT, NY US","2005-12-05",,"35","31",
"USW00094789","JFK INTERNATIONAL AIRPORT, NY US","2005-12-06",,"36","29",
"USW00094789","JFK INTERNATIONAL AIRPORT, NY US","2005-12-07",,"32","25",
"USW00094789","JFK INTERNATIONAL AIRPORT, NY US","2005-12-08",,"32","21",
"USW00094789","JFK INTERNATIONAL AIRPORT, NY US","2005-12-09",,"38","28",
"USW00094789","JFK INTERNATIONAL AIRPORT, NY US","2005-12-10",,"38","28",
"USW00094789","JFK INTERNATIONAL AIRPORT, NY US","2005-12-11",,"40","30",
"USW00094789","JFK INTERNATIONAL AIRPORT, NY US","2005-12-12",,"38","24",
"USW00094789","JFK INTERNATIONAL AIRPORT, NY US","2005-12-13",,"26","18",
"USW00094789","JFK INTERNATIONAL AIRPORT, NY US","2005-12-14",,"25","15",
"USW00094789","JFK INTERNATIONAL AIRPORT, NY US","2005-12-15",,"44","16",
"USW00094789","JFK INTERNATIONAL AIRPORT, NY US","2005-12-16",,"55","35",
"USW00094789","JFK INTERNATIONAL AIRPORT, NY US","2005-12-17",,"42","33",
"USW00094789","JFK INTERNATIONAL AIRPORT, NY US","2005-12-18",,"39","31",
"USW00094789","JFK INTERNATIONAL AIRPORT, NY US","2005-12-19",,"39","26",
"USW00094789","JFK INTERNATIONAL AIRPORT, NY US","2005-12-20",,"35","21",
"USW00094789","JFK INTERNATIONAL AIRPORT, NY US","2005-12-21",,"33","25",
"USW00094789","JFK INTERNATIONAL AIRPORT, NY US","2005-12-22",,"37","28",
"USW00094789","JFK INTERNATIONAL AIRPORT, NY US","2005-12-23",,"48","33",
"USW00094789","JFK INTERNATIONAL AIRPORT, NY US","2005-12-24",,"55","32",
"USW00094789","JFK INTERNATIONAL AIRPORT, NY US","2005-12-25",,"53","31",
"USW00094789","JFK INTERNATIONAL AIRPORT, NY US","2005-12-26",,"49","39",
"USW00094789","JFK INTERNATIONAL AIRPORT, NY US","2005-12-27",,"44","34",
"USW00094789","JFK INTERNATIONAL AIRPORT, NY US","2005-12-28",,"49","29",
"USW00094789","JFK INTERNATIONAL AIRPORT, NY US","2005-12-29",,"51","43",
"USW00094789","JFK INTERNATIONAL AIRPORT, NY US","2005-12-30",,"48","32",
"USW00094789","JFK INTERNATIONAL AIRPORT, NY US","2005-12-31",,"37","30",
"USW00094789","JFK INTERNATIONAL AIRPORT, NY US","2006-01-01",,"42","30",
"USW00094789","JFK INTERNATIONAL AIRPORT, NY US","2006-01-02",,"45","34",
"USW00094789","JFK INTERNATIONAL AIRPORT, NY US","2006-01-03",,"42","34",
"USW00094789","JFK INTERNATIONAL AIRPORT, NY US","2006-01-04",,"39","28",
"USW00094789","JFK INTERNATIONAL AIRPORT, NY US","2006-01-05",,"51","35",
"USW00094789","JFK INTERNATIONAL AIRPORT, NY US","2006-01-06",,"41","29",
"USW00094789","JFK INTERNATIONAL AIRPORT, NY US","2006-01-07",,"34","24",
"USW00094789","JFK INTERNATIONAL AIRPORT, NY US","2006-01-08",,"45","33",
"USW00094789","JFK INTERNATIONAL AIRPORT, NY US","2006-01-09",,"58","41",
"USW00094789","JFK INTERNATIONAL AIRPORT, NY US","2006-01-10",,"49","37",
"USW00094789","JFK INTERNATIONAL AIRPORT, NY US","2006-01-11",,"53","35",
"USW00094789","JFK INTERNATIONAL AIRPORT, NY US","2006-01-12",,"54","40",
"USW00094789","JFK INTERNATIONAL AIRPORT, NY US","2006-01-13",,"52","38",
"USW00094789","JFK INTERNATIONAL AIRPORT, NY US","2006-01-14",,"55","33",
"USW00094789","JFK INTERNATIONAL AIRPORT, NY US","2006-01-15",,"33","14",
"USW00094789","JFK INTERNATIONAL AIRPORT, NY US","2006-01-16",,"31","14",
"USW00094789","JFK INTERNATIONAL AIRPORT, NY US","2006-01-17",,"44","21",
"USW00094789","JFK INTERNATIONAL AIRPORT, NY US","2006-01-18",,"57","36",
"USW00094789","JFK INTERNATIONAL AIRPORT, NY US","2006-01-19",,"45","33",
"USW00094789","JFK INTERNATIONAL AIRPORT, NY US","2006-01-20",,"56","36",
"USW00094789","JFK INTERNATIONAL AIRPORT, NY US","2006-01-21",,"61","37",
"USW00094789","JFK INTERNATIONAL AIRPORT, NY US","2006-01-22",,"43","29",
"USW00094789","JFK INTERNATIONAL AIRPORT, NY US","2006-01-23",,"42","37",
"USW00094789","JFK INTERNATIONAL AIRPORT, NY US","2006-01-24",,"43","31",
"USW00094789","JFK INTERNATIONAL AIRPORT, NY US","2006-01-25",,"45","33",
"USW00094789","JFK INTERNATIONAL AIRPORT, NY US","2006-01-26",,"37","25",
"USW00094789","JFK INTERNATIONAL AIRPORT, NY US","2006-01-27",,"41","22",
"USW00094789","JFK INTERNATIONAL AIRPORT, NY US","2006-01-28",,"55","32",
"USW00094789","JFK INTERNATIONAL AIRPORT, NY US","2006-01-29",,"47","34",
"USW00094789","JFK INTERNATIONAL AIRPORT, NY US","2006-01-30",,"62","39",
"USW00094789","JFK INTERNATIONAL AIRPORT, NY US","2006-01-31",,"42","38",
"USW00094789","JFK INTERNATIONAL AIRPORT, NY US","2006-02-01",,"44","34",
"USW00094789","JFK INTERNATIONAL AIRPORT, NY US","2006-02-02",,"48","32",
"USW00094789","JFK INTERNATIONAL AIRPORT, NY US","2006-02-03",,"61","43",
"USW00094789","JFK INTERNATIONAL AIRPORT, NY US","2006-02-04",,"54","38",
"USW00094789","JFK INTERNATIONAL AIRPORT, NY US","2006-02-05",,"54","37",
"USW00094789","JFK INTERNATIONAL AIRPORT, NY US","2006-02-06",,"40","34",
"USW00094789","JFK INTERNATIONAL AIRPORT, NY US","2006-02-07",,"44","31",
"USW00094789","JFK INTERNATIONAL AIRPORT, NY US","2006-02-08",,"38","27",
"USW00094789","JFK INTERNATIONAL AIRPORT, NY US","2006-02-09",,"35","23",
"USW00094789","JFK INTERNATIONAL AIRPORT, NY US","2006-02-10",,"38","25",
"USW00094789","JFK INTERNATIONAL AIRPORT, NY US","2006-02-11",,"39","28",
"USW00094789","JFK INTERNATIONAL AIRPORT, NY US","2006-02-12",,"28","23",
"USW00094789","JFK INTERNATIONAL AIRPORT, NY US","2006-02-13",,"34","20",
"USW00094789","JFK INTERNATIONAL AIRPORT, NY US","2006-02-14",,"39","28",
"USW00094789","JFK INTERNATIONAL AIRPORT, NY US","2006-02-15",,"46","28",
"USW00094789","JFK INTERNATIONAL AIRPORT, NY US","2006-02-16",,"52","32",
"USW00094789","JFK INTERNATIONAL AIRPORT, NY US","2006-02-17",,"57","32",
"USW00094789","JFK INTERNATIONAL AIRPORT, NY US","2006-02-18",,"35","15",
"USW00094789","JFK INTERNATIONAL AIRPORT, NY US","2006-02-19",,"30","15",
"USW00094789","JFK INTERNATIONAL AIRPORT, NY US","2006-02-20",,"36","23",
"USW00094789","JFK INTERNATIONAL AIRPORT, NY US","2006-02-21",,"42","27",
"USW00094789","JFK INTERNATIONAL AIRPORT, NY US","2006-02-22",,"43","26",
"USW00094789","JFK INTERNATIONAL AIRPORT, NY US","2006-02-23",,"47","34",
"USW00094789","JFK INTERNATIONAL AIRPORT, NY US","2006-02-24",,"40","28",
"USW00094789","JFK INTERNATIONAL AIRPORT, NY US","2006-02-25",,"49","24",
"USW00094789","JFK INTERNATIONAL AIRPORT, NY US","2006-02-26",,"30","18",
"USW00094789","JFK INTERNATIONAL AIRPORT, NY US","2006-02-27",,"32","18",
"USW00094789","JFK INTERNATIONAL AIRPORT, NY US","2006-02-28",,"34","22",
"USW00094789","JFK INTERNATIONAL AIRPORT, NY US","2006-03-01",,"42","27",
"USW00094789","JFK INTERNATIONAL AIRPORT, NY US","2006-03-02",,"34","24",
"USW00094789","JFK INTERNATIONAL AIRPORT, NY US","2006-03-03",,"33","22",
"USW00094789","JFK INTERNATIONAL AIRPORT, NY US","2006-03-04",,"39","24",
"USW00094789","JFK INTERNATIONAL AIRPORT, NY US","2006-03-05",,"48","31",
"USW00094789","JFK INTERNATIONAL AIRPORT, NY US","2006-03-06",,"43","31",
"USW00094789","JFK INTERNATIONAL AIRPORT, NY US","2006-03-07",,"44","29",
"USW00094789","JFK INTERNATIONAL AIRPORT, NY US","2006-03-08",,"44","28",
"USW00094789","JFK INTERNATIONAL AIRPORT, NY US","2006-03-09",,"51","39",
"USW00094789","JFK INTERNATIONAL AIRPORT, NY US","2006-03-10",,"71","44",
"USW00094789","JFK INTERNATIONAL AIRPORT, NY US","2006-03-11",,"63","46",
"USW00094789","JFK INTERNATIONAL AIRPORT, NY US","2006-03-12",,"50","44",
"USW00094789","JFK INTERNATIONAL AIRPORT, NY US","2006-03-13",,"56","46",
"USW00094789","JFK INTERNATIONAL AIRPORT, NY US","2006-03-14",,"61","39",
"USW00094789","JFK INTERNATIONAL AIRPORT, NY US","2006-03-15",,"47","36",
"USW00094789","JFK INTERNATIONAL AIRPORT, NY US","2006-03-16",,"49","35",
"USW00094789","JFK INTERNATIONAL AIRPORT, NY US","2006-03-17",,"46","31",
"USW00094789","JFK INTERNATIONAL AIRPORT, NY US","2006-03-18",,"43","29",
"USW00094789","JFK INTERNATIONAL AIRPORT, NY US","2006-03-19",,"43","30",
"USW00094789","JFK INTERNATIONAL AIRPORT, NY US","2006-03-20",,"42","27",
"USW00094789","JFK INTERNATIONAL AIRPORT, NY US","2006-03-21",,"42","24",
"USW00094789","JFK INTERNATIONAL AIRPORT, NY US","2006-03-22",,"47","32",
"USW00094789","JFK INTERNATIONAL AIRPORT, NY US","2006-03-23",,"53","34",
"USW00094789","JFK INTERNATIONAL AIRPORT, NY US","2006-03-24",,"52","37",
"USW00094789","JFK INTERNATIONAL AIRPORT, NY US","2006-03-25",,"47","37",
"USW00094789","JFK INTERNATIONAL AIRPORT, NY US","2006-03-26",,"52","38",
"USW00094789","JFK INTERNATIONAL AIRPORT, NY US","2006-03-27",,"59","38",
"USW00094789","JFK INTERNATIONAL AIRPORT, NY US","2006-03-28",,"52","40",
"USW00094789","JFK INTERNATIONAL AIRPORT, NY US","2006-03-29",,"56","36",
"USW00094789","JFK INTERNATIONAL AIRPORT, NY US","2006-03-30",,"62","37",
"USW00094789","JFK INTERNATIONAL AIRPORT, NY US","2006-03-31",,"57","42",
"USW00094789","JFK INTERNATIONAL AIRPORT, NY US","2006-04-01",,"67","48",
"USW00094789","JFK INTERNATIONAL AIRPORT, NY US","2006-04-02",,"67","47",
"USW00094789","JFK INTERNATIONAL AIRPORT, NY US","2006-04-03",,"54","40",
"USW00094789","JFK INTERNATIONAL AIRPORT, NY US","2006-04-04",,"56","40",
"USW00094789","JFK INTERNATIONAL AIRPORT, NY US","2006-04-05",,"47","32",
"USW00094789","JFK INTERNATIONAL AIRPORT, NY US","2006-04-06",,"53","39",
"USW00094789","JFK INTERNATIONAL AIRPORT, NY US","2006-04-07",,"57","41",
"USW00094789","JFK INTERNATIONAL AIRPORT, NY US","2006-04-08",,"56","38",
"USW00094789","JFK INTERNATIONAL AIRPORT, NY US","2006-04-09",,"57","37",
"USW00094789","JFK INTERNATIONAL AIRPORT, NY US","2006-04-10",,"55","41",
"USW00094789","JFK INTERNATIONAL AIRPORT, NY US","2006-04-11",,"59","39",
"USW00094789","JFK INTERNATIONAL AIRPORT, NY US","2006-04-12",,"59","44",
"USW00094789","JFK INTERNATIONAL AIRPORT, NY US","2006-04-13",,"76","50",
"USW00094789","JFK INTERNATIONAL AIRPORT, NY US","2006-04-14",,"59","49",
"USW00094789","JFK INTERNATIONAL AIRPORT, NY US","2006-04-15",,"80","48",
"USW00094789","JFK INTERNATIONAL AIRPORT, NY US","2006-04-16",,"66","51",
"USW00094789","JFK INTERNATIONAL AIRPORT, NY US","2006-04-17",,"63","46",
"USW00094789","JFK INTERNATIONAL AIRPORT, NY US","2006-04-18",,"71","46",
"USW00094789","JFK INTERNATIONAL AIRPORT, NY US","2006-04-19",,"73","46",
"USW00094789","JFK INTERNATIONAL AIRPORT, NY US","2006-04-20",,"78","52",
"USW00094789","JFK INTERNATIONAL AIRPORT, NY US","2006-04-21",,"57","46",
"USW00094789","JFK INTERNATIONAL AIRPORT, NY US","2006-04-22",,"48","44",
"USW00094789","JFK INTERNATIONAL AIRPORT, NY US","2006-04-23",,"61","47",
"USW00094789","JFK INTERNATIONAL AIRPORT, NY US","2006-04-24",,"57","46",
"USW00094789","JFK INTERNATIONAL AIRPORT, NY US","2006-04-25",,"66","47",
"USW00094789","JFK INTERNATIONAL AIRPORT, NY US","2006-04-26",,"52","41",
"USW00094789","JFK INTERNATIONAL AIRPORT, NY US","2006-04-27",,"69","44",
"USW00094789","JFK INTERNATIONAL AIRPORT, NY US","2006-04-28",,"62","45",
"USW00094789","JFK INTERNATIONAL AIRPORT, NY US","2006-04-29",,"64","42",
"USW00094789","JFK INTERNATIONAL AIRPORT, NY US","2006-04-30",,"70","42",
"USW00094789","JFK INTERNATIONAL AIRPORT, NY US","2006-05-01",,"70","47",
"USW00094789","JFK INTERNATIONAL AIRPORT, NY US","2006-05-02",,"68","49",
"USW00094789","JFK INTERNATIONAL AIRPORT, NY US","2006-05-03",,"69","51",
"USW00094789","JFK INTERNATIONAL AIRPORT, NY US","2006-05-04",,"74","55",
"USW00094789","JFK INTERNATIONAL AIRPORT, NY US","2006-05-05",,"78","57",
"USW00094789","JFK INTERNATIONAL AIRPORT, NY US","2006-05-06",,"70","50",
"USW00094789","JFK INTERNATIONAL AIRPORT, NY US","2006-05-07",,"62","45",
"USW00094789","JFK INTERNATIONAL AIRPORT, NY US","2006-05-08",,"64","51",
"USW00094789","JFK INTERNATIONAL AIRPORT, NY US","2006-05-09",,"62","53",
"USW00094789","JFK INTERNATIONAL AIRPORT, NY US","2006-05-10",,"65","52",
"USW00094789","JFK INTERNATIONAL AIRPORT, NY US","2006-05-11",,"61","52",
"USW00094789","JFK INTERNATIONAL AIRPORT, NY US","2006-05-12",,"66","56",
"USW00094789","JFK INTERNATIONAL AIRPORT, NY US","2006-05-13",,"71","52",
"USW00094789","JFK INTERNATIONAL AIRPORT, NY US","2006-05-14",,"61","50",
"USW00094789","JFK INTERNATIONAL AIRPORT, NY US","2006-05-15",,"65","51",
"USW00094789","JFK INTERNATIONAL AIRPORT, NY US","2006-05-16",,"65","53",
"USW00094789","JFK INTERNATIONAL AIRPORT, NY US","2006-05-17",,"68","53",
"USW00094789","JFK INTERNATIONAL AIRPORT, NY US","2006-05-18",,"69","55",
"USW00094789","JFK INTERNATIONAL AIRPORT, NY US","2006-05-19",,"65","51",
"USW00094789","JFK INTERNATIONAL AIRPORT, NY US","2006-05-20",,"69","52",
"USW00094789","JFK INTERNATIONAL AIRPORT, NY US","2006-05-21",,"68","50",
"USW00094789","JFK INTERNATIONAL AIRPORT, NY US","2006-05-22",,"65","48",
"USW00094789","JFK INTERNATIONAL AIRPORT, NY US","2006-05-23",,"69","45",
"USW00094789","JFK INTERNATIONAL AIRPORT, NY US","2006-05-24",,"73","52",
"USW00094789","JFK INTERNATIONAL AIRPORT, NY US","2006-05-25",,"71","52",
"USW00094789","JFK INTERNATIONAL AIRPORT, NY US","2006-05-26",,"68","57",
"USW00094789","JFK INTERNATIONAL AIRPORT, NY US","2006-05-27",,"84","59",
"USW00094789","JFK INTERNATIONAL AIRPORT, NY US","2006-05-28",,"79","61",
"USW00094789","JFK INTERNATIONAL AIRPORT, NY US","2006-05-29",,"77","59",
"USW00094789","JFK INTERNATIONAL AIRPORT, NY US","2006-05-30",,"83","63",
"USW00094789","JFK INTERNATIONAL AIRPORT, NY US","2006-05-31",,"67","62",
"USW00094789","JFK INTERNATIONAL AIRPORT, NY US","2006-06-01",,"77","62",
"USW00094789","JFK INTERNATIONAL AIRPORT, NY US","2006-06-02",,"78","66",
"USW00094789","JFK INTERNATIONAL AIRPORT, NY US","2006-06-03",,"68","57",
"USW00094789","JFK INTERNATIONAL AIRPORT, NY US","2006-06-04",,"69","56",
"USW00094789","JFK INTERNATIONAL AIRPORT, NY US","2006-06-05",,"69","59",
"USW00094789","JFK INTERNATIONAL AIRPORT, NY US","2006-06-06",,"72","57",
"USW00094789","JFK INTERNATIONAL AIRPORT, NY US","2006-06-07",,"63","57",
"USW00094789","JFK INTERNATIONAL AIRPORT, NY US","2006-06-08",,"66","57",
"USW00094789","JFK INTERNATIONAL AIRPORT, NY US","2006-06-09",,"76","58",
"USW00094789","JFK INTERNATIONAL AIRPORT, NY US","2006-06-10",,"69","57",
"USW00094789","JFK INTERNATIONAL AIRPORT, NY US","2006-06-11",,"71","53",
"USW00094789","JFK INTERNATIONAL AIRPORT, NY US","2006-06-12",,"69","57",
"USW00094789","JFK INTERNATIONAL AIRPORT, NY US","2006-06-13",,"79","64",
"USW00094789","JFK INTERNATIONAL AIRPORT, NY US","2006-06-14",,"72","62",
"USW00094789","JFK INTERNATIONAL AIRPORT, NY US","2006-06-15",,"82","66",
"USW00094789","JFK INTERNATIONAL AIRPORT, NY US","2006-06-16",,"87","63",
"USW00094789","JFK INTERNATIONAL AIRPORT, NY US","2006-06-17",,"80","62",
"USW00094789","JFK INTERNATIONAL AIRPORT, NY US","2006-06-18",,"80","67",
"USW00094789","JFK INTERNATIONAL AIRPORT, NY US","2006-06-19",,"81","66",
"USW00094789","JFK INTERNATIONAL AIRPORT, NY US","2006-06-20",,"83","67",
"USW00094789","JFK INTERNATIONAL AIRPORT, NY US","2006-06-21",,"78","65",
"USW00094789","JFK INTERNATIONAL AIRPORT, NY US","2006-06-22",,"81","65",
"USW00094789","JFK INTERNATIONAL AIRPORT, NY US","2006-06-23",,"83","68",
"USW00094789","JFK INTERNATIONAL AIRPORT, NY US","2006-06-24",,"73","67",
"USW00094789","JFK INTERNATIONAL AIRPORT, NY US","2006-06-25",,"74","67",
"USW00094789","JFK INTERNATIONAL AIRPORT, NY US","2006-06-26",,"77","69",
"USW00094789","JFK INTERNATIONAL AIRPORT, NY US","2006-06-27",,"78","70",
"USW00094789","JFK INTERNATIONAL AIRPORT, NY US","2006-06-28",,"80","67",
"USW00094789","JFK INTERNATIONAL AIRPORT, NY US","2006-06-29",,"81","66",
"USW00094789","JFK INTERNATIONAL AIRPORT, NY US","2006-06-30",,"83","65",
"USW00094789","JFK INTERNATIONAL AIRPORT, NY US","2006-07-01",,"81","65",
"USW00094789","JFK INTERNATIONAL AIRPORT, NY US","2006-07-02",,"90","69",
"USW00094789","JFK INTERNATIONAL AIRPORT, NY US","2006-07-03",,"86","72",
"USW00094789","JFK INTERNATIONAL AIRPORT, NY US","2006-07-04",,"86","71",
"USW00094789","JFK INTERNATIONAL AIRPORT, NY US","2006-07-05",,"76","69",
"USW00094789","JFK INTERNATIONAL AIRPORT, NY US","2006-07-06",,"78","62",
"USW00094789","JFK INTERNATIONAL AIRPORT, NY US","2006-07-07",,"81","62",
"USW00094789","JFK INTERNATIONAL AIRPORT, NY US","2006-07-08",,"81","67",
"USW00094789","JFK INTERNATIONAL AIRPORT, NY US","2006-07-09",,"84","69",
"USW00094789","JFK INTERNATIONAL AIRPORT, NY US","2006-07-10",,"79","66",
"USW00094789","JFK INTERNATIONAL AIRPORT, NY US","2006-07-11",,"81","68",
"USW00094789","JFK INTERNATIONAL AIRPORT, NY US","2006-07-12",,"81","71",
"USW00094789","JFK INTERNATIONAL AIRPORT, NY US","2006-07-13",,"86","68",
"USW00094789","JFK INTERNATIONAL AIRPORT, NY US","2006-07-14",,"79","66",
"USW00094789","JFK INTERNATIONAL AIRPORT, NY US","2006-07-15",,"79","67",
"USW00094789","JFK INTERNATIONAL AIRPORT, NY US","2006-07-16",,"94","69",
"USW00094789","JFK INTERNATIONAL AIRPORT, NY US","2006-07-17",,"93","74",
"USW00094789","JFK INTERNATIONAL AIRPORT, NY US","2006-07-18",,"95","73",
"USW00094789","JFK INTERNATIONAL AIRPORT, NY US","2006-07-19",,"87","73",
"USW00094789","JFK INTERNATIONAL AIRPORT, NY US","2006-07-20",,"84","70",
"USW00094789","JFK INTERNATIONAL AIRPORT, NY US","2006-07-21",,"85","71",
"USW00094789","JFK INTERNATIONAL AIRPORT, NY US","2006-07-22",,"79","72",
"USW00094789","JFK INTERNATIONAL AIRPORT, NY US","2006-07-23",,"79","68",
"USW00094789","JFK INTERNATIONAL AIRPORT, NY US","2006-07-24",,"83","66",
"USW00094789","JFK INTERNATIONAL AIRPORT, NY US","2006-07-25",,"80","69",
"USW00094789","JFK INTERNATIONAL AIRPORT, NY US","2006-07-26",,"83","70",
"USW00094789","JFK INTERNATIONAL AIRPORT, NY US","2006-07-27",,"83","72",
"USW00094789","JFK INTERNATIONAL AIRPORT, NY US","2006-07-28",,"85","73",
"USW00094789","JFK INTERNATIONAL AIRPORT, NY US","2006-07-29",,"90","74",
"USW00094789","JFK INTERNATIONAL AIRPORT, NY US","2006-07-30",,"91","79",
"USW00094789","JFK INTERNATIONAL AIRPORT, NY US","2006-07-31",,"88","73",
"USW00094789","JFK INTERNATIONAL AIRPORT, NY US","2006-08-01",,"97","76",
"USW00094789","JFK INTERNATIONAL AIRPORT, NY US","2006-08-02",,"97","80",
"USW00094789","JFK INTERNATIONAL AIRPORT, NY US","2006-08-03",,"99","79",
"USW00094789","JFK INTERNATIONAL AIRPORT, NY US","2006-08-04",,"93","76",
"USW00094789","JFK INTERNATIONAL AIRPORT, NY US","2006-08-05",,"91","69",
"USW00094789","JFK INTERNATIONAL AIRPORT, NY US","2006-08-06",,"83","71",
"USW00094789","JFK INTERNATIONAL AIRPORT, NY US","2006-08-07",,"87","74",
"USW00094789","JFK INTERNATIONAL AIRPORT, NY US","2006-08-08",,"89","71",
"USW00094789","JFK INTERNATIONAL AIRPORT, NY US","2006-08-09",,"81","67",
"USW00094789","JFK INTERNATIONAL AIRPORT, NY US","2006-08-10",,"84","69",
"USW00094789","JFK INTERNATIONAL AIRPORT, NY US","2006-08-11",,"80","64",
"USW00094789","JFK INTERNATIONAL AIRPORT, NY US","2006-08-12",,"79","61",
"USW00094789","JFK INTERNATIONAL AIRPORT, NY US","2006-08-13",,"83","60",
"USW00094789","JFK INTERNATIONAL AIRPORT, NY US","2006-08-14",,"82","64",
"USW00094789","JFK INTERNATIONAL AIRPORT, NY US","2006-08-15",,"81","70",
"USW00094789","JFK INTERNATIONAL AIRPORT, NY US","2006-08-16",,"83","66",
"USW00094789","JFK INTERNATIONAL AIRPORT, NY US","2006-08-17",,"84","68",
"USW00094789","JFK INTERNATIONAL AIRPORT, NY US","2006-08-18",,"81","67",
"USW00094789","JFK INTERNATIONAL AIRPORT, NY US","2006-08-19",,"81","66",
"USW00094789","JFK INTERNATIONAL AIRPORT, NY US","2006-08-20",,"91","73",
"USW00094789","JFK INTERNATIONAL AIRPORT, NY US","2006-08-21",,"88","69",
"USW00094789","JFK INTERNATIONAL AIRPORT, NY US","2006-08-22",,"83","69",
"USW00094789","JFK INTERNATIONAL AIRPORT, NY US","2006-08-23",,"89","68",
"USW00094789","JFK INTERNATIONAL AIRPORT, NY US","2006-08-24",,"80","69",
"USW00094789","JFK INTERNATIONAL AIRPORT, NY US","2006-08-25",,"78","68",
"USW00094789","JFK INTERNATIONAL AIRPORT, NY US","2006-08-26",,"71","65",
"USW00094789","JFK INTERNATIONAL AIRPORT, NY US","2006-08-27",,"74","66",
"USW00094789","JFK INTERNATIONAL AIRPORT, NY US","2006-08-28",,"79","71",
"USW00094789","JFK INTERNATIONAL AIRPORT, NY US","2006-08-29",,"72","65",
"USW00094789","JFK INTERNATIONAL AIRPORT, NY US","2006-08-30",,"76","64",
"USW00094789","JFK INTERNATIONAL AIRPORT, NY US","2006-08-31",,"73","62",
"USW00094789","JFK INTERNATIONAL AIRPORT, NY US","2006-09-01",,"70","60",
"USW00094789","JFK INTERNATIONAL AIRPORT, NY US","2006-09-02",,"69","60",
"USW00094789","JFK INTERNATIONAL AIRPORT, NY US","2006-09-03",,"78","64",
"USW00094789","JFK INTERNATIONAL AIRPORT, NY US","2006-09-04",,"79","62",
"USW00094789","JFK INTERNATIONAL AIRPORT, NY US","2006-09-05",,"71","62",
"USW00094789","JFK INTERNATIONAL AIRPORT, NY US","2006-09-06",,"76","62",
"USW00094789","JFK INTERNATIONAL AIRPORT, NY US","2006-09-07",,"80","61",
"USW00094789","JFK INTERNATIONAL AIRPORT, NY US","2006-09-08",,"80","64",
"USW00094789","JFK INTERNATIONAL AIRPORT, NY US","2006-09-09",,"81","66",
"USW00094789","JFK INTERNATIONAL AIRPORT, NY US","2006-09-10",,"74","60",
"USW00094789","JFK INTERNATIONAL AIRPORT, NY US","2006-09-11",,"71","55",
"USW00094789","JFK INTERNATIONAL AIRPORT, NY US","2006-09-12",,"70","51",
"USW00094789","JFK INTERNATIONAL AIRPORT, NY US","2006-09-13",,"71","56",
"USW00094789","JFK INTERNATIONAL AIRPORT, NY US","2006-09-14",,"69","65",
"USW00094789","JFK INTERNATIONAL AIRPORT, NY US","2006-09-15",,"68","66",
"USW00094789","JFK INTERNATIONAL AIRPORT, NY US","2006-09-16",,"79","64",
"USW00094789","JFK INTERNATIONAL AIRPORT, NY US","2006-09-17",,"81","64",
"USW00094789","JFK INTERNATIONAL AIRPORT, NY US","2006-09-18",,"78","63",
"USW00094789","JFK INTERNATIONAL AIRPORT, NY US","2006-09-19",,"77","67",
"USW00094789","JFK INTERNATIONAL AIRPORT, NY US","2006-09-20",,"72","58",
"USW00094789","JFK INTERNATIONAL AIRPORT, NY US","2006-09-21",,"70","52",
"USW00094789","JFK INTERNATIONAL AIRPORT, NY US","2006-09-22",,"70","50",
"USW00094789","JFK INTERNATIONAL AIRPORT, NY US","2006-09-23",,"76","65",
"USW00094789","JFK INTERNATIONAL AIRPORT, NY US","2006-09-24",,"82","67",
"USW00094789","JFK INTERNATIONAL AIRPORT, NY US","2006-09-25",,"73","63",
"USW00094789","JFK INTERNATIONAL AIRPORT, NY US","2006-09-26",,"73","58",
"USW00094789","JFK INTERNATIONAL AIRPORT, NY US","2006-09-27",,"73","55",
"USW00094789","JFK INTERNATIONAL AIRPORT, NY US","2006-09-28",,"73","58",
"USW00094789","JFK INTERNATIONAL AIRPORT, NY US","2006-09-29",,"68","54",
"USW00094789","JFK INTERNATIONAL AIRPORT, NY US","2006-09-30",,"67","49",
"USW00094789","JFK INTERNATIONAL AIRPORT, NY US","2006-10-01",,"69","57",
"USW00094789","JFK INTERNATIONAL AIRPORT, NY US","2006-10-02",,"71","55",
"USW00094789","JFK INTERNATIONAL AIRPORT, NY US","2006-10-03",,"75","52",
"USW00094789","JFK INTERNATIONAL AIRPORT, NY US","2006-10-04",,"74","62",
"USW00094789","JFK INTERNATIONAL AIRPORT, NY US","2006-10-05",,"67","53",
"USW00094789","JFK INTERNATIONAL AIRPORT, NY US","2006-10-06",,"58","53",
"USW00094789","JFK INTERNATIONAL AIRPORT, NY US","2006-10-07",,"64","52",
"USW00094789","JFK INTERNATIONAL AIRPORT, NY US","2006-10-08",,"66","50",
"USW00094789","JFK INTERNATIONAL AIRPORT, NY US","2006-10-09",,"74","53",
"USW00094789","JFK INTERNATIONAL AIRPORT, NY US","2006-10-10",,"76","57",
"USW00094789","JFK INTERNATIONAL AIRPORT, NY US","2006-10-11",,"64","59",
"USW00094789","JFK INTERNATIONAL AIRPORT, NY US","2006-10-12",,"70","50",
"USW00094789","JFK INTERNATIONAL AIRPORT, NY US","2006-10-13",,"55","41",
"USW00094789","JFK INTERNATIONAL AIRPORT, NY US","2006-10-14",,"60","44",
"USW00094789","JFK INTERNATIONAL AIRPORT, NY US","2006-10-15",,"59","42",
"USW00094789","JFK INTERNATIONAL AIRPORT, NY US","2006-10-16",,"60","39",
"USW00094789","JFK INTERNATIONAL AIRPORT, NY US","2006-10-17",,"63","55",
"USW00094789","JFK INTERNATIONAL AIRPORT, NY US","2006-10-18",,"75","62",
"USW00094789","JFK INTERNATIONAL AIRPORT, NY US","2006-10-19",,"67","55",
"USW00094789","JFK INTERNATIONAL AIRPORT, NY US","2006-10-20",,"66","47",
"USW00094789","JFK INTERNATIONAL AIRPORT, NY US","2006-10-21",,"59","45",
"USW00094789","JFK INTERNATIONAL AIRPORT, NY US","2006-10-22",,"61","41",
"USW00094789","JFK INTERNATIONAL AIRPORT, NY US","2006-10-23",,"57","45",
"USW00094789","JFK INTERNATIONAL AIRPORT, NY US","2006-10-24",,"53","42",
"USW00094789","JFK INTERNATIONAL AIRPORT, NY US","2006-10-25",,"56","43",
"USW00094789","JFK INTERNATIONAL AIRPORT, NY US","2006-10-26",,"52","39",
"USW00094789","JFK INTERNATIONAL AIRPORT, NY US","2006-10-27",,"51","34",
"USW00094789","JFK INTERNATIONAL AIRPORT, NY US","2006-10-28",,"65","46",
"USW00094789","JFK INTERNATIONAL AIRPORT, NY US","2006-10-29",,"55","45",
"USW00094789","JFK INTERNATIONAL AIRPORT, NY US","2006-10-30",,"61","44",
"USW00094789","JFK INTERNATIONAL AIRPORT, NY US","2006-10-31",,"63","46",
"USW00094789","JFK INTERNATIONAL AIRPORT, NY US","2006-11-01",,"69","55",
"USW00094789","JFK INTERNATIONAL AIRPORT, NY US","2006-11-02",,"57","44",
"USW00094789","JFK INTERNATIONAL AIRPORT, NY US","2006-11-03",,"49","37",
"USW00094789","JFK INTERNATIONAL AIRPORT, NY US","2006-11-04",,"48","34",
"USW00094789","JFK INTERNATIONAL AIRPORT, NY US","2006-11-05",,"49","33",
"USW00094789","JFK INTERNATIONAL AIRPORT, NY US","2006-11-06",,"54","37",
"USW00094789","JFK INTERNATIONAL AIRPORT, NY US","2006-11-07",,"59","45",
"USW00094789","JFK INTERNATIONAL AIRPORT, NY US","2006-11-08",,"60","56",
"USW00094789","JFK INTERNATIONAL AIRPORT, NY US","2006-11-09",,"70","56",
"USW00094789","JFK INTERNATIONAL AIRPORT, NY US","2006-11-10",,"62","49",
"USW00094789","JFK INTERNATIONAL AIRPORT, NY US","2006-11-11",,"63","43",
"USW00094789","JFK INTERNATIONAL AIRPORT, NY US","2006-11-12",,"63","52",
"USW00094789","JFK INTERNATIONAL AIRPORT, NY US","2006-11-13",,"62","55",
"USW00094789","JFK INTERNATIONAL AIRPORT, NY US","2006-11-14",,"59","53",
"USW00094789","JFK INTERNATIONAL AIRPORT, NY US","2006-11-15",,"62","54",
"USW00094789","JFK INTERNATIONAL AIRPORT, NY US","2006-11-16",,"65","56",
"USW00094789","JFK INTERNATIONAL AIRPORT, NY US","2006-11-17",,"64","49",
"USW00094789","JFK INTERNATIONAL AIRPORT, NY US","2006-11-18",,"52","42",
"USW00094789","JFK INTERNATIONAL AIRPORT, NY US","2006-11-19",,"49","43",
"USW00094789","JFK INTERNATIONAL AIRPORT, NY US","2006-11-20",,"45","39",
"USW00094789","JFK INTERNATIONAL AIRPORT, NY US","2006-11-21",,"46","33",
"USW00094789","JFK INTERNATIONAL AIRPORT, NY US","2006-11-22",,"46","40",
"USW00094789","JFK INTERNATIONAL AIRPORT, NY US","2006-11-23",,"45","42",
"USW00094789","JFK INTERNATIONAL AIRPORT, NY US","2006-11-24",,"59","42",
"USW00094789","JFK INTERNATIONAL AIRPORT, NY US","2006-11-25",,"52","36",
"USW00094789","JFK INTERNATIONAL AIRPORT, NY US","2006-11-26",,"56","37",
"USW00094789","JFK INTERNATIONAL AIRPORT, NY US","2006-11-27",,"59","41",
"USW00094789","JFK INTERNATIONAL AIRPORT, NY US","2006-11-28",,"58","43",
"USW00094789","JFK INTERNATIONAL AIRPORT, NY US","2006-11-29",,"58","48",
"USW00094789","JFK INTERNATIONAL AIRPORT, NY US","2006-11-30",,"60","53",
"USW00094789","JFK INTERNATIONAL AIRPORT, NY US","2006-12-01",,"64","50",
"USW00094789","JFK INTERNATIONAL AIRPORT, NY US","2006-12-02",,"50","39",
"USW00094789","JFK INTERNATIONAL AIRPORT, NY US","2006-12-03",,"44","35",
"USW00094789","JFK INTERNATIONAL AIRPORT, NY US","2006-12-04",,"43","31",
"USW00094789","JFK INTERNATIONAL AIRPORT, NY US","2006-12-05",,"38","29",
"USW00094789","JFK INTERNATIONAL AIRPORT, NY US","2006-12-06",,"49","28",
"USW00094789","JFK INTERNATIONAL AIRPORT, NY US","2006-12-07",,"54","27",
"USW00094789","JFK INTERNATIONAL AIRPORT, NY US","2006-12-08",,"30","19",
"USW00094789","JFK INTERNATIONAL AIRPORT, NY US","2006-12-09",,"39","24",
"USW00094789","JFK INTERNATIONAL AIRPORT, NY US","2006-12-10",,"53","35",
"USW00094789","JFK INTERNATIONAL AIRPORT, NY US","2006-12-11",,"58","38",
"USW00094789","JFK INTERNATIONAL AIRPORT, NY US","2006-12-12",,"49","40",
"USW00094789","JFK INTERNATIONAL AIRPORT, NY US","2006-12-13",,"54","48",
"USW00094789","JFK INTERNATIONAL AIRPORT, NY US","2006-12-14",,"49","43",
"USW00094789","JFK INTERNATIONAL AIRPORT, NY US","2006-12-15",,"51","43",
"USW00094789","JFK INTERNATIONAL AIRPORT, NY US","2006-12-16",,"52","37",
"USW00094789","JFK INTERNATIONAL AIRPORT, NY US","2006-12-17",,"53","35",
"USW00094789","JFK INTERNATIONAL AIRPORT, NY US","2006-12-18",,"60","44",
"USW00094789","JFK INTERNATIONAL AIRPORT, NY US","2006-12-19",,"47","36",
"USW00094789","JFK INTERNATIONAL AIRPORT, NY US","2006-12-20",,"44","31",
"USW00094789","JFK INTERNATIONAL AIRPORT, NY US","2006-12-21",,"52","38",
"USW00094789","JFK INTERNATIONAL AIRPORT, NY US","2006-12-22",,"51","34",
"USW00094789","JFK INTERNATIONAL AIRPORT, NY US","2006-12-23",,"59","46",
"USW00094789","JFK INTERNATIONAL AIRPORT, NY US","2006-12-24",,"54","42",
"USW00094789","JFK INTERNATIONAL AIRPORT, NY US","2006-12-25",,"47","35",
"USW00094789","JFK INTERNATIONAL AIRPORT, NY US","2006-12-26",,"55","44",
"USW00094789","JFK INTERNATIONAL AIRPORT, NY US","2006-12-27",,"44","38",
"USW00094789","JFK INTERNATIONAL AIRPORT, NY US","2006-12-28",,"49","35",
"USW00094789","JFK INTERNATIONAL AIRPORT, NY US","2006-12-29",,"49","35",
"USW00094789","JFK INTERNATIONAL AIRPORT, NY US","2006-12-30",,"50","32",
"USW00094789","JFK INTERNATIONAL AIRPORT, NY US","2006-12-31",,"45","32",
"USW00094789","JFK INTERNATIONAL AIRPORT, NY US","2007-01-01",,"55","45",
"USW00094789","JFK INTERNATIONAL AIRPORT, NY US","2007-01-02",,"52","36",
"USW00094789","JFK INTERNATIONAL AIRPORT, NY US","2007-01-03",,"51","32",
"USW00094789","JFK INTERNATIONAL AIRPORT, NY US","2007-01-04",,"53","37",
"USW00094789","JFK INTERNATIONAL AIRPORT, NY US","2007-01-05",,"56","46",
"USW00094789","JFK INTERNATIONAL AIRPORT, NY US","2007-01-06",,"71","51",
"USW00094789","JFK INTERNATIONAL AIRPORT, NY US","2007-01-07",,"56","44",
"USW00094789","JFK INTERNATIONAL AIRPORT, NY US","2007-01-08",,"55","38",
"USW00094789","JFK INTERNATIONAL AIRPORT, NY US","2007-01-09",,"45","34",
"USW00094789","JFK INTERNATIONAL AIRPORT, NY US","2007-01-10",,"36","29",
"USW00094789","JFK INTERNATIONAL AIRPORT, NY US","2007-01-11",,"39","26",
"USW00094789","JFK INTERNATIONAL AIRPORT, NY US","2007-01-12",,"50","39",
"USW00094789","JFK INTERNATIONAL AIRPORT, NY US","2007-01-13",,"56","41",
"USW00094789","JFK INTERNATIONAL AIRPORT, NY US","2007-01-14",,"47","43",
"USW00094789","JFK INTERNATIONAL AIRPORT, NY US","2007-01-15",,"52","41",
"USW00094789","JFK INTERNATIONAL AIRPORT, NY US","2007-01-16",,"56","23",
"USW00094789","JFK INTERNATIONAL AIRPORT, NY US","2007-01-17",,"30","19",
"USW00094789","JFK INTERNATIONAL AIRPORT, NY US","2007-01-18",,"37","22",
"USW00094789","JFK INTERNATIONAL AIRPORT, NY US","2007-01-19",,"44","32",
"USW00094789","JFK INTERNATIONAL AIRPORT, NY US","2007-01-20",,"34","22",
"USW00094789","JFK INTERNATIONAL AIRPORT, NY US","2007-01-21",,"30","19",
"USW00094789","JFK INTERNATIONAL AIRPORT, NY US","2007-01-22",,"33","25",
"USW00094789","JFK INTERNATIONAL AIRPORT, NY US","2007-01-23",,"37","29",
"USW00094789","JFK INTERNATIONAL AIRPORT, NY US","2007-01-24",,"42","30",
"USW00094789","JFK INTERNATIONAL AIRPORT, NY US","2007-01-25",,"36","16",
"USW00094789","JFK INTERNATIONAL AIRPORT, NY US","2007-01-26",,"24","9",
"USW00094789","JFK INTERNATIONAL AIRPORT, NY US","2007-01-27",,"39","21",
"USW00094789","JFK INTERNATIONAL AIRPORT, NY US","2007-01-28",,"42","31",
"USW00094789","JFK INTERNATIONAL AIRPORT, NY US","2007-01-29",,"31","23",
"USW00094789","JFK INTERNATIONAL AIRPORT, NY US","2007-01-30",,"36","22",
"USW00094789","JFK INTERNATIONAL AIRPORT, NY US","2007-01-31",,"34","26",
"USW00094789","JFK INTERNATIONAL AIRPORT, NY US","2007-02-01",,"36","26",
"USW00094789","JFK INTERNATIONAL AIRPORT, NY US","2007-02-02",,"39","32",
"USW00094789","JFK INTERNATIONAL AIRPORT, NY US","2007-02-03",,"36","24",
"USW00094789","JFK INTERNATIONAL AIRPORT, NY US","2007-02-04",,"31","18",
"USW00094789","JFK INTERNATIONAL AIRPORT, NY US","2007-02-05",,"19","9",
"USW00094789","JFK INTERNATIONAL AIRPORT, NY US","2007-02-06",,"25","11",
"USW00094789","JFK INTERNATIONAL AIRPORT, NY US","2007-02-07",,"26","13",
"USW00094789","JFK INTERNATIONAL AIRPORT, NY US","2007-02-08",,"30","15",
"USW00094789","JFK INTERNATIONAL AIRPORT, NY US","2007-02-09",,"33","19",
"USW00094789","JFK INTERNATIONAL AIRPORT, NY US","2007-02-10",,"35","23",
"USW00094789","JFK INTERNATIONAL AIRPORT, NY US","2007-02-11",,"32","19",
"USW00094789","JFK INTERNATIONAL AIRPORT, NY US","2007-02-12",,"41","22",
"USW00094789","JFK INTERNATIONAL AIRPORT, NY US","2007-02-13",,"33","22",
"USW00094789","JFK INTERNATIONAL AIRPORT, NY US","2007-02-14",,"32","18",
"USW00094789","JFK INTERNATIONAL AIRPORT, NY US","2007-02-15",,"26","16",
"USW00094789","JFK INTERNATIONAL AIRPORT, NY US","2007-02-16",,"30","16",
"USW00094789","JFK INTERNATIONAL AIRPORT, NY US","2007-02-17",,"34","21",
"USW00094789","JFK INTERNATIONAL AIRPORT, NY US","2007-02-18",,"33","18",
"USW00094789","JFK INTERNATIONAL AIRPORT, NY US","2007-02-19",,"31","14",
"USW00094789","JFK INTERNATIONAL AIRPORT, NY US","2007-02-20",,"46","28",
"USW00094789","JFK INTERNATIONAL AIRPORT, NY US","2007-02-21",,"50","35",
"USW00094789","JFK INTERNATIONAL AIRPORT, NY US","2007-02-22",,"45","29",
"USW00094789","JFK INTERNATIONAL AIRPORT, NY US","2007-02-23",,"40","22",
"USW00094789","JFK INTERNATIONAL AIRPORT, NY US","2007-02-24",,"44","21",
"USW00094789","JFK INTERNATIONAL AIRPORT, NY US","2007-02-25",,"36","24",
"USW00094789","JFK INTERNATIONAL AIRPORT, NY US","2007-02-26",,"35","31",
"USW00094789","JFK INTERNATIONAL AIRPORT, NY US","2007-02-27",,"42","33",
"USW00094789","JFK INTERNATIONAL AIRPORT, NY US","2007-02-28",,"47","34",
"USW00094789","JFK INTERNATIONAL AIRPORT, NY US","2007-03-01",,"43","29",
"USW00094789","JFK INTERNATIONAL AIRPORT, NY US","2007-03-02",,"59","40",
"USW00094789","JFK INTERNATIONAL AIRPORT, NY US","2007-03-03",,"55","32",
"USW00094789","JFK INTERNATIONAL AIRPORT, NY US","2007-03-04",,"42","34",
"USW00094789","JFK INTERNATIONAL AIRPORT, NY US","2007-03-05",,"43","22",
"USW00094789","JFK INTERNATIONAL AIRPORT, NY US","2007-03-06",,"22","13",
"USW00094789","JFK INTERNATIONAL AIRPORT, NY US","2007-03-07",,"23","13",
"USW00094789","JFK INTERNATIONAL AIRPORT, NY US","2007-03-08",,"37","17",
"USW00094789","JFK INTERNATIONAL AIRPORT, NY US","2007-03-09",,"32","14",
"USW00094789","JFK INTERNATIONAL AIRPORT, NY US","2007-03-10",,"50","26",
"USW00094789","JFK INTERNATIONAL AIRPORT, NY US","2007-03-11",,"53","38",
"USW00094789","JFK INTERNATIONAL AIRPORT, NY US","2007-03-12",,"49","30",
"USW00094789","JFK INTERNATIONAL AIRPORT, NY US","2007-03-13",,"48","35",
"USW00094789","JFK INTERNATIONAL AIRPORT, NY US","2007-03-14",,"57","40",
"USW00094789","JFK INTERNATIONAL AIRPORT, NY US","2007-03-15",,"62","36",
"USW00094789","JFK INTERNATIONAL AIRPORT, NY US","2007-03-16",,"36","27",
"USW00094789","JFK INTERNATIONAL AIRPORT, NY US","2007-03-17",,"37","26",
"USW00094789","JFK INTERNATIONAL AIRPORT, NY US","2007-03-18",,"39","27",
"USW00094789","JFK INTERNATIONAL AIRPORT, NY US","2007-03-19",,"40","29",
"USW00094789","JFK INTERNATIONAL AIRPORT, NY US","2007-03-20",,"52","33",
"USW00094789","JFK INTERNATIONAL AIRPORT, NY US","2007-03-21",,"40","26",
"USW00094789","JFK INTERNATIONAL AIRPORT, NY US","2007-03-22",,"54","40",
"USW00094789","JFK INTERNATIONAL AIRPORT, NY US","2007-03-23",,"61","46",
"USW00094789","JFK INTERNATIONAL AIRPORT, NY US","2007-03-24",,"53","41",
"USW00094789","JFK INTERNATIONAL AIRPORT, NY US","2007-03-25",,"53","37",
"USW00094789","JFK INTERNATIONAL AIRPORT, NY US","2007-03-26",,"48","36",
"USW00094789","JFK INTERNATIONAL AIRPORT, NY US","2007-03-27",,"78","45",
"USW00094789","JFK INTERNATIONAL AIRPORT, NY US","2007-03-28",,"64","46",
"USW00094789","JFK INTERNATIONAL AIRPORT, NY US","2007-03-29",,"57","39",
"USW00094789","JFK INTERNATIONAL AIRPORT, NY US","2007-03-30",,"65","39",
"USW00094789","JFK INTERNATIONAL AIRPORT, NY US","2007-03-31",,"53","40",
"USW00094789","JFK INTERNATIONAL AIRPORT, NY US","2007-04-01",,"49","42",
"USW00094789","JFK INTERNATIONAL AIRPORT, NY US","2007-04-02",,"51","43",
"USW00094789","JFK INTERNATIONAL AIRPORT, NY US","2007-04-03",,"53","41",
"USW00094789","JFK INTERNATIONAL AIRPORT, NY US","2007-04-04",,"44","40",
"USW00094789","JFK INTERNATIONAL AIRPORT, NY US","2007-04-05",,"47","35",
"USW00094789","JFK INTERNATIONAL AIRPORT, NY US","2007-04-06",,"43","33",
"USW00094789","JFK INTERNATIONAL AIRPORT, NY US","2007-04-07",,"43","31",
"USW00094789","JFK INTERNATIONAL AIRPORT, NY US","2007-04-08",,"43","31",
"USW00094789","JFK INTERNATIONAL AIRPORT, NY US","2007-04-09",,"49","33",
"USW00094789","JFK INTERNATIONAL AIRPORT, NY US","2007-04-10",,"51","35",
"USW00094789","JFK INTERNATIONAL AIRPORT, NY US","2007-04-11",,"48","32",
"USW00094789","JFK INTERNATIONAL AIRPORT, NY US","2007-04-12",,"44","40",
"USW00094789","JFK INTERNATIONAL AIRPORT, NY US","2007-04-13",,"52","42",
"USW00094789","JFK INTERNATIONAL AIRPORT, NY US","2007-04-14",,"56","39",
"USW00094789","JFK INTERNATIONAL AIRPORT, NY US","2007-04-15",,"54","41",
"USW00094789","JFK INTERNATIONAL AIRPORT, NY US","2007-04-16",,"55","40",
"USW00094789","JFK INTERNATIONAL AIRPORT, NY US","2007-04-17",,"52","42",
"USW00094789","JFK INTERNATIONAL AIRPORT, NY US","2007-04-18",,"51","43",
"USW00094789","JFK INTERNATIONAL AIRPORT, NY US","2007-04-19",,"59","45",
"USW00094789","JFK INTERNATIONAL AIRPORT, NY US","2007-04-20",,"70","42",
"USW00094789","JFK INTERNATIONAL AIRPORT, NY US","2007-04-21",,"78","40",
"USW00094789","JFK INTERNATIONAL AIRPORT, NY US","2007-04-22",,"72","50",
"USW00094789","JFK INTERNATIONAL AIRPORT, NY US","2007-04-23",,"69","48",
"USW00094789","JFK INTERNATIONAL AIRPORT, NY US","2007-04-24",,"77","56",
"USW00094789","JFK INTERNATIONAL AIRPORT, NY US","2007-04-25",,"64","48",
"USW00094789","JFK INTERNATIONAL AIRPORT, NY US","2007-04-26",,"57","47",
"USW00094789","JFK INTERNATIONAL AIRPORT, NY US","2007-04-27",,"57","48",
"USW00094789","JFK INTERNATIONAL AIRPORT, NY US","2007-04-28",,"70","52",
"USW00094789","JFK INTERNATIONAL AIRPORT, NY US","2007-04-29",,"68","51",
"USW00094789","JFK INTERNATIONAL AIRPORT, NY US","2007-04-30",,"81","49",
"USW00094789","JFK INTERNATIONAL AIRPORT, NY US","2007-05-01",,"65","49",
"USW00094789","JFK INTERNATIONAL AIRPORT, NY US","2007-05-02",,"67","49",
"USW00094789","JFK INTERNATIONAL AIRPORT, NY US","2007-05-03",,"65","47",
"USW00094789","JFK INTERNATIONAL AIRPORT, NY US","2007-05-04",,"69","47",
"USW00094789","JFK INTERNATIONAL AIRPORT, NY US","2007-05-05",,"66","47",
"USW00094789","JFK INTERNATIONAL AIRPORT, NY US","2007-05-06",,"61","45",
"USW00094789","JFK INTERNATIONAL AIRPORT, NY US","2007-05-07",,"60","41",
"USW00094789","JFK INTERNATIONAL AIRPORT, NY US","2007-05-08",,"62","45",
"USW00094789","JFK INTERNATIONAL AIRPORT, NY US","2007-05-09",,"74","52",
"USW00094789","JFK INTERNATIONAL AIRPORT, NY US","2007-05-10",,"72","57",
"USW00094789","JFK INTERNATIONAL AIRPORT, NY US","2007-05-11",,"70","57",
"USW00094789","JFK INTERNATIONAL AIRPORT, NY US","2007-05-12",,"72","53",
"USW00094789","JFK INTERNATIONAL AIRPORT, NY US","2007-05-13",,"69","51",
"USW00094789","JFK INTERNATIONAL AIRPORT, NY US","2007-05-14",,"64","47",
"USW00094789","JFK INTERNATIONAL AIRPORT, NY US","2007-05-15",,"82","54",
"USW00094789","JFK INTERNATIONAL AIRPORT, NY US","2007-05-16",,"73","61",
"USW00094789","JFK INTERNATIONAL AIRPORT, NY US","2007-05-17",,"68","53",
"USW00094789","JFK INTERNATIONAL AIRPORT, NY US","2007-05-18",,"53","47",
"USW00094789","JFK INTERNATIONAL AIRPORT, NY US","2007-05-19",,"58","49",
"USW00094789","JFK INTERNATIONAL AIRPORT, NY US","2007-05-20",,"76","53",
"USW00094789","JFK INTERNATIONAL AIRPORT, NY US","2007-05-21",,"71","54",
"USW00094789","JFK INTERNATIONAL AIRPORT, NY US","2007-05-22",,"67","50",
"USW00094789","JFK INTERNATIONAL AIRPORT, NY US","2007-05-23",,"68","54",
"USW00094789","JFK INTERNATIONAL AIRPORT, NY US","2007-05-24",,"78","55",
"USW00094789","JFK INTERNATIONAL AIRPORT, NY US","2007-05-25",,"87","63",
"USW00094789","JFK INTERNATIONAL AIRPORT, NY US","2007-05-26",,"88","65",
"USW00094789","JFK INTERNATIONAL AIRPORT, NY US","2007-05-27",,"81","67",
"USW00094789","JFK INTERNATIONAL AIRPORT, NY US","2007-05-28",,"81","65",
"USW00094789","JFK INTERNATIONAL AIRPORT, NY US","2007-05-29",,"80","59",
"USW00094789","JFK INTERNATIONAL AIRPORT, NY US","2007-05-30",,"77","57",
"USW00094789","JFK INTERNATIONAL AIRPORT, NY US","2007-05-31",,"86","62",
"USW00094789","JFK INTERNATIONAL AIRPORT, NY US","2007-06-01",,"80","62",
"USW00094789","JFK INTERNATIONAL AIRPORT, NY US","2007-06-02",,"80","66",
"USW00094789","JFK INTERNATIONAL AIRPORT, NY US","2007-06-03",,"74","63",
"USW00094789","JFK INTERNATIONAL AIRPORT, NY US","2007-06-04",,"71","62",
"USW00094789","JFK INTERNATIONAL AIRPORT, NY US","2007-06-05",,"82","63",
"USW00094789","JFK INTERNATIONAL AIRPORT, NY US","2007-06-06",,"73","58",
"USW00094789","JFK INTERNATIONAL AIRPORT, NY US","2007-06-07",,"69","54",
"USW00094789","JFK INTERNATIONAL AIRPORT, NY US","2007-06-08",,"76","62",
"USW00094789","JFK INTERNATIONAL AIRPORT, NY US","2007-06-09",,"81","64",
"USW00094789","JFK INTERNATIONAL AIRPORT, NY US","2007-06-10",,"73","61",
"USW00094789","JFK INTERNATIONAL AIRPORT, NY US","2007-06-11",,"85","62",
"USW00094789","JFK INTERNATIONAL AIRPORT, NY US","2007-06-12",,"85","63",
"USW00094789","JFK INTERNATIONAL AIRPORT, NY US","2007-06-13",,"67","56",
"USW00094789","JFK INTERNATIONAL AIRPORT, NY US","2007-06-14",,"65","56",
"USW00094789","JFK INTERNATIONAL AIRPORT, NY US","2007-06-15",,"71","59",
"USW00094789","JFK INTERNATIONAL AIRPORT, NY US","2007-06-16",,"76","58",
"USW00094789","JFK INTERNATIONAL AIRPORT, NY US","2007-06-17",,"90","64",
"USW00094789","JFK INTERNATIONAL AIRPORT, NY US","2007-06-18",,"82","66",
"USW00094789","JFK INTERNATIONAL AIRPORT, NY US","2007-06-19",,"77","65",
"USW00094789","JFK INTERNATIONAL AIRPORT, NY US","2007-06-20",,"82","69",
"USW00094789","JFK INTERNATIONAL AIRPORT, NY US","2007-06-21",,"82","62",
"USW00094789","JFK INTERNATIONAL AIRPORT, NY US","2007-06-22",,"78","64",
"USW00094789","JFK INTERNATIONAL AIRPORT, NY US","2007-06-23",,"78","59",
"USW00094789","JFK INTERNATIONAL AIRPORT, NY US","2007-06-24",,"77","58",
"USW00094789","JFK INTERNATIONAL AIRPORT, NY US","2007-06-25",,"80","64",
"USW00094789","JFK INTERNATIONAL AIRPORT, NY US","2007-06-26",,"85","68",
"USW00094789","JFK INTERNATIONAL AIRPORT, NY US","2007-06-27",,"86","71",
"USW00094789","JFK INTERNATIONAL AIRPORT, NY US","2007-06-28",,"89","70",
"USW00094789","JFK INTERNATIONAL AIRPORT, NY US","2007-06-29",,"77","66",
"USW00094789","JFK INTERNATIONAL AIRPORT, NY US","2007-06-30",,"80","64",
"USW00094789","JFK INTERNATIONAL AIRPORT, NY US","2007-07-01",,"76","61",
"USW00094789","JFK INTERNATIONAL AIRPORT, NY US","2007-07-02",,"76","58",
"USW00094789","JFK INTERNATIONAL AIRPORT, NY US","2007-07-03",,"77","61",
"USW00094789","JFK INTERNATIONAL AIRPORT, NY US","2007-07-04",,"72","63",
"USW00094789","JFK INTERNATIONAL AIRPORT, NY US","2007-07-05",,"75","67",
"USW00094789","JFK INTERNATIONAL AIRPORT, NY US","2007-07-06",,"86","67",
"USW00094789","JFK INTERNATIONAL AIRPORT, NY US","2007-07-07",,"86","64",
"USW00094789","JFK INTERNATIONAL AIRPORT, NY US","2007-07-08",,"90","68",
"USW00094789","JFK INTERNATIONAL AIRPORT, NY US","2007-07-09",,"88","72",
"USW00094789","JFK INTERNATIONAL AIRPORT, NY US","2007-07-10",,"84","73",
"USW00094789","JFK INTERNATIONAL AIRPORT, NY US","2007-07-11",,"82","71",
"USW00094789","JFK INTERNATIONAL AIRPORT, NY US","2007-07-12",,"83","68",
"USW00094789","JFK INTERNATIONAL AIRPORT, NY US","2007-07-13",,"82","67",
"USW00094789","JFK INTERNATIONAL AIRPORT, NY US","2007-07-14",,"82","66",
"USW00094789","JFK INTERNATIONAL AIRPORT, NY US","2007-07-15",,"82","69",
"USW00094789","JFK INTERNATIONAL AIRPORT, NY US","2007-07-16",,"83","70",
"USW00094789","JFK INTERNATIONAL AIRPORT, NY US","2007-07-17",,"84","68",
"USW00094789","JFK INTERNATIONAL AIRPORT, NY US","2007-07-18",,"78","69",
"USW00094789","JFK INTERNATIONAL AIRPORT, NY US","2007-07-19",,"87","70",
"USW00094789","JFK INTERNATIONAL AIRPORT, NY US","2007-07-20",,"82","67",
"USW00094789","JFK INTERNATIONAL AIRPORT, NY US","2007-07-21",,"85","65",
"USW00094789","JFK INTERNATIONAL AIRPORT, NY US","2007-07-22",,"84","67",
"USW00094789","JFK INTERNATIONAL AIRPORT, NY US","2007-07-23",,"76","63",
"USW00094789","JFK INTERNATIONAL AIRPORT, NY US","2007-07-24",,"78","61",
"USW00094789","JFK INTERNATIONAL AIRPORT, NY US","2007-07-25",,"81","64",
"USW00094789","JFK INTERNATIONAL AIRPORT, NY US","2007-07-26",,"80","70",
"USW00094789","JFK INTERNATIONAL AIRPORT, NY US","2007-07-27",,"82","71",
"USW00094789","JFK INTERNATIONAL AIRPORT, NY US","2007-07-28",,"83","73",
"USW00094789","JFK INTERNATIONAL AIRPORT, NY US","2007-07-29",,"84","71",
"USW00094789","JFK INTERNATIONAL AIRPORT, NY US","2007-07-30",,"84","71",
"USW00094789","JFK INTERNATIONAL AIRPORT, NY US","2007-07-31",,"88","71",
"USW00094789","JFK INTERNATIONAL AIRPORT, NY US","2007-08-01",,"91","72",
"USW00094789","JFK INTERNATIONAL AIRPORT, NY US","2007-08-02",,"91","73",
"USW00094789","JFK INTERNATIONAL AIRPORT, NY US","2007-08-03",,"86","70",
"USW00094789","JFK INTERNATIONAL AIRPORT, NY US","2007-08-04",,"91","73",
"USW00094789","JFK INTERNATIONAL AIRPORT, NY US","2007-08-05",,"81","69",
"USW00094789","JFK INTERNATIONAL AIRPORT, NY US","2007-08-06",,"82","73",
"USW00094789","JFK INTERNATIONAL AIRPORT, NY US","2007-08-07",,"89","75",
"USW00094789","JFK INTERNATIONAL AIRPORT, NY US","2007-08-08",,"93","75",
"USW00094789","JFK INTERNATIONAL AIRPORT, NY US","2007-08-09",,"82","72",
"USW00094789","JFK INTERNATIONAL AIRPORT, NY US","2007-08-10",,"73","58",
"USW00094789","JFK INTERNATIONAL AIRPORT, NY US","2007-08-11",,"81","58",
"USW00094789","JFK INTERNATIONAL AIRPORT, NY US","2007-08-12",,"84","69",
"USW00094789","JFK INTERNATIONAL AIRPORT, NY US","2007-08-13",,"87","72",
"USW00094789","JFK INTERNATIONAL AIRPORT, NY US","2007-08-14",,"83","64",
"USW00094789","JFK INTERNATIONAL AIRPORT, NY US","2007-08-15",,"85","67",
"USW00094789","JFK INTERNATIONAL AIRPORT, NY US","2007-08-16",,"82","74",
"USW00094789","JFK INTERNATIONAL AIRPORT, NY US","2007-08-17",,"84","64",
"USW00094789","JFK INTERNATIONAL AIRPORT, NY US","2007-08-18",,"76","60",
"USW00094789","JFK INTERNATIONAL AIRPORT, NY US","2007-08-19",,"71","59",
"USW00094789","JFK INTERNATIONAL AIRPORT, NY US","2007-08-20",,"74","59",
"USW00094789","JFK INTERNATIONAL AIRPORT, NY US","2007-08-21",,"60","55",
"USW00094789","JFK INTERNATIONAL AIRPORT, NY US","2007-08-22",,"67","58",
"USW00094789","JFK INTERNATIONAL AIRPORT, NY US","2007-08-23",,"75","61",
"USW00094789","JFK INTERNATIONAL AIRPORT, NY US","2007-08-24",,"78","64",
"USW00094789","JFK INTERNATIONAL AIRPORT, NY US","2007-08-25",,"82","70",
"USW00094789","JFK INTERNATIONAL AIRPORT, NY US","2007-08-26",,"83","72",
"USW00094789","JFK INTERNATIONAL AIRPORT, NY US","2007-08-27",,"82","68",
"USW00094789","JFK INTERNATIONAL AIRPORT, NY US","2007-08-28",,"81","66",
"USW00094789","JFK INTERNATIONAL AIRPORT, NY US","2007-08-29",,"81","65",
"USW00094789","JFK INTERNATIONAL AIRPORT, NY US","2007-08-30",,"81","66",
"USW00094789","JFK INTERNATIONAL AIRPORT, NY US","2007-08-31",,"83","68",
"USW00094789","JFK INTERNATIONAL AIRPORT, NY US","2007-09-01",,"80","62",
"USW00094789","JFK INTERNATIONAL AIRPORT, NY US","2007-09-02",,"76","58",
"USW00094789","JFK INTERNATIONAL AIRPORT, NY US","2007-09-03",,"82","63",
"USW00094789","JFK INTERNATIONAL AIRPORT, NY US","2007-09-04",,"85","69",
"USW00094789","JFK INTERNATIONAL AIRPORT, NY US","2007-09-05",,"78","65",
"USW00094789","JFK INTERNATIONAL AIRPORT, NY US","2007-09-06",,"78","62",
"USW00094789","JFK INTERNATIONAL AIRPORT, NY US","2007-09-07",,"81","68",
"USW00094789","JFK INTERNATIONAL AIRPORT, NY US","2007-09-08",,"81","70",
"USW00094789","JFK INTERNATIONAL AIRPORT, NY US","2007-09-09",,"82","69",
"USW00094789","JFK INTERNATIONAL AIRPORT, NY US","2007-09-10",,"81","72",
"USW00094789","JFK INTERNATIONAL AIRPORT, NY US","2007-09-11",,"75","69",
"USW00094789","JFK INTERNATIONAL AIRPORT, NY US","2007-09-12",,"76","62",
"USW00094789","JFK INTERNATIONAL AIRPORT, NY US","2007-09-13",,"74","56",
"USW00094789","JFK INTERNATIONAL AIRPORT, NY US","2007-09-14",,"74","59",
"USW00094789","JFK INTERNATIONAL AIRPORT, NY US","2007-09-15",,"72","55",
"USW00094789","JFK INTERNATIONAL AIRPORT, NY US","2007-09-16",,"66","50",
"USW00094789","JFK INTERNATIONAL AIRPORT, NY US","2007-09-17",,"67","50",
"USW00094789","JFK INTERNATIONAL AIRPORT, NY US","2007-09-18",,"70","51",
"USW00094789","JFK INTERNATIONAL AIRPORT, NY US","2007-09-19",,"73","52",
"USW00094789","JFK INTERNATIONAL AIRPORT, NY US","2007-09-20",,"78","58",
"USW00094789","JFK INTERNATIONAL AIRPORT, NY US","2007-09-21",,"78","58",
"USW00094789","JFK INTERNATIONAL AIRPORT, NY US","2007-09-22",,"74","62",
"USW00094789","JFK INTERNATIONAL AIRPORT, NY US","2007-09-23",,"81","62",
"USW00094789","JFK INTERNATIONAL AIRPORT, NY US","2007-09-24",,"76","58",
"USW00094789","JFK INTERNATIONAL AIRPORT, NY US","2007-09-25",,"80","61",
"USW00094789","JFK INTERNATIONAL AIRPORT, NY US","2007-09-26",,"80","66",
"USW00094789","JFK INTERNATIONAL AIRPORT, NY US","2007-09-27",,"78","68",
"USW00094789","JFK INTERNATIONAL AIRPORT, NY US","2007-09-28",,"79","62",
"USW00094789","JFK INTERNATIONAL AIRPORT, NY US","2007-09-29",,"76","58",
"USW00094789","JFK INTERNATIONAL AIRPORT, NY US","2007-09-30",,"71","56",
"USW00094789","JFK INTERNATIONAL AIRPORT, NY US","2007-10-01",,"68","55",
"USW00094789","JFK INTERNATIONAL AIRPORT, NY US","2007-10-02",,"73","54",
"USW00094789","JFK INTERNATIONAL AIRPORT, NY US","2007-10-03",,"75","66",
"USW00094789","JFK INTERNATIONAL AIRPORT, NY US","2007-10-04",,"79","66",
"USW00094789","JFK INTERNATIONAL AIRPORT, NY US","2007-10-05",,"73","65",
"USW00094789","JFK INTERNATIONAL AIRPORT, NY US","2007-10-06",,"81","64",
"USW00094789","JFK INTERNATIONAL AIRPORT, NY US","2007-10-07",,"83","66",
"USW00094789","JFK INTERNATIONAL AIRPORT, NY US","2007-10-08",,"90","66",
"USW00094789","JFK INTERNATIONAL AIRPORT, NY US","2007-10-09",,"80","60",
"USW00094789","JFK INTERNATIONAL AIRPORT, NY US","2007-10-10",,"74","62",
"USW00094789","JFK INTERNATIONAL AIRPORT, NY US","2007-10-11",,"68","56",
"USW00094789","JFK INTERNATIONAL AIRPORT, NY US","2007-10-12",,"64","49",
"USW00094789","JFK INTERNATIONAL AIRPORT, NY US","2007-10-13",,"62","46",
"USW00094789","JFK INTERNATIONAL AIRPORT, NY US","2007-10-14",,"67","51",
"USW00094789","JFK INTERNATIONAL AIRPORT, NY US","2007-10-15",,"69","49",
"USW00094789","JFK INTERNATIONAL AIRPORT, NY US","2007-10-16",,"67","56",
"USW00094789","JFK INTERNATIONAL AIRPORT, NY US","2007-10-17",,"70","55",
"USW00094789","JFK INTERNATIONAL AIRPORT, NY US","2007-10-18",,"74","60",
"USW00094789","JFK INTERNATIONAL AIRPORT, NY US","2007-10-19",,"72","66",
"USW00094789","JFK INTERNATIONAL AIRPORT, NY US","2007-10-20",,"73","60",
"USW00094789","JFK INTERNATIONAL AIRPORT, NY US","2007-10-21",,"74","54",
"USW00094789","JFK INTERNATIONAL AIRPORT, NY US","2007-10-22",,"72","56",
"USW00094789","JFK INTERNATIONAL AIRPORT, NY US","2007-10-23",,"74","64",
"USW00094789","JFK INTERNATIONAL AIRPORT, NY US","2007-10-24",,"68","52",
"USW00094789","JFK INTERNATIONAL AIRPORT, NY US","2007-10-25",,"55","52",
"USW00094789","JFK INTERNATIONAL AIRPORT, NY US","2007-10-26",,"61","53",
"USW00094789","JFK INTERNATIONAL AIRPORT, NY US","2007-10-27",,"68","57",
"USW00094789","JFK INTERNATIONAL AIRPORT, NY US","2007-10-28",,"58","43",
"USW00094789","JFK INTERNATIONAL AIRPORT, NY US","2007-10-29",,"54","39",
"USW00094789","JFK INTERNATIONAL AIRPORT, NY US","2007-10-30",,"62","44",
"USW00094789","JFK INTERNATIONAL AIRPORT, NY US","2007-10-31",,"64","46",
"USW00094789","JFK INTERNATIONAL AIRPORT, NY US","2007-11-01",,"67","48",
"USW00094789","JFK INTERNATIONAL AIRPORT, NY US","2007-11-02",,"55","41",
"USW00094789","JFK INTERNATIONAL AIRPORT, NY US","2007-11-03",,"52","46",
"USW00094789","JFK INTERNATIONAL AIRPORT, NY US","2007-11-04",,"57","46",
"USW00094789","JFK INTERNATIONAL AIRPORT, NY US","2007-11-05",,"57","43",
"USW00094789","JFK INTERNATIONAL AIRPORT, NY US","2007-11-06",,"57","44",
"USW00094789","JFK INTERNATIONAL AIRPORT, NY US","2007-11-07",,"51","39",
"USW00094789","JFK INTERNATIONAL AIRPORT, NY US","2007-11-08",,"46","34",
"USW00094789","JFK INTERNATIONAL AIRPORT, NY US","2007-11-09",,"46","38",
"USW00094789","JFK INTERNATIONAL AIRPORT, NY US","2007-11-10",,"48","37",
"USW00094789","JFK INTERNATIONAL AIRPORT, NY US","2007-11-11",,"47","32",
"USW00094789","JFK INTERNATIONAL AIRPORT, NY US","2007-11-12",,"51","33",
"USW00094789","JFK INTERNATIONAL AIRPORT, NY US","2007-11-13",,"61","41",
"USW00094789","JFK INTERNATIONAL AIRPORT, NY US","2007-11-14",,"57","36",
"USW00094789","JFK INTERNATIONAL AIRPORT, NY US","2007-11-15",,"59","44",
"USW00094789","JFK INTERNATIONAL AIRPORT, NY US","2007-11-16",,"48","38",
"USW00094789","JFK INTERNATIONAL AIRPORT, NY US","2007-11-17",,"47","36",
"USW00094789","JFK INTERNATIONAL AIRPORT, NY US","2007-11-18",,"44","40",
"USW00094789","JFK INTERNATIONAL AIRPORT, NY US","2007-11-19",,"46","38",
"USW00094789","JFK INTERNATIONAL AIRPORT, NY US","2007-11-20",,"49","38",
"USW00094789","JFK INTERNATIONAL AIRPORT, NY US","2007-11-21",,"56","40",
"USW00094789","JFK INTERNATIONAL AIRPORT, NY US","2007-11-22",,"61","40",
"USW00094789","JFK INTERNATIONAL AIRPORT, NY US","2007-11-23",,"42","30",
"USW00094789","JFK INTERNATIONAL AIRPORT, NY US","2007-11-24",,"38","25",
"USW00094789","JFK INTERNATIONAL AIRPORT, NY US","2007-11-25",,"47","33",
"USW00094789","JFK INTERNATIONAL AIRPORT, NY US","2007-11-26",,"56","41",
"USW00094789","JFK INTERNATIONAL AIRPORT, NY US","2007-11-27",,"63","44",
"USW00094789","JFK INTERNATIONAL AIRPORT, NY US","2007-11-28",,"46","36",
"USW00094789","JFK INTERNATIONAL AIRPORT, NY US","2007-11-29",,"49","40",
"USW00094789","JFK INTERNATIONAL AIRPORT, NY US","2007-11-30",,"43","36",
"USW00094789","JFK INTERNATIONAL AIRPORT, NY US","2007-12-01",,"39","25",
"USW00094789","JFK INTERNATIONAL AIRPORT, NY US","2007-12-02",,"47","20",
"USW00094789","JFK INTERNATIONAL AIRPORT, NY US","2007-12-03",,"50","33",
"USW00094789","JFK INTERNATIONAL AIRPORT, NY US","2007-12-04",,"36","29",
"USW00094789","JFK INTERNATIONAL AIRPORT, NY US","2007-12-05",,"33","28",
"USW00094789","JFK INTERNATIONAL AIRPORT, NY US","2007-12-06",,"35","21",
"USW00094789","JFK INTERNATIONAL AIRPORT, NY US","2007-12-07",,"35","24",
"USW00094789","JFK INTERNATIONAL AIRPORT, NY US","2007-12-08",,"46","34",
"USW00094789","JFK INTERNATIONAL AIRPORT, NY US","2007-12-09",,"40","34",
"USW00094789","JFK INTERNATIONAL AIRPORT, NY US","2007-12-10",,"41","37",
"USW00094789","JFK INTERNATIONAL AIRPORT, NY US","2007-12-11",,"45","34",
"USW00094789","JFK INTERNATIONAL AIRPORT, NY US","2007-12-12",,"54","34",
"USW00094789","JFK INTERNATIONAL AIRPORT, NY US","2007-12-13",,"36","30",
"USW00094789","JFK INTERNATIONAL AIRPORT, NY US","2007-12-14",,"44","31",
"USW00094789","JFK INTERNATIONAL AIRPORT, NY US","2007-12-15",,"36","30",
"USW00094789","JFK INTERNATIONAL AIRPORT, NY US","2007-12-16",,"40","31",
"USW00094789","JFK INTERNATIONAL AIRPORT, NY US","2007-12-17",,"34","26",
"USW00094789","JFK INTERNATIONAL AIRPORT, NY US","2007-12-18",,"37","29",
"USW00094789","JFK INTERNATIONAL AIRPORT, NY US","2007-12-19",,"45","30",
"USW00094789","JFK INTERNATIONAL AIRPORT, NY US","2007-12-20",,"46","36",
"USW00094789","JFK INTERNATIONAL AIRPORT, NY US","2007-12-21",,"43","34",
"USW00094789","JFK INTERNATIONAL AIRPORT, NY US","2007-12-22",,"44","35",
"USW00094789","JFK INTERNATIONAL AIRPORT, NY US","2007-12-23",,"55","41",
"USW00094789","JFK INTERNATIONAL AIRPORT, NY US","2007-12-24",,"51","36",
"USW00094789","JFK INTERNATIONAL AIRPORT, NY US","2007-12-25",,"45","33",
"USW00094789","JFK INTERNATIONAL AIRPORT, NY US","2007-12-26",,"38","28",
"USW00094789","JFK INTERNATIONAL AIRPORT, NY US","2007-12-27",,"42","37",
"USW00094789","JFK INTERNATIONAL AIRPORT, NY US","2007-12-28",,"50","35",
"USW00094789","JFK INTERNATIONAL AIRPORT, NY US","2007-12-29",,"52","42",
"USW00094789","JFK INTERNATIONAL AIRPORT, NY US","2007-12-30",,"42","35",
"USW00094789","JFK INTERNATIONAL AIRPORT, NY US","2007-12-31",,"45","32",
"USW00094789","JFK INTERNATIONAL AIRPORT, NY US","2008-01-01",,"48","29",
"USW00094789","JFK INTERNATIONAL AIRPORT, NY US","2008-01-02",,"37","17",
"USW00094789","JFK INTERNATIONAL AIRPORT, NY US","2008-01-03",,"22","14",
"USW00094789","JFK INTERNATIONAL AIRPORT, NY US","2008-01-04",,"37","14",
"USW00094789","JFK INTERNATIONAL AIRPORT, NY US","2008-01-05",,"40","26",
"USW00094789","JFK INTERNATIONAL AIRPORT, NY US","2008-01-06",,"44","34",
"USW00094789","JFK INTERNATIONAL AIRPORT, NY US","2008-01-07",,"53","37",
"USW00094789","JFK INTERNATIONAL AIRPORT, NY US","2008-01-08",,"54","41",
"USW00094789","JFK INTERNATIONAL AIRPORT, NY US","2008-01-09",,"65","44",
"USW00094789","JFK INTERNATIONAL AIRPORT, NY US","2008-01-10",,"50","39",
"USW00094789","JFK INTERNATIONAL AIRPORT, NY US","2008-01-11",,"53","41",
"USW00094789","JFK INTERNATIONAL AIRPORT, NY US","2008-01-12",,"50","39",
"USW00094789","JFK INTERNATIONAL AIRPORT, NY US","2008-01-13",,"47","31",
"USW00094789","JFK INTERNATIONAL AIRPORT, NY US","2008-01-14",,"40","33",
"USW00094789","JFK INTERNATIONAL AIRPORT, NY US","2008-01-15",,"41","33",
"USW00094789","JFK INTERNATIONAL AIRPORT, NY US","2008-01-16",,"40","27",
"USW00094789","JFK INTERNATIONAL AIRPORT, NY US","2008-01-17",,"40","25",
"USW00094789","JFK INTERNATIONAL AIRPORT, NY US","2008-01-18",,"49","37",
"USW00094789","JFK INTERNATIONAL AIRPORT, NY US","2008-01-19",,"37","32",
"USW00094789","JFK INTERNATIONAL AIRPORT, NY US","2008-01-20",,"35","18",
"USW00094789","JFK INTERNATIONAL AIRPORT, NY US","2008-01-21",,"26","15",
"USW00094789","JFK INTERNATIONAL AIRPORT, NY US","2008-01-22",,"38","21",
"USW00094789","JFK INTERNATIONAL AIRPORT, NY US","2008-01-23",,"41","30",
"USW00094789","JFK INTERNATIONAL AIRPORT, NY US","2008-01-24",,"34","23",
"USW00094789","JFK INTERNATIONAL AIRPORT, NY US","2008-01-25",,"34","21",
"USW00094789","JFK INTERNATIONAL AIRPORT, NY US","2008-01-26",,"32","25",
"USW00094789","JFK INTERNATIONAL AIRPORT, NY US","2008-01-27",,"40","30",
"USW00094789","JFK INTERNATIONAL AIRPORT, NY US","2008-01-28",,"43","28",
"USW00094789","JFK INTERNATIONAL AIRPORT, NY US","2008-01-29",,"42","25",
"USW00094789","JFK INTERNATIONAL AIRPORT, NY US","2008-01-30",,"47","33",
"USW00094789","JFK INTERNATIONAL AIRPORT, NY US","2008-01-31",,"39","28",
"USW00094789","JFK INTERNATIONAL AIRPORT, NY US","2008-02-01",,"54","28",
"USW00094789","JFK INTERNATIONAL AIRPORT, NY US","2008-02-02",,"46","33",
"USW00094789","JFK INTERNATIONAL AIRPORT, NY US","2008-02-03",,"46","28",
"USW00094789","JFK INTERNATIONAL AIRPORT, NY US","2008-02-04",,"42","33",
"USW00094789","JFK INTERNATIONAL AIRPORT, NY US","2008-02-05",,"53","41",
"USW00094789","JFK INTERNATIONAL AIRPORT, NY US","2008-02-06",,"67","44",
"USW00094789","JFK INTERNATIONAL AIRPORT, NY US","2008-02-07",,"50","39",
"USW00094789","JFK INTERNATIONAL AIRPORT, NY US","2008-02-08",,"46","35",
"USW00094789","JFK INTERNATIONAL AIRPORT, NY US","2008-02-09",,"43","32",
"USW00094789","JFK INTERNATIONAL AIRPORT, NY US","2008-02-10",,"46","15",
"USW00094789","JFK INTERNATIONAL AIRPORT, NY US","2008-02-11",,"25","11",
"USW00094789","JFK INTERNATIONAL AIRPORT, NY US","2008-02-12",,"34","17",
"USW00094789","JFK INTERNATIONAL AIRPORT, NY US","2008-02-13",,"52","34",
"USW00094789","JFK INTERNATIONAL AIRPORT, NY US","2008-02-14",,"42","29",
"USW00094789","JFK INTERNATIONAL AIRPORT, NY US","2008-02-15",,"48","30",
"USW00094789","JFK INTERNATIONAL AIRPORT, NY US","2008-02-16",,"35","23",
"USW00094789","JFK INTERNATIONAL AIRPORT, NY US","2008-02-17",,"48","27",
"USW00094789","JFK INTERNATIONAL AIRPORT, NY US","2008-02-18",,"55","40",
"USW00094789","JFK INTERNATIONAL AIRPORT, NY US","2008-02-19",,"44","28",
"USW00094789","JFK INTERNATIONAL AIRPORT, NY US","2008-02-20",,"34","24",
"USW00094789","JFK INTERNATIONAL AIRPORT, NY US","2008-02-21",,"34","21",
"USW00094789","JFK INTERNATIONAL AIRPORT, NY US","2008-02-22",,"34","26",
"USW00094789","JFK INTERNATIONAL AIRPORT, NY US","2008-02-23",,"34","29",
"USW00094789","JFK INTERNATIONAL AIRPORT, NY US","2008-02-24",,"36","22",
"USW00094789","JFK INTERNATIONAL AIRPORT, NY US","2008-02-25",,"45","28",
"USW00094789","JFK INTERNATIONAL AIRPORT, NY US","2008-02-26",,"47","32",
"USW00094789","JFK INTERNATIONAL AIRPORT, NY US","2008-02-27",,"44","23",
"USW00094789","JFK INTERNATIONAL AIRPORT, NY US","2008-02-28",,"30","18",
"USW00094789","JFK INTERNATIONAL AIRPORT, NY US","2008-02-29",,"37","17",
"USW00094789","JFK INTERNATIONAL AIRPORT, NY US","2008-03-01",,"47","33",
"USW00094789","JFK INTERNATIONAL AIRPORT, NY US","2008-03-02",,"44","29",
"USW00094789","JFK INTERNATIONAL AIRPORT, NY US","2008-03-03",,"48","29",
"USW00094789","JFK INTERNATIONAL AIRPORT, NY US","2008-03-04",,"53","44",
"USW00094789","JFK INTERNATIONAL AIRPORT, NY US","2008-03-05",,"55","39",
"USW00094789","JFK INTERNATIONAL AIRPORT, NY US","2008-03-06",,"44","33",
"USW00094789","JFK INTERNATIONAL AIRPORT, NY US","2008-03-07",,"51","32",
"USW00094789","JFK INTERNATIONAL AIRPORT, NY US","2008-03-08",,"56","37",
"USW00094789","JFK INTERNATIONAL AIRPORT, NY US","2008-03-09",,"43","30",
"USW00094789","JFK INTERNATIONAL AIRPORT, NY US","2008-03-10",,"45","28",
"USW00094789","JFK INTERNATIONAL AIRPORT, NY US","2008-03-11",,"45","33",
"USW00094789","JFK INTERNATIONAL AIRPORT, NY US","2008-03-12",,"51","34",
"USW00094789","JFK INTERNATIONAL AIRPORT, NY US","2008-03-13",,"42","30",
"USW00094789","JFK INTERNATIONAL AIRPORT, NY US","2008-03-14",,"55","37",
"USW00094789","JFK INTERNATIONAL AIRPORT, NY US","2008-03-15",,"55","41",
"USW00094789","JFK INTERNATIONAL AIRPORT, NY US","2008-03-16",,"47","35",
"USW00094789","JFK INTERNATIONAL AIRPORT, NY US","2008-03-17",,"49","30",
"USW00094789","JFK INTERNATIONAL AIRPORT, NY US","2008-03-18",,"42","34",
"USW00094789","JFK INTERNATIONAL AIRPORT, NY US","2008-03-19",,"50","41",
"USW00094789","JFK INTERNATIONAL AIRPORT, NY US","2008-03-20",,"54","36",
"USW00094789","JFK INTERNATIONAL AIRPORT, NY US","2008-03-21",,"46","33",
"USW00094789","JFK INTERNATIONAL AIRPORT, NY US","2008-03-22",,"50","35",
"USW00094789","JFK INTERNATIONAL AIRPORT, NY US","2008-03-23",,"46","30",
"USW00094789","JFK INTERNATIONAL AIRPORT, NY US","2008-03-24",,"45","31",
"USW00094789","JFK INTERNATIONAL AIRPORT, NY US","2008-03-25",,"43","30",
"USW00094789","JFK INTERNATIONAL AIRPORT, NY US","2008-03-26",,"63","42",
"USW00094789","JFK INTERNATIONAL AIRPORT, NY US","2008-03-27",,"49","39",
"USW00094789","JFK INTERNATIONAL AIRPORT, NY US","2008-03-28",,"52","39",
"USW00094789","JFK INTERNATIONAL AIRPORT, NY US","2008-03-29",,"48","32",
"USW00094789","JFK INTERNATIONAL AIRPORT, NY US","2008-03-30",,"42","27",
"USW00094789","JFK INTERNATIONAL AIRPORT, NY US","2008-03-31",,"50","37",
"USW00094789","JFK INTERNATIONAL AIRPORT, NY US","2008-04-01",,"60","49",
"USW00094789","JFK INTERNATIONAL AIRPORT, NY US","2008-04-02",,"56","37",
"USW00094789","JFK INTERNATIONAL AIRPORT, NY US","2008-04-03",,"46","29",
"USW00094789","JFK INTERNATIONAL AIRPORT, NY US","2008-04-04",,"54","42",
"USW00094789","JFK INTERNATIONAL AIRPORT, NY US","2008-04-05",,"60","48",
"USW00094789","JFK INTERNATIONAL AIRPORT, NY US","2008-04-06",,"50","42",
"USW00094789","JFK INTERNATIONAL AIRPORT, NY US","2008-04-07",,"50","40",
"USW00094789","JFK INTERNATIONAL AIRPORT, NY US","2008-04-08",,"53","41",
"USW00094789","JFK INTERNATIONAL AIRPORT, NY US","2008-04-09",,"51","38",
"USW00094789","JFK INTERNATIONAL AIRPORT, NY US","2008-04-10",,"72","47",
"USW00094789","JFK INTERNATIONAL AIRPORT, NY US","2008-04-11",,"58","47",
"USW00094789","JFK INTERNATIONAL AIRPORT, NY US","2008-04-12",,"66","49",
"USW00094789","JFK INTERNATIONAL AIRPORT, NY US","2008-04-13",,"57","43",
"USW00094789","JFK INTERNATIONAL AIRPORT, NY US","2008-04-14",,"55","38",
"USW00094789","JFK INTERNATIONAL AIRPORT, NY US","2008-04-15",,"59","39",
"USW00094789","JFK INTERNATIONAL AIRPORT, NY US","2008-04-16",,"61","40",
"USW00094789","JFK INTERNATIONAL AIRPORT, NY US","2008-04-17",,"64","39",
"USW00094789","JFK INTERNATIONAL AIRPORT, NY US","2008-04-18",,"68","44",
"USW00094789","JFK INTERNATIONAL AIRPORT, NY US","2008-04-19",,"69","49",
"USW00094789","JFK INTERNATIONAL AIRPORT, NY US","2008-04-20",,"63","50",
"USW00094789","JFK INTERNATIONAL AIRPORT, NY US","2008-04-21",,"65","49",
"USW00094789","JFK INTERNATIONAL AIRPORT, NY US","2008-04-22",,"68","48",
"USW00094789","JFK INTERNATIONAL AIRPORT, NY US","2008-04-23",,"69","50",
"USW00094789","JFK INTERNATIONAL AIRPORT, NY US","2008-04-24",,"79","55",
"USW00094789","JFK INTERNATIONAL AIRPORT, NY US","2008-04-25",,"65","49",
"USW00094789","JFK INTERNATIONAL AIRPORT, NY US","2008-04-26",,"59","49",
"USW00094789","JFK INTERNATIONAL AIRPORT, NY US","2008-04-27",,"52","48",
"USW00094789","JFK INTERNATIONAL AIRPORT, NY US","2008-04-28",,"58","47",
"USW00094789","JFK INTERNATIONAL AIRPORT, NY US","2008-04-29",,"59","46",
"USW00094789","JFK INTERNATIONAL AIRPORT, NY US","2008-04-30",,"57","42",
"USW00094789","JFK INTERNATIONAL AIRPORT, NY US","2008-05-01",,"56","38",
"USW00094789","JFK INTERNATIONAL AIRPORT, NY US","2008-05-02",,"61","50",
"USW00094789","JFK INTERNATIONAL AIRPORT, NY US","2008-05-03",,"58","49",
"USW00094789","JFK INTERNATIONAL AIRPORT, NY US","2008-05-04",,"71","50",
"USW00094789","JFK INTERNATIONAL AIRPORT, NY US","2008-05-05",,"68","50",
"USW00094789","JFK INTERNATIONAL AIRPORT, NY US","2008-05-06",,"77","47",
"USW00094789","JFK INTERNATIONAL AIRPORT, NY US","2008-05-07",,"70","53",
"USW00094789","JFK INTERNATIONAL AIRPORT, NY US","2008-05-08",,"74","60",
"USW00094789","JFK INTERNATIONAL AIRPORT, NY US","2008-05-09",,"66","49",
"USW00094789","JFK INTERNATIONAL AIRPORT, NY US","2008-05-10",,"65","49",
"USW00094789","JFK INTERNATIONAL AIRPORT, NY US","2008-05-11",,"58","47",
"USW00094789","JFK INTERNATIONAL AIRPORT, NY US","2008-05-12",,"53","46",
"USW00094789","JFK INTERNATIONAL AIRPORT, NY US","2008-05-13",,"71","50",
"USW00094789","JFK INTERNATIONAL AIRPORT, NY US","2008-05-14",,"72","50",
"USW00094789","JFK INTERNATIONAL AIRPORT, NY US","2008-05-15",,"69","53",
"USW00094789","JFK INTERNATIONAL AIRPORT, NY US","2008-05-16",,"61","50",
"USW00094789","JFK INTERNATIONAL AIRPORT, NY US","2008-05-17",,"73","48",
"USW00094789","JFK INTERNATIONAL AIRPORT, NY US","2008-05-18",,"65","55",
"USW00094789","JFK INTERNATIONAL AIRPORT, NY US","2008-05-19",,"61","50",
"USW00094789","JFK INTERNATIONAL AIRPORT, NY US","2008-05-20",,"55","48",
"USW00094789","JFK INTERNATIONAL AIRPORT, NY US","2008-05-21",,"66","47",
"USW00094789","JFK INTERNATIONAL AIRPORT, NY US","2008-05-22",,"63","49",
"USW00094789","JFK INTERNATIONAL AIRPORT, NY US","2008-05-23",,"71","50",
"USW00094789","JFK INTERNATIONAL AIRPORT, NY US","2008-05-24",,"73","55",
"USW00094789","JFK INTERNATIONAL AIRPORT, NY US","2008-05-25",,"75","54",
"USW00094789","JFK INTERNATIONAL AIRPORT, NY US","2008-05-26",,"69","54",
"USW00094789","JFK INTERNATIONAL AIRPORT, NY US","2008-05-27",,"74","59",
"USW00094789","JFK INTERNATIONAL AIRPORT, NY US","2008-05-28",,"69","54",
"USW00094789","JFK INTERNATIONAL AIRPORT, NY US","2008-05-29",,"76","51",
"USW00094789","JFK INTERNATIONAL AIRPORT, NY US","2008-05-30",,"77","55",
"USW00094789","JFK INTERNATIONAL AIRPORT, NY US","2008-05-31",,"68","60",
"USW00094789","JFK INTERNATIONAL AIRPORT, NY US","2008-06-01",,"83","65",
"USW00094789","JFK INTERNATIONAL AIRPORT, NY US","2008-06-02",,"83","60",
"USW00094789","JFK INTERNATIONAL AIRPORT, NY US","2008-06-03",,"80","60",
"USW00094789","JFK INTERNATIONAL AIRPORT, NY US","2008-06-04",,"74","58",
"USW00094789","JFK INTERNATIONAL AIRPORT, NY US","2008-06-05",,"72","61",
"USW00094789","JFK INTERNATIONAL AIRPORT, NY US","2008-06-06",,"68","58",
"USW00094789","JFK INTERNATIONAL AIRPORT, NY US","2008-06-07",,"86","61",
"USW00094789","JFK INTERNATIONAL AIRPORT, NY US","2008-06-08",,"93","71",
"USW00094789","JFK INTERNATIONAL AIRPORT, NY US","2008-06-09",,"95","69",
"USW00094789","JFK INTERNATIONAL AIRPORT, NY US","2008-06-10",,"92","73",
"USW00094789","JFK INTERNATIONAL AIRPORT, NY US","2008-06-11",,"87","72",
"USW00094789","JFK INTERNATIONAL AIRPORT, NY US","2008-06-12",,"86","66",
"USW00094789","JFK INTERNATIONAL AIRPORT, NY US","2008-06-13",,"79","63",
"USW00094789","JFK INTERNATIONAL AIRPORT, NY US","2008-06-14",,"84","67",
"USW00094789","JFK INTERNATIONAL AIRPORT, NY US","2008-06-15",,"83","63",
"USW00094789","JFK INTERNATIONAL AIRPORT, NY US","2008-06-16",,"75","63",
"USW00094789","JFK INTERNATIONAL AIRPORT, NY US","2008-06-17",,"79","60",
"USW00094789","JFK INTERNATIONAL AIRPORT, NY US","2008-06-18",,"76","59",
"USW00094789","JFK INTERNATIONAL AIRPORT, NY US","2008-06-19",,"74","59",
"USW00094789","JFK INTERNATIONAL AIRPORT, NY US","2008-06-20",,"77","60",
"USW00094789","JFK INTERNATIONAL AIRPORT, NY US","2008-06-21",,"79","62",
"USW00094789","JFK INTERNATIONAL AIRPORT, NY US","2008-06-22",,"77","67",
"USW00094789","JFK INTERNATIONAL AIRPORT, NY US","2008-06-23",,"76","68",
"USW00094789","JFK INTERNATIONAL AIRPORT, NY US","2008-06-24",,"82","68",
"USW00094789","JFK INTERNATIONAL AIRPORT, NY US","2008-06-25",,"84","65",
"USW00094789","JFK INTERNATIONAL AIRPORT, NY US","2008-06-26",,"84","69",
"USW00094789","JFK INTERNATIONAL AIRPORT, NY US","2008-06-27",,"90","69",
"USW00094789","JFK INTERNATIONAL AIRPORT, NY US","2008-06-28",,"85","70",
"USW00094789","JFK INTERNATIONAL AIRPORT, NY US","2008-06-29",,"86","73",
"USW00094789","JFK INTERNATIONAL AIRPORT, NY US","2008-06-30",,"84","69",
"USW00094789","JFK INTERNATIONAL AIRPORT, NY US","2008-07-01",,"82","68",
"USW00094789","JFK INTERNATIONAL AIRPORT, NY US","2008-07-02",,"87","66",
"USW00094789","JFK INTERNATIONAL AIRPORT, NY US","2008-07-03",,"84","68",
"USW00094789","JFK INTERNATIONAL AIRPORT, NY US","2008-07-04",,"82","69",
"USW00094789","JFK INTERNATIONAL AIRPORT, NY US","2008-07-05",,"75","68",
"USW00094789","JFK INTERNATIONAL AIRPORT, NY US","2008-07-06",,"78","70",
"USW00094789","JFK INTERNATIONAL AIRPORT, NY US","2008-07-07",,"82","69",
"USW00094789","JFK INTERNATIONAL AIRPORT, NY US","2008-07-08",,"85","71",
"USW00094789","JFK INTERNATIONAL AIRPORT, NY US","2008-07-09",,"87","71",
"USW00094789","JFK INTERNATIONAL AIRPORT, NY US","2008-07-10",,"89","73",
"USW00094789","JFK INTERNATIONAL AIRPORT, NY US","2008-07-11",,"85","66",
"USW00094789","JFK INTERNATIONAL AIRPORT, NY US","2008-07-12",,"84","69",
"USW00094789","JFK INTERNATIONAL AIRPORT, NY US","2008-07-13",,"82","70",
"USW00094789","JFK INTERNATIONAL AIRPORT, NY US","2008-07-14",,"81","71",
"USW00094789","JFK INTERNATIONAL AIRPORT, NY US","2008-07-15",,"89","69",
"USW00094789","JFK INTERNATIONAL AIRPORT, NY US","2008-07-16",,"89","67",
"USW00094789","JFK INTERNATIONAL AIRPORT, NY US","2008-07-17",,"90","70",
"USW00094789","JFK INTERNATIONAL AIRPORT, NY US","2008-07-18",,"92","73",
"USW00094789","JFK INTERNATIONAL AIRPORT, NY US","2008-07-19",,"92","75",
"USW00094789","JFK INTERNATIONAL AIRPORT, NY US","2008-07-20",,"88","74",
"USW00094789","JFK INTERNATIONAL AIRPORT, NY US","2008-07-21",,"89","73",
"USW00094789","JFK INTERNATIONAL AIRPORT, NY US","2008-07-22",,"82","72",
"USW00094789","JFK INTERNATIONAL AIRPORT, NY US","2008-07-23",,"80","71",
"USW00094789","JFK INTERNATIONAL AIRPORT, NY US","2008-07-24",,"80","69",
"USW00094789","JFK INTERNATIONAL AIRPORT, NY US","2008-07-25",,"87","65",
"USW00094789","JFK INTERNATIONAL AIRPORT, NY US","2008-07-26",,"84","69",
"USW00094789","JFK INTERNATIONAL AIRPORT, NY US","2008-07-27",,"78","68",
"USW00094789","JFK INTERNATIONAL AIRPORT, NY US","2008-07-28",,"81","63",
"USW00094789","JFK INTERNATIONAL AIRPORT, NY US","2008-07-29",,"91","71",
"USW00094789","JFK INTERNATIONAL AIRPORT, NY US","2008-07-30",,"84","73",
"USW00094789","JFK INTERNATIONAL AIRPORT, NY US","2008-07-31",,"89","73",
"USW00094789","JFK INTERNATIONAL AIRPORT, NY US","2008-08-01",,"88","71",
"USW00094789","JFK INTERNATIONAL AIRPORT, NY US","2008-08-02",,"83","69",
"USW00094789","JFK INTERNATIONAL AIRPORT, NY US","2008-08-03",,"85","67",
"USW00094789","JFK INTERNATIONAL AIRPORT, NY US","2008-08-04",,"87","69",
"USW00094789","JFK INTERNATIONAL AIRPORT, NY US","2008-08-05",,"81","69",
"USW00094789","JFK INTERNATIONAL AIRPORT, NY US","2008-08-06",,"90","73",
"USW00094789","JFK INTERNATIONAL AIRPORT, NY US","2008-08-07",,"82","67",
"USW00094789","JFK INTERNATIONAL AIRPORT, NY US","2008-08-08",,"82","66",
"USW00094789","JFK INTERNATIONAL AIRPORT, NY US","2008-08-09",,"80","65",
"USW00094789","JFK INTERNATIONAL AIRPORT, NY US","2008-08-10",,"81","66",
"USW00094789","JFK INTERNATIONAL AIRPORT, NY US","2008-08-11",,"76","62",
"USW00094789","JFK INTERNATIONAL AIRPORT, NY US","2008-08-12",,"83","62",
"USW00094789","JFK INTERNATIONAL AIRPORT, NY US","2008-08-13",,"79","66",
"USW00094789","JFK INTERNATIONAL AIRPORT, NY US","2008-08-14",,"82","65",
"USW00094789","JFK INTERNATIONAL AIRPORT, NY US","2008-08-15",,"78","66",
"USW00094789","JFK INTERNATIONAL AIRPORT, NY US","2008-08-16",,"83","64",
"USW00094789","JFK INTERNATIONAL AIRPORT, NY US","2008-08-17",,"84","66",
"USW00094789","JFK INTERNATIONAL AIRPORT, NY US","2008-08-18",,"85","69",
"USW00094789","JFK INTERNATIONAL AIRPORT, NY US","2008-08-19",,"87","65",
"USW00094789","JFK INTERNATIONAL AIRPORT, NY US","2008-08-20",,"75","59",
"USW00094789","JFK INTERNATIONAL AIRPORT, NY US","2008-08-21",,"78","61",
"USW00094789","JFK INTERNATIONAL AIRPORT, NY US","2008-08-22",,"79","64",
"USW00094789","JFK INTERNATIONAL AIRPORT, NY US","2008-08-23",,"78","62",
"USW00094789","JFK INTERNATIONAL AIRPORT, NY US","2008-08-24",,"79","68",
"USW00094789","JFK INTERNATIONAL AIRPORT, NY US","2008-08-25",,"85","67",
"USW00094789","JFK INTERNATIONAL AIRPORT, NY US","2008-08-26",,"80","60",
"USW00094789","JFK INTERNATIONAL AIRPORT, NY US","2008-08-27",,"77","60",
"USW00094789","JFK INTERNATIONAL AIRPORT, NY US","2008-08-28",,"82","61",
"USW00094789","JFK INTERNATIONAL AIRPORT, NY US","2008-08-29",,"78","63",
"USW00094789","JFK INTERNATIONAL AIRPORT, NY US","2008-08-30",,"83","69",
"USW00094789","JFK INTERNATIONAL AIRPORT, NY US","2008-08-31",,"85","65",
"USW00094789","JFK INTERNATIONAL AIRPORT, NY US","2008-09-01",,"85","65",
"USW00094789","JFK INTERNATIONAL AIRPORT, NY US","2008-09-02",,"88","67",
"USW00094789","JFK INTERNATIONAL AIRPORT, NY US","2008-09-03",,"79","68",
"USW00094789","JFK INTERNATIONAL AIRPORT, NY US","2008-09-04",,"84","70",
"USW00094789","JFK INTERNATIONAL AIRPORT, NY US","2008-09-05",,"83","70",
"USW00094789","JFK INTERNATIONAL AIRPORT, NY US","2008-09-06",,"81","72",
"USW00094789","JFK INTERNATIONAL AIRPORT, NY US","2008-09-07",,"81","69",
"USW00094789","JFK INTERNATIONAL AIRPORT, NY US","2008-09-08",,"80","66",
"USW00094789","JFK INTERNATIONAL AIRPORT, NY US","2008-09-09",,"75","66",
"USW00094789","JFK INTERNATIONAL AIRPORT, NY US","2008-09-10",,"74","60",
"USW00094789","JFK INTERNATIONAL AIRPORT, NY US","2008-09-11",,"73","61",
"USW00094789","JFK INTERNATIONAL AIRPORT, NY US","2008-09-12",,"71","65",
"USW00094789","JFK INTERNATIONAL AIRPORT, NY US","2008-09-13",,"79","67",
"USW00094789","JFK INTERNATIONAL AIRPORT, NY US","2008-09-14",,"83","70",
"USW00094789","JFK INTERNATIONAL AIRPORT, NY US","2008-09-15",,"85","67",
"USW00094789","JFK INTERNATIONAL AIRPORT, NY US","2008-09-16",,"71","61",
"USW00094789","JFK INTERNATIONAL AIRPORT, NY US","2008-09-17",,"75","58",
"USW00094789","JFK INTERNATIONAL AIRPORT, NY US","2008-09-18",,"76","59",
"USW00094789","JFK INTERNATIONAL AIRPORT, NY US","2008-09-19",,"68","53",
"USW00094789","JFK INTERNATIONAL AIRPORT, NY US","2008-09-20",,"69","52",
"USW00094789","JFK INTERNATIONAL AIRPORT, NY US","2008-09-21",,"77","55",
"USW00094789","JFK INTERNATIONAL AIRPORT, NY US","2008-09-22",,"74","57",
"USW00094789","JFK INTERNATIONAL AIRPORT, NY US","2008-09-23",,"71","55",
"USW00094789","JFK INTERNATIONAL AIRPORT, NY US","2008-09-24",,"72","53",
"USW00094789","JFK INTERNATIONAL AIRPORT, NY US","2008-09-25",,"69","55",
"USW00094789","JFK INTERNATIONAL AIRPORT, NY US","2008-09-26",,"70","60",
"USW00094789","JFK INTERNATIONAL AIRPORT, NY US","2008-09-27",,"71","66",
"USW00094789","JFK INTERNATIONAL AIRPORT, NY US","2008-09-28",,"76","66",
"USW00094789","JFK INTERNATIONAL AIRPORT, NY US","2008-09-29",,"77","61",
"USW00094789","JFK INTERNATIONAL AIRPORT, NY US","2008-09-30",,"71","61",
"USW00094789","JFK INTERNATIONAL AIRPORT, NY US","2008-10-01",,"73","59",
"USW00094789","JFK INTERNATIONAL AIRPORT, NY US","2008-10-02",,"65","54",
"USW00094789","JFK INTERNATIONAL AIRPORT, NY US","2008-10-03",,"67","49",
"USW00094789","JFK INTERNATIONAL AIRPORT, NY US","2008-10-04",,"64","46",
"USW00094789","JFK INTERNATIONAL AIRPORT, NY US","2008-10-05",,"66","53",
"USW00094789","JFK INTERNATIONAL AIRPORT, NY US","2008-10-06",,"66","49",
"USW00094789","JFK INTERNATIONAL AIRPORT, NY US","2008-10-07",,"65","45",
"USW00094789","JFK INTERNATIONAL AIRPORT, NY US","2008-10-08",,"65","44",
"USW00094789","JFK INTERNATIONAL AIRPORT, NY US","2008-10-09",,"75","60",
"USW00094789","JFK INTERNATIONAL AIRPORT, NY US","2008-10-10",,"76","55",
"USW00094789","JFK INTERNATIONAL AIRPORT, NY US","2008-10-11",,"73","53",
"USW00094789","JFK INTERNATIONAL AIRPORT, NY US","2008-10-12",,"70","52",
"USW00094789","JFK INTERNATIONAL AIRPORT, NY US","2008-10-13",,"78","57",
"USW00094789","JFK INTERNATIONAL AIRPORT, NY US","2008-10-14",,"68","56",
"USW00094789","JFK INTERNATIONAL AIRPORT, NY US","2008-10-15",,"73","59",
"USW00094789","JFK INTERNATIONAL AIRPORT, NY US","2008-10-16",,"79","56",
"USW00094789","JFK INTERNATIONAL AIRPORT, NY US","2008-10-17",,"61","51",
"USW00094789","JFK INTERNATIONAL AIRPORT, NY US","2008-10-18",,"59","45",
"USW00094789","JFK INTERNATIONAL AIRPORT, NY US","2008-10-19",,"57","44",
"USW00094789","JFK INTERNATIONAL AIRPORT, NY US","2008-10-20",,"62","39",
"USW00094789","JFK INTERNATIONAL AIRPORT, NY US","2008-10-21",,"64","45",
"USW00094789","JFK INTERNATIONAL AIRPORT, NY US","2008-10-22",,"55","42",
"USW00094789","JFK INTERNATIONAL AIRPORT, NY US","2008-10-23",,"54","39",
"USW00094789","JFK INTERNATIONAL AIRPORT, NY US","2008-10-24",,"56","35",
"USW00094789","JFK INTERNATIONAL AIRPORT, NY US","2008-10-25",,"66","52",
"USW00094789","JFK INTERNATIONAL AIRPORT, NY US","2008-10-26",,"63","50",
"USW00094789","JFK INTERNATIONAL AIRPORT, NY US","2008-10-27",,"66","47",
"USW00094789","JFK INTERNATIONAL AIRPORT, NY US","2008-10-28",,"52","40",
"USW00094789","JFK INTERNATIONAL AIRPORT, NY US","2008-10-29",,"47","39",
"USW00094789","JFK INTERNATIONAL AIRPORT, NY US","2008-10-30",,"50","37",
"USW00094789","JFK INTERNATIONAL AIRPORT, NY US","2008-10-31",,"62","38",
"USW00094789","JFK INTERNATIONAL AIRPORT, NY US","2008-11-01",,"67","47",
"USW00094789","JFK INTERNATIONAL AIRPORT, NY US","2008-11-02",,"50","39",
"USW00094789","JFK INTERNATIONAL AIRPORT, NY US","2008-11-03",,"58","41",
"USW00094789","JFK INTERNATIONAL AIRPORT, NY US","2008-11-04",,"63","47",
"USW00094789","JFK INTERNATIONAL AIRPORT, NY US","2008-11-05",,"65","55",
"USW00094789","JFK INTERNATIONAL AIRPORT, NY US","2008-11-06",,"65","60",
"USW00094789","JFK INTERNATIONAL AIRPORT, NY US","2008-11-07",,"64","59",
"USW00094789","JFK INTERNATIONAL AIRPORT, NY US","2008-11-08",,"59","53",
"USW00094789","JFK INTERNATIONAL AIRPORT, NY US","2008-11-09",,"58","48",
"USW00094789","JFK INTERNATIONAL AIRPORT, NY US","2008-11-10",,"53","43",
"USW00094789","JFK INTERNATIONAL AIRPORT, NY US","2008-11-11",,"52","39",
"USW00094789","JFK INTERNATIONAL AIRPORT, NY US","2008-11-12",,"49","38",
"USW00094789","JFK INTERNATIONAL AIRPORT, NY US","2008-11-13",,"58","44",
"USW00094789","JFK INTERNATIONAL AIRPORT, NY US","2008-11-14",,"61","57",
"USW00094789","JFK INTERNATIONAL AIRPORT, NY US","2008-11-15",,"64","57",
"USW00094789","JFK INTERNATIONAL AIRPORT, NY US","2008-11-16",,"59","41",
"USW00094789","JFK INTERNATIONAL AIRPORT, NY US","2008-11-17",,"47","38",
"USW00094789","JFK INTERNATIONAL AIRPORT, NY US","2008-11-18",,"42","30",
"USW00094789","JFK INTERNATIONAL AIRPORT, NY US","2008-11-19",,"37","27",
"USW00094789","JFK INTERNATIONAL AIRPORT, NY US","2008-11-20",,"40","30",
"USW00094789","JFK INTERNATIONAL AIRPORT, NY US","2008-11-21",,"39","26",
"USW00094789","JFK INTERNATIONAL AIRPORT, NY US","2008-11-22",,"34","24",
"USW00094789","JFK INTERNATIONAL AIRPORT, NY US","2008-11-23",,"38","25",
"USW00094789","JFK INTERNATIONAL AIRPORT, NY US","2008-11-24",,"52","30",
"USW00094789","JFK INTERNATIONAL AIRPORT, NY US","2008-11-25",,"49","36",
"USW00094789","JFK INTERNATIONAL AIRPORT, NY US","2008-11-26",,"48","37",
"USW00094789","JFK INTERNATIONAL AIRPORT, NY US","2008-11-27",,"45","32",
"USW00094789","JFK INTERNATIONAL AIRPORT, NY US","2008-11-28",,"51","34",
"USW00094789","JFK INTERNATIONAL AIRPORT, NY US","2008-11-29",,"48","34",
"USW00094789","JFK INTERNATIONAL AIRPORT, NY US","2008-11-30",,"46","33",
"USW00094789","JFK INTERNATIONAL AIRPORT, NY US","2008-12-01",,"55","43",
"USW00094789","JFK INTERNATIONAL AIRPORT, NY US","2008-12-02",,"46","37",
"USW00094789","JFK INTERNATIONAL AIRPORT, NY US","2008-12-03",,"42","33",
"USW00094789","JFK INTERNATIONAL AIRPORT, NY US","2008-12-04",,"50","40",
"USW00094789","JFK INTERNATIONAL AIRPORT, NY US","2008-12-05",,"43","30",
"USW00094789","JFK INTERNATIONAL AIRPORT, NY US","2008-12-06",,"37","24",
"USW00094789","JFK INTERNATIONAL AIRPORT, NY US","2008-12-07",,"38","21",
"USW00094789","JFK INTERNATIONAL AIRPORT, NY US","2008-12-08",,"30","19",
"USW00094789","JFK INTERNATIONAL AIRPORT, NY US","2008-12-09",,"53","30",
"USW00094789","JFK INTERNATIONAL AIRPORT, NY US","2008-12-10",,"58","44",
"USW00094789","JFK INTERNATIONAL AIRPORT, NY US","2008-12-11",,"44","40",
"USW00094789","JFK INTERNATIONAL AIRPORT, NY US","2008-12-12",,"57","33",
"USW00094789","JFK INTERNATIONAL AIRPORT, NY US","2008-12-13",,"34","26",
"USW00094789","JFK INTERNATIONAL AIRPORT, NY US","2008-12-14",,"48","25",
"USW00094789","JFK INTERNATIONAL AIRPORT, NY US","2008-12-15",,"58","46",
"USW00094789","JFK INTERNATIONAL AIRPORT, NY US","2008-12-16",,"57","31",
"USW00094789","JFK INTERNATIONAL AIRPORT, NY US","2008-12-17",,"44","33",
"USW00094789","JFK INTERNATIONAL AIRPORT, NY US","2008-12-18",,"45","31",
"USW00094789","JFK INTERNATIONAL AIRPORT, NY US","2008-12-19",,"41","32",
"USW00094789","JFK INTERNATIONAL AIRPORT, NY US","2008-12-20",,"32","24",
"USW00094789","JFK INTERNATIONAL AIRPORT, NY US","2008-12-21",,"42","28",
"USW00094789","JFK INTERNATIONAL AIRPORT, NY US","2008-12-22",,"28","14",
"USW00094789","JFK INTERNATIONAL AIRPORT, NY US","2008-12-23",,"32","20",
"USW00094789","JFK INTERNATIONAL AIRPORT, NY US","2008-12-24",,"50","32",
"USW00094789","JFK INTERNATIONAL AIRPORT, NY US","2008-12-25",,"57","32",
"USW00094789","JFK INTERNATIONAL AIRPORT, NY US","2008-12-26",,"43","28",
"USW00094789","JFK INTERNATIONAL AIRPORT, NY US","2008-12-27",,"47","41",
"USW00094789","JFK INTERNATIONAL AIRPORT, NY US","2008-12-28",,"64","46",
"USW00094789","JFK INTERNATIONAL AIRPORT, NY US","2008-12-29",,"49","37",
"USW00094789","JFK INTERNATIONAL AIRPORT, NY US","2008-12-30",,"45","31",
"USW00094789","JFK INTERNATIONAL AIRPORT, NY US","2008-12-31",,"36","19",
"USW00094789","JFK INTERNATIONAL AIRPORT, NY US","2009-01-01",,"28","16",
"USW00094789","JFK INTERNATIONAL AIRPORT, NY US","2009-01-02",,"37","23",
"USW00094789","JFK INTERNATIONAL AIRPORT, NY US","2009-01-03",,"41","30",
"USW00094789","JFK INTERNATIONAL AIRPORT, NY US","2009-01-04",,"44","26",
"USW00094789","JFK INTERNATIONAL AIRPORT, NY US","2009-01-05",,"45","37",
"USW00094789","JFK INTERNATIONAL AIRPORT, NY US","2009-01-06",,"39","32",
"USW00094789","JFK INTERNATIONAL AIRPORT, NY US","2009-01-07",,"40","33",
"USW00094789","JFK INTERNATIONAL AIRPORT, NY US","2009-01-08",,"41","30",
"USW00094789","JFK INTERNATIONAL AIRPORT, NY US","2009-01-09",,"36","27",
"USW00094789","JFK INTERNATIONAL AIRPORT, NY US","2009-01-10",,"32","24",
"USW00094789","JFK INTERNATIONAL AIRPORT, NY US","2009-01-11",,"35","25",
"USW00094789","JFK INTERNATIONAL AIRPORT, NY US","2009-01-12",,"34","21",
"USW00094789","JFK INTERNATIONAL AIRPORT, NY US","2009-01-13",,"40","25",
"USW00094789","JFK INTERNATIONAL AIRPORT, NY US","2009-01-14",,"37","18",
"USW00094789","JFK INTERNATIONAL AIRPORT, NY US","2009-01-15",,"24","14",
"USW00094789","JFK INTERNATIONAL AIRPORT, NY US","2009-01-16",,"19","11",
"USW00094789","JFK INTERNATIONAL AIRPORT, NY US","2009-01-17",,"23","7",
"USW00094789","JFK INTERNATIONAL AIRPORT, NY US","2009-01-18",,"33","23",
"USW00094789","JFK INTERNATIONAL AIRPORT, NY US","2009-01-19",,"32","20",
"USW00094789","JFK INTERNATIONAL AIRPORT, NY US","2009-01-20",,"29","21",
"USW00094789","JFK INTERNATIONAL AIRPORT, NY US","2009-01-21",,"27","17",
"USW00094789","JFK INTERNATIONAL AIRPORT, NY US","2009-01-22",,"37","21",
"USW00094789","JFK INTERNATIONAL AIRPORT, NY US","2009-01-23",,"42","25",
"USW00094789","JFK INTERNATIONAL AIRPORT, NY US","2009-01-24",,"44","17",
"USW00094789","JFK INTERNATIONAL AIRPORT, NY US","2009-01-25",,"29","15",
"USW00094789","JFK INTERNATIONAL AIRPORT, NY US","2009-01-26",,"29","20",
"USW00094789","JFK INTERNATIONAL AIRPORT, NY US","2009-01-27",,"31","27",
"USW00094789","JFK INTERNATIONAL AIRPORT, NY US","2009-01-28",,"42","25",
"USW00094789","JFK INTERNATIONAL AIRPORT, NY US","2009-01-29",,"37","28",
"USW00094789","JFK INTERNATIONAL AIRPORT, NY US","2009-01-30",,"36","25",
"USW00094789","JFK INTERNATIONAL AIRPORT, NY US","2009-01-31",,"30","22",
"USW00094789","JFK INTERNATIONAL AIRPORT, NY US","2009-02-01",,"50","28",
"USW00094789","JFK INTERNATIONAL AIRPORT, NY US","2009-02-02",,"53","32",
"USW00094789","JFK INTERNATIONAL AIRPORT, NY US","2009-02-03",,"37","26",
"USW00094789","JFK INTERNATIONAL AIRPORT, NY US","2009-02-04",,"30","17",
"USW00094789","JFK INTERNATIONAL AIRPORT, NY US","2009-02-05",,"24","12",
"USW00094789","JFK INTERNATIONAL AIRPORT, NY US","2009-02-06",,"30","16",
"USW00094789","JFK INTERNATIONAL AIRPORT, NY US","2009-02-07",,"43","19",
"USW00094789","JFK INTERNATIONAL AIRPORT, NY US","2009-02-08",,"61","37",
"USW00094789","JFK INTERNATIONAL AIRPORT, NY US","2009-02-09",,"47","32",
"USW00094789","JFK INTERNATIONAL AIRPORT, NY US","2009-02-10",,"49","30",
"USW00094789","JFK INTERNATIONAL AIRPORT, NY US","2009-02-11",,"62","38",
"USW00094789","JFK INTERNATIONAL AIRPORT, NY US","2009-02-12",,"55","45",
"USW00094789","JFK INTERNATIONAL AIRPORT, NY US","2009-02-13",,"46","32",
"USW00094789","JFK INTERNATIONAL AIRPORT, NY US","2009-02-14",,"43","28",
"USW00094789","JFK INTERNATIONAL AIRPORT, NY US","2009-02-15",,"44","29",
"USW00094789","JFK INTERNATIONAL AIRPORT, NY US","2009-02-16",,"41","28",
"USW00094789","JFK INTERNATIONAL AIRPORT, NY US","2009-02-17",,"42","26",
"USW00094789","JFK INTERNATIONAL AIRPORT, NY US","2009-02-18",,"43","27",
"USW00094789","JFK INTERNATIONAL AIRPORT, NY US","2009-02-19",,"51","28",
"USW00094789","JFK INTERNATIONAL AIRPORT, NY US","2009-02-20",,"35","24",
"USW00094789","JFK INTERNATIONAL AIRPORT, NY US","2009-02-21",,"41","27",
"USW00094789","JFK INTERNATIONAL AIRPORT, NY US","2009-02-22",,"45","32",
"USW00094789","JFK INTERNATIONAL AIRPORT, NY US","2009-02-23",,"36","25",
"USW00094789","JFK INTERNATIONAL AIRPORT, NY US","2009-02-24",,"38","23",
"USW00094789","JFK INTERNATIONAL AIRPORT, NY US","2009-02-25",,"38","24",
"USW00094789","JFK INTERNATIONAL AIRPORT, NY US","2009-02-26",,"47","30",
"USW00094789","JFK INTERNATIONAL AIRPORT, NY US","2009-02-27",,"53","34",
"USW00094789","JFK INTERNATIONAL AIRPORT, NY US","2009-02-28",,"52","33",
"USW00094789","JFK INTERNATIONAL AIRPORT, NY US","2009-03-01",,"36","29",
"USW00094789","JFK INTERNATIONAL AIRPORT, NY US","2009-03-02",,"30","17",
"USW00094789","JFK INTERNATIONAL AIRPORT, NY US","2009-03-03",,"27","13",
"USW00094789","JFK INTERNATIONAL AIRPORT, NY US","2009-03-04",,"34","17",
"USW00094789","JFK INTERNATIONAL AIRPORT, NY US","2009-03-05",,"38","19",
"USW00094789","JFK INTERNATIONAL AIRPORT, NY US","2009-03-06",,"45","36",
"USW00094789","JFK INTERNATIONAL AIRPORT, NY US","2009-03-07",,"68","39",
"USW00094789","JFK INTERNATIONAL AIRPORT, NY US","2009-03-08",,"66","40",
"USW00094789","JFK INTERNATIONAL AIRPORT, NY US","2009-03-09",,"51","39",
"USW00094789","JFK INTERNATIONAL AIRPORT, NY US","2009-03-10",,"44","35",
"USW00094789","JFK INTERNATIONAL AIRPORT, NY US","2009-03-11",,"56","41",
"USW00094789","JFK INTERNATIONAL AIRPORT, NY US","2009-03-12",,"45","33",
"USW00094789","JFK INTERNATIONAL AIRPORT, NY US","2009-03-13",,"37","27",
"USW00094789","JFK INTERNATIONAL AIRPORT, NY US","2009-03-14",,"47","31",
"USW00094789","JFK INTERNATIONAL AIRPORT, NY US","2009-03-15",,"48","40",
"USW00094789","JFK INTERNATIONAL AIRPORT, NY US","2009-03-16",,"51","34",
"USW00094789","JFK INTERNATIONAL AIRPORT, NY US","2009-03-17",,"49","35",
"USW00094789","JFK INTERNATIONAL AIRPORT, NY US","2009-03-18",,"54","34",
"USW00094789","JFK INTERNATIONAL AIRPORT, NY US","2009-03-19",,"51","39",
"USW00094789","JFK INTERNATIONAL AIRPORT, NY US","2009-03-20",,"46","34",
"USW00094789","JFK INTERNATIONAL AIRPORT, NY US","2009-03-21",,"44","29",
"USW00094789","JFK INTERNATIONAL AIRPORT, NY US","2009-03-22",,"58","32",
"USW00094789","JFK INTERNATIONAL AIRPORT, NY US","2009-03-23",,"45","28",
"USW00094789","JFK INTERNATIONAL AIRPORT, NY US","2009-03-24",,"49","28",
"USW00094789","JFK INTERNATIONAL AIRPORT, NY US","2009-03-25",,"48","31",
"USW00094789","JFK INTERNATIONAL AIRPORT, NY US","2009-03-26",,"47","36",
"USW00094789","JFK INTERNATIONAL AIRPORT, NY US","2009-03-27",,"61","42",
"USW00094789","JFK INTERNATIONAL AIRPORT, NY US","2009-03-28",,"59","45",
"USW00094789","JFK INTERNATIONAL AIRPORT, NY US","2009-03-29",,"54","47",
"USW00094789","JFK INTERNATIONAL AIRPORT, NY US","2009-03-30",,"56","42",
"USW00094789","JFK INTERNATIONAL AIRPORT, NY US","2009-03-31",,"58","39",
"USW00094789","JFK INTERNATIONAL AIRPORT, NY US","2009-04-01",,"49","42",
"USW00094789","JFK INTERNATIONAL AIRPORT, NY US","2009-04-02",,"64","46",
"USW00094789","JFK INTERNATIONAL AIRPORT, NY US","2009-04-03",,"60","48",
"USW00094789","JFK INTERNATIONAL AIRPORT, NY US","2009-04-04",,"55","49",
"USW00094789","JFK INTERNATIONAL AIRPORT, NY US","2009-04-05",,"66","46",
"USW00094789","JFK INTERNATIONAL AIRPORT, NY US","2009-04-06",,"53","44",
"USW00094789","JFK INTERNATIONAL AIRPORT, NY US","2009-04-07",,"49","40",
"USW00094789","JFK INTERNATIONAL AIRPORT, NY US","2009-04-08",,"50","36",
"USW00094789","JFK INTERNATIONAL AIRPORT, NY US","2009-04-09",,"59","37",
"USW00094789","JFK INTERNATIONAL AIRPORT, NY US","2009-04-10",,"56","41",
"USW00094789","JFK INTERNATIONAL AIRPORT, NY US","2009-04-11",,"50","42",
"USW00094789","JFK INTERNATIONAL AIRPORT, NY US","2009-04-12",,"50","37",
"USW00094789","JFK INTERNATIONAL AIRPORT, NY US","2009-04-13",,"58","35",
"USW00094789","JFK INTERNATIONAL AIRPORT, NY US","2009-04-14",,"50","45",
"USW00094789","JFK INTERNATIONAL AIRPORT, NY US","2009-04-15",,"56","41",
"USW00094789","JFK INTERNATIONAL AIRPORT, NY US","2009-04-16",,"62","38",
"USW00094789","JFK INTERNATIONAL AIRPORT, NY US","2009-04-17",,"64","39",
"USW00094789","JFK INTERNATIONAL AIRPORT, NY US","2009-04-18",,"78","50",
"USW00094789","JFK INTERNATIONAL AIRPORT, NY US","2009-04-19",,"61","46",
"USW00094789","JFK INTERNATIONAL AIRPORT, NY US","2009-04-20",,"54","45",
"USW00094789","JFK INTERNATIONAL AIRPORT, NY US","2009-04-21",,"55","47",
"USW00094789","JFK INTERNATIONAL AIRPORT, NY US","2009-04-22",,"55","47",
"USW00094789","JFK INTERNATIONAL AIRPORT, NY US","2009-04-23",,"59","44",
"USW00094789","JFK INTERNATIONAL AIRPORT, NY US","2009-04-24",,"64","41",
"USW00094789","JFK INTERNATIONAL AIRPORT, NY US","2009-04-25",,"69","49",
"USW00094789","JFK INTERNATIONAL AIRPORT, NY US","2009-04-26",,"86","59",
"USW00094789","JFK INTERNATIONAL AIRPORT, NY US","2009-04-27",,"75","57",
"USW00094789","JFK INTERNATIONAL AIRPORT, NY US","2009-04-28",,"85","59",
"USW00094789","JFK INTERNATIONAL AIRPORT, NY US","2009-04-29",,"70","46",
"USW00094789","JFK INTERNATIONAL AIRPORT, NY US","2009-04-30",,"58","47",
"USW00094789","JFK INTERNATIONAL AIRPORT, NY US","2009-05-01",,"67","52",
"USW00094789","JFK INTERNATIONAL AIRPORT, NY US","2009-05-02",,"63","52",
"USW00094789","JFK INTERNATIONAL AIRPORT, NY US","2009-05-03",,"57","52",
"USW00094789","JFK INTERNATIONAL AIRPORT, NY US","2009-05-04",,"56","52",
"USW00094789","JFK INTERNATIONAL AIRPORT, NY US","2009-05-05",,"55","50",
"USW00094789","JFK INTERNATIONAL AIRPORT, NY US","2009-05-06",,"61","50",
"USW00094789","JFK INTERNATIONAL AIRPORT, NY US","2009-05-07",,"67","52",
"USW00094789","JFK INTERNATIONAL AIRPORT, NY US","2009-05-08",,"69","55",
"USW00094789","JFK INTERNATIONAL AIRPORT, NY US","2009-05-09",,"75","57",
"USW00094789","JFK INTERNATIONAL AIRPORT, NY US","2009-05-10",,"72","55",
"USW00094789","JFK INTERNATIONAL AIRPORT, NY US","2009-05-11",,"62","51",
"USW00094789","JFK INTERNATIONAL AIRPORT, NY US","2009-05-12",,"70","49",
"USW00094789","JFK INTERNATIONAL AIRPORT, NY US","2009-05-13",,"63","47",
"USW00094789","JFK INTERNATIONAL AIRPORT, NY US","2009-05-14",,"64","55",
"USW00094789","JFK INTERNATIONAL AIRPORT, NY US","2009-05-15",,"71","56",
"USW00094789","JFK INTERNATIONAL AIRPORT, NY US","2009-05-16",,"65","56",
"USW00094789","JFK INTERNATIONAL AIRPORT, NY US","2009-05-17",,"63","53",
"USW00094789","JFK INTERNATIONAL AIRPORT, NY US","2009-05-18",,"60","50",
"USW00094789","JFK INTERNATIONAL AIRPORT, NY US","2009-05-19",,"65","44",
"USW00094789","JFK INTERNATIONAL AIRPORT, NY US","2009-05-20",,"73","50",
"USW00094789","JFK INTERNATIONAL AIRPORT, NY US","2009-05-21",,"72","53",
"USW00094789","JFK INTERNATIONAL AIRPORT, NY US","2009-05-22",,"77","57",
"USW00094789","JFK INTERNATIONAL AIRPORT, NY US","2009-05-23",,"73","57",
"USW00094789","JFK INTERNATIONAL AIRPORT, NY US","2009-05-24",,"76","58",
"USW00094789","JFK INTERNATIONAL AIRPORT, NY US","2009-05-25",,"80","62",
"USW00094789","JFK INTERNATIONAL AIRPORT, NY US","2009-05-26",,"66","52",
"USW00094789","JFK INTERNATIONAL AIRPORT, NY US","2009-05-27",,"68","53",
"USW00094789","JFK INTERNATIONAL AIRPORT, NY US","2009-05-28",,"61","55",
"USW00094789","JFK INTERNATIONAL AIRPORT, NY US","2009-05-29",,"69","54",
"USW00094789","JFK INTERNATIONAL AIRPORT, NY US","2009-05-30",,"77","61",
"USW00094789","JFK INTERNATIONAL AIRPORT, NY US","2009-05-31",,"80","56",
"USW00094789","JFK INTERNATIONAL AIRPORT, NY US","2009-06-01",,"65","50",
"USW00094789","JFK INTERNATIONAL AIRPORT, NY US","2009-06-02",,"81","60",
"USW00094789","JFK INTERNATIONAL AIRPORT, NY US","2009-06-03",,"73","56",
"USW00094789","JFK INTERNATIONAL AIRPORT, NY US","2009-06-04",,"65","55",
"USW00094789","JFK INTERNATIONAL AIRPORT, NY US","2009-06-05",,"60","57",
"USW00094789","JFK INTERNATIONAL AIRPORT, NY US","2009-06-06",,"73","58",
"USW00094789","JFK INTERNATIONAL AIRPORT, NY US","2009-06-07",,"78","62",
"USW00094789","JFK INTERNATIONAL AIRPORT, NY US","2009-06-08",,"76","60",
"USW00094789","JFK INTERNATIONAL AIRPORT, NY US","2009-06-09",,"70","61",
"USW00094789","JFK INTERNATIONAL AIRPORT, NY US","2009-06-10",,"70","61",
"USW00094789","JFK INTERNATIONAL AIRPORT, NY US","2009-06-11",,"65","61",
"USW00094789","JFK INTERNATIONAL AIRPORT, NY US","2009-06-12",,"79","63",
"USW00094789","JFK INTERNATIONAL AIRPORT, NY US","2009-06-13",,"76","62",
"USW00094789","JFK INTERNATIONAL AIRPORT, NY US","2009-06-14",,"71","57",
"USW00094789","JFK INTERNATIONAL AIRPORT, NY US","2009-06-15",,"68","57",
"USW00094789","JFK INTERNATIONAL AIRPORT, NY US","2009-06-16",,"66","56",
"USW00094789","JFK INTERNATIONAL AIRPORT, NY US","2009-06-17",,"66","53",
"USW00094789","JFK INTERNATIONAL AIRPORT, NY US","2009-06-18",,"65","62",
"USW00094789","JFK INTERNATIONAL AIRPORT, NY US","2009-06-19",,"79","64",
"USW00094789","JFK INTERNATIONAL AIRPORT, NY US","2009-06-20",,"72","65",
"USW00094789","JFK INTERNATIONAL AIRPORT, NY US","2009-06-21",,"80","63",
"USW00094789","JFK INTERNATIONAL AIRPORT, NY US","2009-06-22",,"76","66",
"USW00094789","JFK INTERNATIONAL AIRPORT, NY US","2009-06-23",,"80","65",
"USW00094789","JFK INTERNATIONAL AIRPORT, NY US","2009-06-24",,"78","64",
"USW00094789","JFK INTERNATIONAL AIRPORT, NY US","2009-06-25",,"76","64",
"USW00094789","JFK INTERNATIONAL AIRPORT, NY US","2009-06-26",,"81","65",
"USW00094789","JFK INTERNATIONAL AIRPORT, NY US","2009-06-27",,"83","64",
"USW00094789","JFK INTERNATIONAL AIRPORT, NY US","2009-06-28",,"80","66",
"USW00094789","JFK INTERNATIONAL AIRPORT, NY US","2009-06-29",,"83","67",
"USW00094789","JFK INTERNATIONAL AIRPORT, NY US","2009-06-30",,"80","66",
"USW00094789","JFK INTERNATIONAL AIRPORT, NY US","2009-07-01",,"81","68",
"USW00094789","JFK INTERNATIONAL AIRPORT, NY US","2009-07-02",,"79","68",
"USW00094789","JFK INTERNATIONAL AIRPORT, NY US","2009-07-03",,"81","68",
"USW00094789","JFK INTERNATIONAL AIRPORT, NY US","2009-07-04",,"83","68",
"USW00094789","JFK INTERNATIONAL AIRPORT, NY US","2009-07-05",,"80","64",
"USW00094789","JFK INTERNATIONAL AIRPORT, NY US","2009-07-06",,"84","64",
"USW00094789","JFK INTERNATIONAL AIRPORT, NY US","2009-07-07",,"80","64",
"USW00094789","JFK INTERNATIONAL AIRPORT, NY US","2009-07-08",,"81","59",
"USW00094789","JFK INTERNATIONAL AIRPORT, NY US","2009-07-09",,"73","62",
"USW00094789","JFK INTERNATIONAL AIRPORT, NY US","2009-07-10",,"76","58",
"USW00094789","JFK INTERNATIONAL AIRPORT, NY US","2009-07-11",,"76","62",
"USW00094789","JFK INTERNATIONAL AIRPORT, NY US","2009-07-12",,"84","65",
"USW00094789","JFK INTERNATIONAL AIRPORT, NY US","2009-07-13",,"77","60",
"USW00094789","JFK INTERNATIONAL AIRPORT, NY US","2009-07-14",,"83","64",
"USW00094789","JFK INTERNATIONAL AIRPORT, NY US","2009-07-15",,"80","62",
"USW00094789","JFK INTERNATIONAL AIRPORT, NY US","2009-07-16",,"82","70",
"USW00094789","JFK INTERNATIONAL AIRPORT, NY US","2009-07-17",,"84","68",
"USW00094789","JFK INTERNATIONAL AIRPORT, NY US","2009-07-18",,"85","72",
"USW00094789","JFK INTERNATIONAL AIRPORT, NY US","2009-07-19",,"81","67",
"USW00094789","JFK INTERNATIONAL AIRPORT, NY US","2009-07-20",,"82","65",
"USW00094789","JFK INTERNATIONAL AIRPORT, NY US","2009-07-21",,"72","66",
"USW00094789","JFK INTERNATIONAL AIRPORT, NY US","2009-07-22",,"80","66",
"USW00094789","JFK INTERNATIONAL AIRPORT, NY US","2009-07-23",,"76","65",
"USW00094789","JFK INTERNATIONAL AIRPORT, NY US","2009-07-24",,"80","65",
"USW00094789","JFK INTERNATIONAL AIRPORT, NY US","2009-07-25",,"82","66",
"USW00094789","JFK INTERNATIONAL AIRPORT, NY US","2009-07-26",,"84","72",
"USW00094789","JFK INTERNATIONAL AIRPORT, NY US","2009-07-27",,"83","71",
"USW00094789","JFK INTERNATIONAL AIRPORT, NY US","2009-07-28",,"85","71",
"USW00094789","JFK INTERNATIONAL AIRPORT, NY US","2009-07-29",,"82","71",
"USW00094789","JFK INTERNATIONAL AIRPORT, NY US","2009-07-30",,"90","73",
"USW00094789","JFK INTERNATIONAL AIRPORT, NY US","2009-07-31",,"88","70",
"USW00094789","JFK INTERNATIONAL AIRPORT, NY US","2009-08-01",,"81","68",
"USW00094789","JFK INTERNATIONAL AIRPORT, NY US","2009-08-02",,"78","71",
"USW00094789","JFK INTERNATIONAL AIRPORT, NY US","2009-08-03",,"83","69",
"USW00094789","JFK INTERNATIONAL AIRPORT, NY US","2009-08-04",,"84","70",
"USW00094789","JFK INTERNATIONAL AIRPORT, NY US","2009-08-05",,"86","74",
"USW00094789","JFK INTERNATIONAL AIRPORT, NY US","2009-08-06",,"76","67",
"USW00094789","JFK INTERNATIONAL AIRPORT, NY US","2009-08-07",,"83","66",
"USW00094789","JFK INTERNATIONAL AIRPORT, NY US","2009-08-08",,"78","63",
"USW00094789","JFK INTERNATIONAL AIRPORT, NY US","2009-08-09",,"80","71",
"USW00094789","JFK INTERNATIONAL AIRPORT, NY US","2009-08-10",,"92","72",
"USW00094789","JFK INTERNATIONAL AIRPORT, NY US","2009-08-11",,"90","76",
"USW00094789","JFK INTERNATIONAL AIRPORT, NY US","2009-08-12",,"83","71",
"USW00094789","JFK INTERNATIONAL AIRPORT, NY US","2009-08-13",,"76","69",
"USW00094789","JFK INTERNATIONAL AIRPORT, NY US","2009-08-14",,"82","66",
"USW00094789","JFK INTERNATIONAL AIRPORT, NY US","2009-08-15",,"86","69",
"USW00094789","JFK INTERNATIONAL AIRPORT, NY US","2009-08-16",,"90","71",
"USW00094789","JFK INTERNATIONAL AIRPORT, NY US","2009-08-17",,"91","73",
"USW00094789","JFK INTERNATIONAL AIRPORT, NY US","2009-08-18",,"89","71",
"USW00094789","JFK INTERNATIONAL AIRPORT, NY US","2009-08-19",,"90","73",
"USW00094789","JFK INTERNATIONAL AIRPORT, NY US","2009-08-20",,"87","75",
"USW00094789","JFK INTERNATIONAL AIRPORT, NY US","2009-08-21",,"88","73",
"USW00094789","JFK INTERNATIONAL AIRPORT, NY US","2009-08-22",,"85","72",
"USW00094789","JFK INTERNATIONAL AIRPORT, NY US","2009-08-23",,"84","74",
"USW00094789","JFK INTERNATIONAL AIRPORT, NY US","2009-08-24",,"85","71",
"USW00094789","JFK INTERNATIONAL AIRPORT, NY US","2009-08-25",,"84","70",
"USW00094789","JFK INTERNATIONAL AIRPORT, NY US","2009-08-26",,"89","73",
"USW00094789","JFK INTERNATIONAL AIRPORT, NY US","2009-08-27",,"77","68",
"USW00094789","JFK INTERNATIONAL AIRPORT, NY US","2009-08-28",,"73","63",
"USW00094789","JFK INTERNATIONAL AIRPORT, NY US","2009-08-29",,"74","67",
"USW00094789","JFK INTERNATIONAL AIRPORT, NY US","2009-08-30",,"81","67",
"USW00094789","JFK INTERNATIONAL AIRPORT, NY US","2009-08-31",,"75","60",
"USW00094789","JFK INTERNATIONAL AIRPORT, NY US","2009-09-01",,"75","57",
"USW00094789","JFK INTERNATIONAL AIRPORT, NY US","2009-09-02",,"75","57",
"USW00094789","JFK INTERNATIONAL AIRPORT, NY US","2009-09-03",,"79","58",
"USW00094789","JFK INTERNATIONAL AIRPORT, NY US","2009-09-04",,"85","60",
"USW00094789","JFK INTERNATIONAL AIRPORT, NY US","2009-09-05",,"86","69",
"USW00094789","JFK INTERNATIONAL AIRPORT, NY US","2009-09-06",,"76","64",
"USW00094789","JFK INTERNATIONAL AIRPORT, NY US","2009-09-07",,"74","59",
"USW00094789","JFK INTERNATIONAL AIRPORT, NY US","2009-09-08",,"75","62",
"USW00094789","JFK INTERNATIONAL AIRPORT, NY US","2009-09-09",,"78","63",
"USW00094789","JFK INTERNATIONAL AIRPORT, NY US","2009-09-10",,"72","61",
"USW00094789","JFK INTERNATIONAL AIRPORT, NY US","2009-09-11",,"67","59",
"USW00094789","JFK INTERNATIONAL AIRPORT, NY US","2009-09-12",,"69","64",
"USW00094789","JFK INTERNATIONAL AIRPORT, NY US","2009-09-13",,"82","65",
"USW00094789","JFK INTERNATIONAL AIRPORT, NY US","2009-09-14",,"79","62",
"USW00094789","JFK INTERNATIONAL AIRPORT, NY US","2009-09-15",,"82","64",
"USW00094789","JFK INTERNATIONAL AIRPORT, NY US","2009-09-16",,"69","62",
"USW00094789","JFK INTERNATIONAL AIRPORT, NY US","2009-09-17",,"67","54",
"USW00094789","JFK INTERNATIONAL AIRPORT, NY US","2009-09-18",,"76","54",
"USW00094789","JFK INTERNATIONAL AIRPORT, NY US","2009-09-19",,"71","54",
"USW00094789","JFK INTERNATIONAL AIRPORT, NY US","2009-09-20",,"72","50",
"USW00094789","JFK INTERNATIONAL AIRPORT, NY US","2009-09-21",,"72","55",
"USW00094789","JFK INTERNATIONAL AIRPORT, NY US","2009-09-22",,"73","63",
"USW00094789","JFK INTERNATIONAL AIRPORT, NY US","2009-09-23",,"78","67",
"USW00094789","JFK INTERNATIONAL AIRPORT, NY US","2009-09-24",,"85","65",
"USW00094789","JFK INTERNATIONAL AIRPORT, NY US","2009-09-25",,"71","56",
"USW00094789","JFK INTERNATIONAL AIRPORT, NY US","2009-09-26",,"64","54",
"USW00094789","JFK INTERNATIONAL AIRPORT, NY US","2009-09-27",,"69","61",
"USW00094789","JFK INTERNATIONAL AIRPORT, NY US","2009-09-28",,"72","60",
"USW00094789","JFK INTERNATIONAL AIRPORT, NY US","2009-09-29",,"70","57",
"USW00094789","JFK INTERNATIONAL AIRPORT, NY US","2009-09-30",,"62","50",
"USW00094789","JFK INTERNATIONAL AIRPORT, NY US","2009-10-01",,"59","49",
"USW00094789","JFK INTERNATIONAL AIRPORT, NY US","2009-10-02",,"66","43",
"USW00094789","JFK INTERNATIONAL AIRPORT, NY US","2009-10-03",,"69","62",
"USW00094789","JFK INTERNATIONAL AIRPORT, NY US","2009-10-04",,"72","58",
"USW00094789","JFK INTERNATIONAL AIRPORT, NY US","2009-10-05",,"68","54",
"USW00094789","JFK INTERNATIONAL AIRPORT, NY US","2009-10-06",,"67","51",
"USW00094789","JFK INTERNATIONAL AIRPORT, NY US","2009-10-07",,"73","58",
"USW00094789","JFK INTERNATIONAL AIRPORT, NY US","2009-10-08",,"67","54",
"USW00094789","JFK INTERNATIONAL AIRPORT, NY US","2009-10-09",,"72","58",
"USW00094789","JFK INTERNATIONAL AIRPORT, NY US","2009-10-10",,"69","51",
"USW00094789","JFK INTERNATIONAL AIRPORT, NY US","2009-10-11",,"65","45",
"USW00094789","JFK INTERNATIONAL AIRPORT, NY US","2009-10-12",,"53","43",
"USW00094789","JFK INTERNATIONAL AIRPORT, NY US","2009-10-13",,"66","46",
"USW00094789","JFK INTERNATIONAL AIRPORT, NY US","2009-10-14",,"54","41",
"USW00094789","JFK INTERNATIONAL AIRPORT, NY US","2009-10-15",,"49","43",
"USW00094789","JFK INTERNATIONAL AIRPORT, NY US","2009-10-16",,"47","40",
"USW00094789","JFK INTERNATIONAL AIRPORT, NY US","2009-10-17",,"53","45",
"USW00094789","JFK INTERNATIONAL AIRPORT, NY US","2009-10-18",,"49","41",
"USW00094789","JFK INTERNATIONAL AIRPORT, NY US","2009-10-19",,"58","39",
"USW00094789","JFK INTERNATIONAL AIRPORT, NY US","2009-10-20",,"66","43",
"USW00094789","JFK INTERNATIONAL AIRPORT, NY US","2009-10-21",,"68","48",
"USW00094789","JFK INTERNATIONAL AIRPORT, NY US","2009-10-22",,"71","51",
"USW00094789","JFK INTERNATIONAL AIRPORT, NY US","2009-10-23",,"60","52",
"USW00094789","JFK INTERNATIONAL AIRPORT, NY US","2009-10-24",,"66","56",
"USW00094789","JFK INTERNATIONAL AIRPORT, NY US","2009-10-25",,"64","51",
"USW00094789","JFK INTERNATIONAL AIRPORT, NY US","2009-10-26",,"60","45",
"USW00094789","JFK INTERNATIONAL AIRPORT, NY US","2009-10-27",,"57","45",
"USW00094789","JFK INTERNATIONAL AIRPORT, NY US","2009-10-28",,"59","51",
"USW00094789","JFK INTERNATIONAL AIRPORT, NY US","2009-10-29",,"59","49",
"USW00094789","JFK INTERNATIONAL AIRPORT, NY US","2009-10-30",,"59","47",
"USW00094789","JFK INTERNATIONAL AIRPORT, NY US","2009-10-31",,"70","58",
"USW00094789","JFK INTERNATIONAL AIRPORT, NY US","2009-11-01",,"59","49",
"USW00094789","JFK INTERNATIONAL AIRPORT, NY US","2009-11-02",,"57","45",
"USW00094789","JFK INTERNATIONAL AIRPORT, NY US","2009-11-03",,"62","42",
"USW00094789","JFK INTERNATIONAL AIRPORT, NY US","2009-11-04",,"52","41",
"USW00094789","JFK INTERNATIONAL AIRPORT, NY US","2009-11-05",,"53","43",
"USW00094789","JFK INTERNATIONAL AIRPORT, NY US","2009-11-06",,"51","38",
"USW00094789","JFK INTERNATIONAL AIRPORT, NY US","2009-11-07",,"52","33",
"USW00094789","JFK INTERNATIONAL AIRPORT, NY US","2009-11-08",,"65","45",
"USW00094789","JFK INTERNATIONAL AIRPORT, NY US","2009-11-09",,"64","42",
"USW00094789","JFK INTERNATIONAL AIRPORT, NY US","2009-11-10",,"66","50",
"USW00094789","JFK INTERNATIONAL AIRPORT, NY US","2009-11-11",,"57","49",
"USW00094789","JFK INTERNATIONAL AIRPORT, NY US","2009-11-12",,"51","46",
"USW00094789","JFK INTERNATIONAL AIRPORT, NY US","2009-11-13",,"54","48",
"USW00094789","JFK INTERNATIONAL AIRPORT, NY US","2009-11-14",,"62","53",
"USW00094789","JFK INTERNATIONAL AIRPORT, NY US","2009-11-15",,"67","52",
"USW00094789","JFK INTERNATIONAL AIRPORT, NY US","2009-11-16",,"60","49",
"USW00094789","JFK INTERNATIONAL AIRPORT, NY US","2009-11-17",,"56","42",
"USW00094789","JFK INTERNATIONAL AIRPORT, NY US","2009-11-18",,"56","40",
"USW00094789","JFK INTERNATIONAL AIRPORT, NY US","2009-11-19",,"61","45",
"USW00094789","JFK INTERNATIONAL AIRPORT, NY US","2009-11-20",,"61","49",
"USW00094789","JFK INTERNATIONAL AIRPORT, NY US","2009-11-21",,"58","44",
"USW00094789","JFK INTERNATIONAL AIRPORT, NY US","2009-11-22",,"56","44",
"USW00094789","JFK INTERNATIONAL AIRPORT, NY US","2009-11-23",,"52","44",
"USW00094789","JFK INTERNATIONAL AIRPORT, NY US","2009-11-24",,"58","48",
"USW00094789","JFK INTERNATIONAL AIRPORT, NY US","2009-11-25",,"51","49",
"USW00094789","JFK INTERNATIONAL AIRPORT, NY US","2009-11-26",,"59","50",
"USW00094789","JFK INTERNATIONAL AIRPORT, NY US","2009-11-27",,"52","44",
"USW00094789","JFK INTERNATIONAL AIRPORT, NY US","2009-11-28",,"53","43",
"USW00094789","JFK INTERNATIONAL AIRPORT, NY US","2009-11-29",,"55","39",
"USW00094789","JFK INTERNATIONAL AIRPORT, NY US","2009-11-30",,"55","41",
"USW00094789","JFK INTERNATIONAL AIRPORT, NY US","2009-12-01",,"48","36",
"USW00094789","JFK INTERNATIONAL AIRPORT, NY US","2009-12-02",,"57","35",
"USW00094789","JFK INTERNATIONAL AIRPORT, NY US","2009-12-03",,"66","50",
"USW00094789","JFK INTERNATIONAL AIRPORT, NY US","2009-12-04",,"53","44",
"USW00094789","JFK INTERNATIONAL AIRPORT, NY US","2009-12-05",,"47","34",
"USW00094789","JFK INTERNATIONAL AIRPORT, NY US","2009-12-06",,"40","33",
"USW00094789","JFK INTERNATIONAL AIRPORT, NY US","2009-12-07",,"41","31",
"USW00094789","JFK INTERNATIONAL AIRPORT, NY US","2009-12-08",,"46","35",
"USW00094789","JFK INTERNATIONAL AIRPORT, NY US","2009-12-09",,"57","36",
"USW00094789","JFK INTERNATIONAL AIRPORT, NY US","2009-12-10",,"48","28",
"USW00094789","JFK INTERNATIONAL AIRPORT, NY US","2009-12-11",,"31","23",
"USW00094789","JFK INTERNATIONAL AIRPORT, NY US","2009-12-12",,"38","27",
"USW00094789","JFK INTERNATIONAL AIRPORT, NY US","2009-12-13",,"52","29",
"USW00094789","JFK INTERNATIONAL AIRPORT, NY US","2009-12-14",,"47","39",
"USW00094789","JFK INTERNATIONAL AIRPORT, NY US","2009-12-15",,"53","42",
"USW00094789","JFK INTERNATIONAL AIRPORT, NY US","2009-12-16",,"43","28",
"USW00094789","JFK INTERNATIONAL AIRPORT, NY US","2009-12-17",,"32","21",
"USW00094789","JFK INTERNATIONAL AIRPORT, NY US","2009-12-18",,"31","17",
"USW00094789","JFK INTERNATIONAL AIRPORT, NY US","2009-12-19",,"29","22",
"USW00094789","JFK INTERNATIONAL AIRPORT, NY US","2009-12-20",,"33","22",
"USW00094789","JFK INTERNATIONAL AIRPORT, NY US","2009-12-21",,"36","28",
"USW00094789","JFK INTERNATIONAL AIRPORT, NY US","2009-12-22",,"36","24",
"USW00094789","JFK INTERNATIONAL AIRPORT, NY US","2009-12-23",,"30","20",
"USW00094789","JFK INTERNATIONAL AIRPORT, NY US","2009-12-24",,"38","22",
"USW00094789","JFK INTERNATIONAL AIRPORT, NY US","2009-12-25",,"40","34",
"USW00094789","JFK INTERNATIONAL AIRPORT, NY US","2009-12-26",,"52","37",
"USW00094789","JFK INTERNATIONAL AIRPORT, NY US","2009-12-27",,"54","35",
"USW00094789","JFK INTERNATIONAL AIRPORT, NY US","2009-12-28",,"44","30",
"USW00094789","JFK INTERNATIONAL AIRPORT, NY US","2009-12-29",,"31","16",
"USW00094789","JFK INTERNATIONAL AIRPORT, NY US","2009-12-30",,"32","18",
"USW00094789","JFK INTERNATIONAL AIRPORT, NY US","2009-12-31",,"35","29",
"USW00094789","JFK INTERNATIONAL AIRPORT, NY US","2010-01-01",,"41","32",
"USW00094789","JFK INTERNATIONAL AIRPORT, NY US","2010-01-02",,"33","17",
"USW00094789","JFK INTERNATIONAL AIRPORT, NY US","2010-01-03",,"24","18",
"USW00094789","JFK INTERNATIONAL AIRPORT, NY US","2010-01-04",,"32","20",
"USW00094789","JFK INTERNATIONAL AIRPORT, NY US","2010-01-05",,"32","21",
"USW00094789","JFK INTERNATIONAL AIRPORT, NY US","2010-01-06",,"36","26",
"USW00094789","JFK INTERNATIONAL AIRPORT, NY US","2010-01-07",,"40","29",
"USW00094789","JFK INTERNATIONAL AIRPORT, NY US","2010-01-08",,"33","23",
"USW00094789","JFK INTERNATIONAL AIRPORT, NY US","2010-01-09",,"32","19",
"USW00094789","JFK INTERNATIONAL AIRPORT, NY US","2010-01-10",,"30","14",
"USW00094789","JFK INTERNATIONAL AIRPORT, NY US","2010-01-11",,"32","21",
"USW00094789","JFK INTERNATIONAL AIRPORT, NY US","2010-01-12",,"37","24",
"USW00094789","JFK INTERNATIONAL AIRPORT, NY US","2010-01-13",,"36","24",
"USW00094789","JFK INTERNATIONAL AIRPORT, NY US","2010-01-14",,"39","25",
"USW00094789","JFK INTERNATIONAL AIRPORT, NY US","2010-01-15",,"50","27",
"USW00094789","JFK INTERNATIONAL AIRPORT, NY US","2010-01-16",,"49","33",
"USW00094789","JFK INTERNATIONAL AIRPORT, NY US","2010-01-17",,"42","31",
"USW00094789","JFK INTERNATIONAL AIRPORT, NY US","2010-01-18",,"50","36",
"USW00094789","JFK INTERNATIONAL AIRPORT, NY US","2010-01-19",,"46","33",
"USW00094789","JFK INTERNATIONAL AIRPORT, NY US","2010-01-20",,"44","33",
"USW00094789","JFK INTERNATIONAL AIRPORT, NY US","2010-01-21",,"43","29",
"USW00094789","JFK INTERNATIONAL AIRPORT, NY US","2010-01-22",,"45","32",
"USW00094789","JFK INTERNATIONAL AIRPORT, NY US","2010-01-23",,"42","26",
"USW00094789","JFK INTERNATIONAL AIRPORT, NY US","2010-01-24",,"49","27",
"USW00094789","JFK INTERNATIONAL AIRPORT, NY US","2010-01-25",,"53","45",
"USW00094789","JFK INTERNATIONAL AIRPORT, NY US","2010-01-26",,"47","35",
"USW00094789","JFK INTERNATIONAL AIRPORT, NY US","2010-01-27",,"42","30",
"USW00094789","JFK INTERNATIONAL AIRPORT, NY US","2010-01-28",,"43","20",
"USW00094789","JFK INTERNATIONAL AIRPORT, NY US","2010-01-29",,"25","16",
"USW00094789","JFK INTERNATIONAL AIRPORT, NY US","2010-01-30",,"20","14",
"USW00094789","JFK INTERNATIONAL AIRPORT, NY US","2010-01-31",,"30","15",
"USW00094789","JFK INTERNATIONAL AIRPORT, NY US","2010-02-01",,"37","25",
"USW00094789","JFK INTERNATIONAL AIRPORT, NY US","2010-02-02",,"33","25",
"USW00094789","JFK INTERNATIONAL AIRPORT, NY US","2010-02-03",,"40","28",
"USW00094789","JFK INTERNATIONAL AIRPORT, NY US","2010-02-04",,"38","29",
"USW00094789","JFK INTERNATIONAL AIRPORT, NY US","2010-02-05",,"37","29",
"USW00094789","JFK INTERNATIONAL AIRPORT, NY US","2010-02-06",,"33","21",
"USW00094789","JFK INTERNATIONAL AIRPORT, NY US","2010-02-07",,"35","16",
"USW00094789","JFK INTERNATIONAL AIRPORT, NY US","2010-02-08",,"39","23",
"USW00094789","JFK INTERNATIONAL AIRPORT, NY US","2010-02-09",,"40","28",
"USW00094789","JFK INTERNATIONAL AIRPORT, NY US","2010-02-10",,"33","30",
"USW00094789","JFK INTERNATIONAL AIRPORT, NY US","2010-02-11",,"37","28",
"USW00094789","JFK INTERNATIONAL AIRPORT, NY US","2010-02-12",,"36","25",
"USW00094789","JFK INTERNATIONAL AIRPORT, NY US","2010-02-13",,"32","24",
"USW00094789","JFK INTERNATIONAL AIRPORT, NY US","2010-02-14",,"39","27",
"USW00094789","JFK INTERNATIONAL AIRPORT, NY US","2010-02-15",,"37","27",
"USW00094789","JFK INTERNATIONAL AIRPORT, NY US","2010-02-16",,"34","30",
"USW00094789","JFK INTERNATIONAL AIRPORT, NY US","2010-02-17",,"34","26",
"USW00094789","JFK INTERNATIONAL AIRPORT, NY US","2010-02-18",,"40","31",
"USW00094789","JFK INTERNATIONAL AIRPORT, NY US","2010-02-19",,"43","35",
"USW00094789","JFK INTERNATIONAL AIRPORT, NY US","2010-02-20",,"45","35",
"USW00094789","JFK INTERNATIONAL AIRPORT, NY US","2010-02-21",,"47","33",
"USW00094789","JFK INTERNATIONAL AIRPORT, NY US","2010-02-22",,"44","28",
"USW00094789","JFK INTERNATIONAL AIRPORT, NY US","2010-02-23",,"39","36",
"USW00094789","JFK INTERNATIONAL AIRPORT, NY US","2010-02-24",,"42","38",
"USW00094789","JFK INTERNATIONAL AIRPORT, NY US","2010-02-25",,"38","28",
"USW00094789","JFK INTERNATIONAL AIRPORT, NY US","2010-02-26",,"34","25",
"USW00094789","JFK INTERNATIONAL AIRPORT, NY US","2010-02-27",,"37","29",
"USW00094789","JFK INTERNATIONAL AIRPORT, NY US","2010-02-28",,"40","30",
"USW00094789","JFK INTERNATIONAL AIRPORT, NY US","2010-03-01",,"49","36",
"USW00094789","JFK INTERNATIONAL AIRPORT, NY US","2010-03-02",,"47","34",
"USW00094789","JFK INTERNATIONAL AIRPORT, NY US","2010-03-03",,"41","34",
"USW00094789","JFK INTERNATIONAL AIRPORT, NY US","2010-03-04",,"49","36",
"USW00094789","JFK INTERNATIONAL AIRPORT, NY US","2010-03-05",,"49","34",
"USW00094789","JFK INTERNATIONAL AIRPORT, NY US","2010-03-06",,"55","31",
"USW00094789","JFK INTERNATIONAL AIRPORT, NY US","2010-03-07",,"59","35",
"USW00094789","JFK INTERNATIONAL AIRPORT, NY US","2010-03-08",,"63","39",
"USW00094789","JFK INTERNATIONAL AIRPORT, NY US","2010-03-09",,"62","40",
"USW00094789","JFK INTERNATIONAL AIRPORT, NY US","2010-03-10",,"54","37",
"USW00094789","JFK INTERNATIONAL AIRPORT, NY US","2010-03-11",,"53","43",
"USW00094789","JFK INTERNATIONAL AIRPORT, NY US","2010-03-12",,"48","42",
"USW00094789","JFK INTERNATIONAL AIRPORT, NY US","2010-03-13",,"52","40",
"USW00094789","JFK INTERNATIONAL AIRPORT, NY US","2010-03-14",,"50","42",
"USW00094789","JFK INTERNATIONAL AIRPORT, NY US","2010-03-15",,"45","42",
"USW00094789","JFK INTERNATIONAL AIRPORT, NY US","2010-03-16",,"63","41",
"USW00094789","JFK INTERNATIONAL AIRPORT, NY US","2010-03-17",,"63","37",
"USW00094789","JFK INTERNATIONAL AIRPORT, NY US","2010-03-18",,"66","40",
"USW00094789","JFK INTERNATIONAL AIRPORT, NY US","2010-03-19",,"69","42",
"USW00094789","JFK INTERNATIONAL AIRPORT, NY US","2010-03-20",,"70","45",
"USW00094789","JFK INTERNATIONAL AIRPORT, NY US","2010-03-21",,"58","45",
"USW00094789","JFK INTERNATIONAL AIRPORT, NY US","2010-03-22",,"57","48",
"USW00094789","JFK INTERNATIONAL AIRPORT, NY US","2010-03-23",,"51","45",
"USW00094789","JFK INTERNATIONAL AIRPORT, NY US","2010-03-24",,"62","43",
"USW00094789","JFK INTERNATIONAL AIRPORT, NY US","2010-03-25",,"54","41",
"USW00094789","JFK INTERNATIONAL AIRPORT, NY US","2010-03-26",,"55","34",
"USW00094789","JFK INTERNATIONAL AIRPORT, NY US","2010-03-27",,"40","29",
"USW00094789","JFK INTERNATIONAL AIRPORT, NY US","2010-03-28",,"48","35",
"USW00094789","JFK INTERNATIONAL AIRPORT, NY US","2010-03-29",,"52","47",
"USW00094789","JFK INTERNATIONAL AIRPORT, NY US","2010-03-30",,"52","43",
"USW00094789","JFK INTERNATIONAL AIRPORT, NY US","2010-03-31",,"59","44",
"USW00094789","JFK INTERNATIONAL AIRPORT, NY US","2010-04-01",,"63","45",
"USW00094789","JFK INTERNATIONAL AIRPORT, NY US","2010-04-02",,"61","42",
"USW00094789","JFK INTERNATIONAL AIRPORT, NY US","2010-04-03",,"51","44",
"USW00094789","JFK INTERNATIONAL AIRPORT, NY US","2010-04-04",,"73","47",
"USW00094789","JFK INTERNATIONAL AIRPORT, NY US","2010-04-05",,"68","52",
"USW00094789","JFK INTERNATIONAL AIRPORT, NY US","2010-04-06",,"73","51",
"USW00094789","JFK INTERNATIONAL AIRPORT, NY US","2010-04-07",,"87","52",
"USW00094789","JFK INTERNATIONAL AIRPORT, NY US","2010-04-08",,"69","53",
"USW00094789","JFK INTERNATIONAL AIRPORT, NY US","2010-04-09",,"62","46",
"USW00094789","JFK INTERNATIONAL AIRPORT, NY US","2010-04-10",,"62","42",
"USW00094789","JFK INTERNATIONAL AIRPORT, NY US","2010-04-11",,"73","46",
"USW00094789","JFK INTERNATIONAL AIRPORT, NY US","2010-04-12",,"67","46",
"USW00094789","JFK INTERNATIONAL AIRPORT, NY US","2010-04-13",,"55","45",
"USW00094789","JFK INTERNATIONAL AIRPORT, NY US","2010-04-14",,"65","43",
"USW00094789","JFK INTERNATIONAL AIRPORT, NY US","2010-04-15",,"73","49",
"USW00094789","JFK INTERNATIONAL AIRPORT, NY US","2010-04-16",,"52","46",
"USW00094789","JFK INTERNATIONAL AIRPORT, NY US","2010-04-17",,"55","46",
"USW00094789","JFK INTERNATIONAL AIRPORT, NY US","2010-04-18",,"58","44",
"USW00094789","JFK INTERNATIONAL AIRPORT, NY US","2010-04-19",,"63","47",
"USW00094789","JFK INTERNATIONAL AIRPORT, NY US","2010-04-20",,"67","48",
"USW00094789","JFK INTERNATIONAL AIRPORT, NY US","2010-04-21",,"64","47",
"USW00094789","JFK INTERNATIONAL AIRPORT, NY US","2010-04-22",,"66","50",
"USW00094789","JFK INTERNATIONAL AIRPORT, NY US","2010-04-23",,"69","44",
"USW00094789","JFK INTERNATIONAL AIRPORT, NY US","2010-04-24",,"63","48",
"USW00094789","JFK INTERNATIONAL AIRPORT, NY US","2010-04-25",,"52","46",
"USW00094789","JFK INTERNATIONAL AIRPORT, NY US","2010-04-26",,"53","49",
"USW00094789","JFK INTERNATIONAL AIRPORT, NY US","2010-04-27",,"60","42",
"USW00094789","JFK INTERNATIONAL AIRPORT, NY US","2010-04-28",,"57","40",
"USW00094789","JFK INTERNATIONAL AIRPORT, NY US","2010-04-29",,"71","47",
"USW00094789","JFK INTERNATIONAL AIRPORT, NY US","2010-04-30",,"74","50",
"USW00094789","JFK INTERNATIONAL AIRPORT, NY US","2010-05-01",,"80","54",
"USW00094789","JFK INTERNATIONAL AIRPORT, NY US","2010-05-02",,"75","58",
"USW00094789","JFK INTERNATIONAL AIRPORT, NY US","2010-05-03",,"80","61",
"USW00094789","JFK INTERNATIONAL AIRPORT, NY US","2010-05-04",,"81","58",
"USW00094789","JFK INTERNATIONAL AIRPORT, NY US","2010-05-05",,"75","54",
"USW00094789","JFK INTERNATIONAL AIRPORT, NY US","2010-05-06",,"80","54",
"USW00094789","JFK INTERNATIONAL AIRPORT, NY US","2010-05-07",,"68","53",
"USW00094789","JFK INTERNATIONAL AIRPORT, NY US","2010-05-08",,"78","51",
"USW00094789","JFK INTERNATIONAL AIRPORT, NY US","2010-05-09",,"56","45",
"USW00094789","JFK INTERNATIONAL AIRPORT, NY US","2010-05-10",,"62","42",
"USW00094789","JFK INTERNATIONAL AIRPORT, NY US","2010-05-11",,"57","43",
"USW00094789","JFK INTERNATIONAL AIRPORT, NY US","2010-05-12",,"49","45",
"USW00094789","JFK INTERNATIONAL AIRPORT, NY US","2010-05-13",,"63","43",
"USW00094789","JFK INTERNATIONAL AIRPORT, NY US","2010-05-14",,"77","52",
"USW00094789","JFK INTERNATIONAL AIRPORT, NY US","2010-05-15",,"75","60",
"USW00094789","JFK INTERNATIONAL AIRPORT, NY US","2010-05-16",,"74","55",
"USW00094789","JFK INTERNATIONAL AIRPORT, NY US","2010-05-17",,"75","52",
"USW00094789","JFK INTERNATIONAL AIRPORT, NY US","2010-05-18",,"59","51",
"USW00094789","JFK INTERNATIONAL AIRPORT, NY US","2010-05-19",,"67","51",
"USW00094789","JFK INTERNATIONAL AIRPORT, NY US","2010-05-20",,"72","55",
"USW00094789","JFK INTERNATIONAL AIRPORT, NY US","2010-05-21",,"85","58",
"USW00094789","JFK INTERNATIONAL AIRPORT, NY US","2010-05-22",,"70","58",
"USW00094789","JFK INTERNATIONAL AIRPORT, NY US","2010-05-23",,"73","63",
"USW00094789","JFK INTERNATIONAL AIRPORT, NY US","2010-05-24",,"73","60",
"USW00094789","JFK INTERNATIONAL AIRPORT, NY US","2010-05-25",,"74","57",
"USW00094789","JFK INTERNATIONAL AIRPORT, NY US","2010-05-26",,"91","61",
"USW00094789","JFK INTERNATIONAL AIRPORT, NY US","2010-05-27",,"84","56",
"USW00094789","JFK INTERNATIONAL AIRPORT, NY US","2010-05-28",,"68","56",
"USW00094789","JFK INTERNATIONAL AIRPORT, NY US","2010-05-29",,"70","59",
"USW00094789","JFK INTERNATIONAL AIRPORT, NY US","2010-05-30",,"88","65",
"USW00094789","JFK INTERNATIONAL AIRPORT, NY US","2010-05-31",,"84","66",
"USW00094789","JFK INTERNATIONAL AIRPORT, NY US","2010-06-01",,"87","65",
"USW00094789","JFK INTERNATIONAL AIRPORT, NY US","2010-06-02",,"81","64",
"USW00094789","JFK INTERNATIONAL AIRPORT, NY US","2010-06-03",,"88","64",
"USW00094789","JFK INTERNATIONAL AIRPORT, NY US","2010-06-04",,"88","70",
"USW00094789","JFK INTERNATIONAL AIRPORT, NY US","2010-06-05",,"90","70",
"USW00094789","JFK INTERNATIONAL AIRPORT, NY US","2010-06-06",,"89","62",
"USW00094789","JFK INTERNATIONAL AIRPORT, NY US","2010-06-07",,"79","58",
"USW00094789","JFK INTERNATIONAL AIRPORT, NY US","2010-06-08",,"76","59",
"USW00094789","JFK INTERNATIONAL AIRPORT, NY US","2010-06-09",,"68","53",
"USW00094789","JFK INTERNATIONAL AIRPORT, NY US","2010-06-10",,"75","58",
"USW00094789","JFK INTERNATIONAL AIRPORT, NY US","2010-06-11",,"71","58",
"USW00094789","JFK INTERNATIONAL AIRPORT, NY US","2010-06-12",,"74","61",
"USW00094789","JFK INTERNATIONAL AIRPORT, NY US","2010-06-13",,"80","66",
"USW00094789","JFK INTERNATIONAL AIRPORT, NY US","2010-06-14",,"74","65",
"USW00094789","JFK INTERNATIONAL AIRPORT, NY US","2010-06-15",,"79","62",
"USW00094789","JFK INTERNATIONAL AIRPORT, NY US","2010-06-16",,"74","60",
"USW00094789","JFK INTERNATIONAL AIRPORT, NY US","2010-06-17",,"78","66",
"USW00094789","JFK INTERNATIONAL AIRPORT, NY US","2010-06-18",,"83","62",
"USW00094789","JFK INTERNATIONAL AIRPORT, NY US","2010-06-19",,"77","61",
"USW00094789","JFK INTERNATIONAL AIRPORT, NY US","2010-06-20",,"91","68",
"USW00094789","JFK INTERNATIONAL AIRPORT, NY US","2010-06-21",,"91","74",
"USW00094789","JFK INTERNATIONAL AIRPORT, NY US","2010-06-22",,"84","71",
"USW00094789","JFK INTERNATIONAL AIRPORT, NY US","2010-06-23",,"94","71",
"USW00094789","JFK INTERNATIONAL AIRPORT, NY US","2010-06-24",,"97","76",
"USW00094789","JFK INTERNATIONAL AIRPORT, NY US","2010-06-25",,"85","71",
"USW00094789","JFK INTERNATIONAL AIRPORT, NY US","2010-06-26",,"91","69",
"USW00094789","JFK INTERNATIONAL AIRPORT, NY US","2010-06-27",,"87","72",
"USW00094789","JFK INTERNATIONAL AIRPORT, NY US","2010-06-28",,"98","76",
"USW00094789","JFK INTERNATIONAL AIRPORT, NY US","2010-06-29",,"93","71",
"USW00094789","JFK INTERNATIONAL AIRPORT, NY US","2010-06-30",,"81","64",
"USW00094789","JFK INTERNATIONAL AIRPORT, NY US","2010-07-01",,"81","64",
"USW00094789","JFK INTERNATIONAL AIRPORT, NY US","2010-07-02",,"83","62",
"USW00094789","JFK INTERNATIONAL AIRPORT, NY US","2010-07-03",,"87","66",
"USW00094789","JFK INTERNATIONAL AIRPORT, NY US","2010-07-04",,"101","69",
"USW00094789","JFK INTERNATIONAL AIRPORT, NY US","2010-07-05",,"97","71",
"USW00094789","JFK INTERNATIONAL AIRPORT, NY US","2010-07-06",,"101","75",
"USW00094789","JFK INTERNATIONAL AIRPORT, NY US","2010-07-07",,"100","77",
"USW00094789","JFK INTERNATIONAL AIRPORT, NY US","2010-07-08",,"87","76",
"USW00094789","JFK INTERNATIONAL AIRPORT, NY US","2010-07-09",,"87","74",
"USW00094789","JFK INTERNATIONAL AIRPORT, NY US","2010-07-10",,"83","74",
"USW00094789","JFK INTERNATIONAL AIRPORT, NY US","2010-07-11",,"90","73",
"USW00094789","JFK INTERNATIONAL AIRPORT, NY US","2010-07-12",,"90","71",
"USW00094789","JFK INTERNATIONAL AIRPORT, NY US","2010-07-13",,"83","74",
"USW00094789","JFK INTERNATIONAL AIRPORT, NY US","2010-07-14",,"82","74",
"USW00094789","JFK INTERNATIONAL AIRPORT, NY US","2010-07-15",,"86","73",
"USW00094789","JFK INTERNATIONAL AIRPORT, NY US","2010-07-16",,"87","74",
"USW00094789","JFK INTERNATIONAL AIRPORT, NY US","2010-07-17",,"93","79",
"USW00094789","JFK INTERNATIONAL AIRPORT, NY US","2010-07-18",,"95","77",
"USW00094789","JFK INTERNATIONAL AIRPORT, NY US","2010-07-19",,"88","74",
"USW00094789","JFK INTERNATIONAL AIRPORT, NY US","2010-07-20",,"89","75",
"USW00094789","JFK INTERNATIONAL AIRPORT, NY US","2010-07-21",,"90","76",
"USW00094789","JFK INTERNATIONAL AIRPORT, NY US","2010-07-22",,"91","75",
"USW00094789","JFK INTERNATIONAL AIRPORT, NY US","2010-07-23",,"84","74",
"USW00094789","JFK INTERNATIONAL AIRPORT, NY US","2010-07-24",,"97","80",
"USW00094789","JFK INTERNATIONAL AIRPORT, NY US","2010-07-25",,"93","74",
"USW00094789","JFK INTERNATIONAL AIRPORT, NY US","2010-07-26",,"89","68",
"USW00094789","JFK INTERNATIONAL AIRPORT, NY US","2010-07-27",,"90","71",
"USW00094789","JFK INTERNATIONAL AIRPORT, NY US","2010-07-28",,"86","71",
"USW00094789","JFK INTERNATIONAL AIRPORT, NY US","2010-07-29",,"87","74",
"USW00094789","JFK INTERNATIONAL AIRPORT, NY US","2010-07-30",,"80","68",
"USW00094789","JFK INTERNATIONAL AIRPORT, NY US","2010-07-31",,"81","64",
"USW00094789","JFK INTERNATIONAL AIRPORT, NY US","2010-08-01",,"80","69",
"USW00094789","JFK INTERNATIONAL AIRPORT, NY US","2010-08-02",,"81","68",
"USW00094789","JFK INTERNATIONAL AIRPORT, NY US","2010-08-03",,"83","71",
"USW00094789","JFK INTERNATIONAL AIRPORT, NY US","2010-08-04",,"85","73",
"USW00094789","JFK INTERNATIONAL AIRPORT, NY US","2010-08-05",,"96","74",
"USW00094789","JFK INTERNATIONAL AIRPORT, NY US","2010-08-06",,"91","69",
"USW00094789","JFK INTERNATIONAL AIRPORT, NY US","2010-08-07",,"83","64",
"USW00094789","JFK INTERNATIONAL AIRPORT, NY US","2010-08-08",,"86","70",
"USW00094789","JFK INTERNATIONAL AIRPORT, NY US","2010-08-09",,"87","72",
"USW00094789","JFK INTERNATIONAL AIRPORT, NY US","2010-08-10",,"89","75",
"USW00094789","JFK INTERNATIONAL AIRPORT, NY US","2010-08-11",,"93","75",
"USW00094789","JFK INTERNATIONAL AIRPORT, NY US","2010-08-12",,"76","70",
"USW00094789","JFK INTERNATIONAL AIRPORT, NY US","2010-08-13",,"80","68",
"USW00094789","JFK INTERNATIONAL AIRPORT, NY US","2010-08-14",,"78","62",
"USW00094789","JFK INTERNATIONAL AIRPORT, NY US","2010-08-15",,"79","69",
"USW00094789","JFK INTERNATIONAL AIRPORT, NY US","2010-08-16",,"84","71",
"USW00094789","JFK INTERNATIONAL AIRPORT, NY US","2010-08-17",,"90","73",
"USW00094789","JFK INTERNATIONAL AIRPORT, NY US","2010-08-18",,"81","71",
"USW00094789","JFK INTERNATIONAL AIRPORT, NY US","2010-08-19",,"86","67",
"USW00094789","JFK INTERNATIONAL AIRPORT, NY US","2010-08-20",,"92","72",
"USW00094789","JFK INTERNATIONAL AIRPORT, NY US","2010-08-21",,"83","67",
"USW00094789","JFK INTERNATIONAL AIRPORT, NY US","2010-08-22",,"79","69",
"USW00094789","JFK INTERNATIONAL AIRPORT, NY US","2010-08-23",,"71","65",
"USW00094789","JFK INTERNATIONAL AIRPORT, NY US","2010-08-24",,"70","64",
"USW00094789","JFK INTERNATIONAL AIRPORT, NY US","2010-08-25",,"70","64",
"USW00094789","JFK INTERNATIONAL AIRPORT, NY US","2010-08-26",,"84","67",
"USW00094789","JFK INTERNATIONAL AIRPORT, NY US","2010-08-27",,"80","61",
"USW00094789","JFK INTERNATIONAL AIRPORT, NY US","2010-08-28",,"83","61",
"USW00094789","JFK INTERNATIONAL AIRPORT, NY US","2010-08-29",,"93","63",
"USW00094789","JFK INTERNATIONAL AIRPORT, NY US","2010-08-30",,"92","68",
"USW00094789","JFK INTERNATIONAL AIRPORT, NY US","2010-08-31",,"97","72",
"USW00094789","JFK INTERNATIONAL AIRPORT, NY US","2010-09-01",,"92","73",
"USW00094789","JFK INTERNATIONAL AIRPORT, NY US","2010-09-02",,"86","73",
"USW00094789","JFK INTERNATIONAL AIRPORT, NY US","2010-09-03",,"85","73",
"USW00094789","JFK INTERNATIONAL AIRPORT, NY US","2010-09-04",,"82","65",
"USW00094789","JFK INTERNATIONAL AIRPORT, NY US","2010-09-05",,"78","62",
"USW00094789","JFK INTERNATIONAL AIRPORT, NY US","2010-09-06",,"77","59",
"USW00094789","JFK INTERNATIONAL AIRPORT, NY US","2010-09-07",,"82","66",
"USW00094789","JFK INTERNATIONAL AIRPORT, NY US","2010-09-08",,"92","66",
"USW00094789","JFK INTERNATIONAL AIRPORT, NY US","2010-09-09",,"74","63",
"USW00094789","JFK INTERNATIONAL AIRPORT, NY US","2010-09-10",,"76","61",
"USW00094789","JFK INTERNATIONAL AIRPORT, NY US","2010-09-11",,"79","58",
"USW00094789","JFK INTERNATIONAL AIRPORT, NY US","2010-09-12",,"68","56",
"USW00094789","JFK INTERNATIONAL AIRPORT, NY US","2010-09-13",,"76","55",
"USW00094789","JFK INTERNATIONAL AIRPORT, NY US","2010-09-14",,"79","60",
"USW00094789","JFK INTERNATIONAL AIRPORT, NY US","2010-09-15",,"73","56",
"USW00094789","JFK INTERNATIONAL AIRPORT, NY US","2010-09-16",,"73","53",
"USW00094789","JFK INTERNATIONAL AIRPORT, NY US","2010-09-17",,"75","61",
"USW00094789","JFK INTERNATIONAL AIRPORT, NY US","2010-09-18",,"73","61",
"USW00094789","JFK INTERNATIONAL AIRPORT, NY US","2010-09-19",,"77","60",
"USW00094789","JFK INTERNATIONAL AIRPORT, NY US","2010-09-20",,"74","59",
"USW00094789","JFK INTERNATIONAL AIRPORT, NY US","2010-09-21",,"70","53",
"USW00094789","JFK INTERNATIONAL AIRPORT, NY US","2010-09-22",,"80","64",
"USW00094789","JFK INTERNATIONAL AIRPORT, NY US","2010-09-23",,"80","66",
"USW00094789","JFK INTERNATIONAL AIRPORT, NY US","2010-09-24",,"77","68",
"USW00094789","JFK INTERNATIONAL AIRPORT, NY US","2010-09-25",,"87","67",
"USW00094789","JFK INTERNATIONAL AIRPORT, NY US","2010-09-26",,"75","63",
"USW00094789","JFK INTERNATIONAL AIRPORT, NY US","2010-09-27",,"73","62",
"USW00094789","JFK INTERNATIONAL AIRPORT, NY US","2010-09-28",,"74","69",
"USW00094789","JFK INTERNATIONAL AIRPORT, NY US","2010-09-29",,"78","63",
"USW00094789","JFK INTERNATIONAL AIRPORT, NY US","2010-09-30",,"77","70",
"USW00094789","JFK INTERNATIONAL AIRPORT, NY US","2010-10-01",,"75","58",
"USW00094789","JFK INTERNATIONAL AIRPORT, NY US","2010-10-02",,"68","52",
"USW00094789","JFK INTERNATIONAL AIRPORT, NY US","2010-10-03",,"64","52",
"USW00094789","JFK INTERNATIONAL AIRPORT, NY US","2010-10-04",,"57","53",
"USW00094789","JFK INTERNATIONAL AIRPORT, NY US","2010-10-05",,"65","56",
"USW00094789","JFK INTERNATIONAL AIRPORT, NY US","2010-10-06",,"65","55",
"USW00094789","JFK INTERNATIONAL AIRPORT, NY US","2010-10-07",,"73","53",
"USW00094789","JFK INTERNATIONAL AIRPORT, NY US","2010-10-08",,"73","54",
"USW00094789","JFK INTERNATIONAL AIRPORT, NY US","2010-10-09",,"74","52",
"USW00094789","JFK INTERNATIONAL AIRPORT, NY US","2010-10-10",,"69","44",
"USW00094789","JFK INTERNATIONAL AIRPORT, NY US","2010-10-11",,"75","55",
"USW00094789","JFK INTERNATIONAL AIRPORT, NY US","2010-10-12",,"71","54",
"USW00094789","JFK INTERNATIONAL AIRPORT, NY US","2010-10-13",,"66","48",
"USW00094789","JFK INTERNATIONAL AIRPORT, NY US","2010-10-14",,"65","47",
"USW00094789","JFK INTERNATIONAL AIRPORT, NY US","2010-10-15",,"60","50",
"USW00094789","JFK INTERNATIONAL AIRPORT, NY US","2010-10-16",,"61","51",
"USW00094789","JFK INTERNATIONAL AIRPORT, NY US","2010-10-17",,"71","48",
"USW00094789","JFK INTERNATIONAL AIRPORT, NY US","2010-10-18",,"62","49",
"USW00094789","JFK INTERNATIONAL AIRPORT, NY US","2010-10-19",,"59","48",
"USW00094789","JFK INTERNATIONAL AIRPORT, NY US","2010-10-20",,"60","46",
"USW00094789","JFK INTERNATIONAL AIRPORT, NY US","2010-10-21",,"65","50",
"USW00094789","JFK INTERNATIONAL AIRPORT, NY US","2010-10-22",,"55","47",
"USW00094789","JFK INTERNATIONAL AIRPORT, NY US","2010-10-23",,"65","45",
"USW00094789","JFK INTERNATIONAL AIRPORT, NY US","2010-10-24",,"66","52",
"USW00094789","JFK INTERNATIONAL AIRPORT, NY US","2010-10-25",,"69","52",
"USW00094789","JFK INTERNATIONAL AIRPORT, NY US","2010-10-26",,"69","60",
"USW00094789","JFK INTERNATIONAL AIRPORT, NY US","2010-10-27",,"67","63",
"USW00094789","JFK INTERNATIONAL AIRPORT, NY US","2010-10-28",,"76","54",
"USW00094789","JFK INTERNATIONAL AIRPORT, NY US","2010-10-29",,"59","48",
"USW00094789","JFK INTERNATIONAL AIRPORT, NY US","2010-10-30",,"58","43",
"USW00094789","JFK INTERNATIONAL AIRPORT, NY US","2010-10-31",,"62","42",
"USW00094789","JFK INTERNATIONAL AIRPORT, NY US","2010-11-01",,"50","37",
"USW00094789","JFK INTERNATIONAL AIRPORT, NY US","2010-11-02",,"52","36",
"USW00094789","JFK INTERNATIONAL AIRPORT, NY US","2010-11-03",,"53","36",
"USW00094789","JFK INTERNATIONAL AIRPORT, NY US","2010-11-04",,"51","46",
"USW00094789","JFK INTERNATIONAL AIRPORT, NY US","2010-11-05",,"55","45",
"USW00094789","JFK INTERNATIONAL AIRPORT, NY US","2010-11-06",,"53","40",
"USW00094789","JFK INTERNATIONAL AIRPORT, NY US","2010-11-07",,"52","38",
"USW00094789","JFK INTERNATIONAL AIRPORT, NY US","2010-11-08",,"46","41",
"USW00094789","JFK INTERNATIONAL AIRPORT, NY US","2010-11-09",,"55","41",
"USW00094789","JFK INTERNATIONAL AIRPORT, NY US","2010-11-10",,"58","46",
"USW00094789","JFK INTERNATIONAL AIRPORT, NY US","2010-11-11",,"57","41",
"USW00094789","JFK INTERNATIONAL AIRPORT, NY US","2010-11-12",,"65","40",
"USW00094789","JFK INTERNATIONAL AIRPORT, NY US","2010-11-13",,"66","43",
"USW00094789","JFK INTERNATIONAL AIRPORT, NY US","2010-11-14",,"61","37",
"USW00094789","JFK INTERNATIONAL AIRPORT, NY US","2010-11-15",,"60","47",
"USW00094789","JFK INTERNATIONAL AIRPORT, NY US","2010-11-16",,"59","51",
"USW00094789","JFK INTERNATIONAL AIRPORT, NY US","2010-11-17",,"62","51",
"USW00094789","JFK INTERNATIONAL AIRPORT, NY US","2010-11-18",,"56","45",
"USW00094789","JFK INTERNATIONAL AIRPORT, NY US","2010-11-19",,"50","38",
"USW00094789","JFK INTERNATIONAL AIRPORT, NY US","2010-11-20",,"56","39",
"USW00094789","JFK INTERNATIONAL AIRPORT, NY US","2010-11-21",,"49","36",
"USW00094789","JFK INTERNATIONAL AIRPORT, NY US","2010-11-22",,"60","45",
"USW00094789","JFK INTERNATIONAL AIRPORT, NY US","2010-11-23",,"60","50",
"USW00094789","JFK INTERNATIONAL AIRPORT, NY US","2010-11-24",,"51","41",
"USW00094789","JFK INTERNATIONAL AIRPORT, NY US","2010-11-25",,"50","38",
"USW00094789","JFK INTERNATIONAL AIRPORT, NY US","2010-11-26",,"54","40",
"USW00094789","JFK INTERNATIONAL AIRPORT, NY US","2010-11-27",,"44","35",
"USW00094789","JFK INTERNATIONAL AIRPORT, NY US","2010-11-28",,"47","34",
"USW00094789","JFK INTERNATIONAL AIRPORT, NY US","2010-11-29",,"48","31",
"USW00094789","JFK INTERNATIONAL AIRPORT, NY US","2010-11-30",,"56","47",
"USW00094789","JFK INTERNATIONAL AIRPORT, NY US","2010-12-01",,"59","40",
"USW00094789","JFK INTERNATIONAL AIRPORT, NY US","2010-12-02",,"44","34",
"USW00094789","JFK INTERNATIONAL AIRPORT, NY US","2010-12-03",,"42","34",
"USW00094789","JFK INTERNATIONAL AIRPORT, NY US","2010-12-04",,"43","33",
"USW00094789","JFK INTERNATIONAL AIRPORT, NY US","2010-12-05",,"37","31",
"USW00094789","JFK INTERNATIONAL AIRPORT, NY US","2010-12-06",,"36","31",
"USW00094789","JFK INTERNATIONAL AIRPORT, NY US","2010-12-07",,"39","31",
"USW00094789","JFK INTERNATIONAL AIRPORT, NY US","2010-12-08",,"36","28",
"USW00094789","JFK INTERNATIONAL AIRPORT, NY US","2010-12-09",,"32","22",
"USW00094789","JFK INTERNATIONAL AIRPORT, NY US","2010-12-10",,"38","19",
"USW00094789","JFK INTERNATIONAL AIRPORT, NY US","2010-12-11",,"44","27",
"USW00094789","JFK INTERNATIONAL AIRPORT, NY US","2010-12-12",,"56","42",
"USW00094789","JFK INTERNATIONAL AIRPORT, NY US","2010-12-13",,"50","22",
"USW00094789","JFK INTERNATIONAL AIRPORT, NY US","2010-12-14",,"25","19",
"USW00094789","JFK INTERNATIONAL AIRPORT, NY US","2010-12-15",,"30","20",
"USW00094789","JFK INTERNATIONAL AIRPORT, NY US","2010-12-16",,"30","24",
"USW00094789","JFK INTERNATIONAL AIRPORT, NY US","2010-12-17",,"38","22",
"USW00094789","JFK INTERNATIONAL AIRPORT, NY US","2010-12-18",,"37","25",
"USW00094789","JFK INTERNATIONAL AIRPORT, NY US","2010-12-19",,"38","28",
"USW00094789","JFK INTERNATIONAL AIRPORT, NY US","2010-12-20",,"39","26",
"USW00094789","JFK INTERNATIONAL AIRPORT, NY US","2010-12-21",,"43","29",
"USW00094789","JFK INTERNATIONAL AIRPORT, NY US","2010-12-22",,"41","29",
"USW00094789","JFK INTERNATIONAL AIRPORT, NY US","2010-12-23",,"37","31",
"USW00094789","JFK INTERNATIONAL AIRPORT, NY US","2010-12-24",,"42","30",
"USW00094789","JFK INTERNATIONAL AIRPORT, NY US","2010-12-25",,"33","26",
"USW00094789","JFK INTERNATIONAL AIRPORT, NY US","2010-12-26",,"31","22",
"USW00094789","JFK INTERNATIONAL AIRPORT, NY US","2010-12-27",,"27","21",
"USW00094789","JFK INTERNATIONAL AIRPORT, NY US","2010-12-28",,"38","23",
"USW00094789","JFK INTERNATIONAL AIRPORT, NY US","2010-12-29",,"38","28",
"USW00094789","JFK INTERNATIONAL AIRPORT, NY US","2010-12-30",,"39","20",
"USW00094789","JFK INTERNATIONAL AIRPORT, NY US","2010-12-31",,"40","30",
"USW00094789","JFK INTERNATIONAL AIRPORT, NY US","2011-01-01",,"43","33",
"USW00094789","JFK INTERNATIONAL AIRPORT, NY US","2011-01-02",,"49","36",
"USW00094789","JFK INTERNATIONAL AIRPORT, NY US","2011-01-03",,"36","28",
"USW00094789","JFK INTERNATIONAL AIRPORT, NY US","2011-01-04",,"38","28",
"USW00094789","JFK INTERNATIONAL AIRPORT, NY US","2011-01-05",,"40","28",
"USW00094789","JFK INTERNATIONAL AIRPORT, NY US","2011-01-06",,"34","23",
"USW00094789","JFK INTERNATIONAL AIRPORT, NY US","2011-01-07",,"36","25",
"USW00094789","JFK INTERNATIONAL AIRPORT, NY US","2011-01-08",,"32","20",
"USW00094789","JFK INTERNATIONAL AIRPORT, NY US","2011-01-09",,"33","27",
"USW00094789","JFK INTERNATIONAL AIRPORT, NY US","2011-01-10",,"36","25",
"USW00094789","JFK INTERNATIONAL AIRPORT, NY US","2011-01-11",,"32","23",
"USW00094789","JFK INTERNATIONAL AIRPORT, NY US","2011-01-12",,"32","24",
"USW00094789","JFK INTERNATIONAL AIRPORT, NY US","2011-01-13",,"31","18",
"USW00094789","JFK INTERNATIONAL AIRPORT, NY US","2011-01-14",,"30","15",
"USW00094789","JFK INTERNATIONAL AIRPORT, NY US","2011-01-15",,"36","21",
"USW00094789","JFK INTERNATIONAL AIRPORT, NY US","2011-01-16",,"36","26",
"USW00094789","JFK INTERNATIONAL AIRPORT, NY US","2011-01-17",,"27","20",
"USW00094789","JFK INTERNATIONAL AIRPORT, NY US","2011-01-18",,"45","24",
"USW00094789","JFK INTERNATIONAL AIRPORT, NY US","2011-01-19",,"42","34",
"USW00094789","JFK INTERNATIONAL AIRPORT, NY US","2011-01-20",,"36","30",
"USW00094789","JFK INTERNATIONAL AIRPORT, NY US","2011-01-21",,"34","19",
"USW00094789","JFK INTERNATIONAL AIRPORT, NY US","2011-01-22",,"25","14",
"USW00094789","JFK INTERNATIONAL AIRPORT, NY US","2011-01-23",,"25","12",
"USW00094789","JFK INTERNATIONAL AIRPORT, NY US","2011-01-24",,"25","6",
"USW00094789","JFK INTERNATIONAL AIRPORT, NY US","2011-01-25",,"35","24",
"USW00094789","JFK INTERNATIONAL AIRPORT, NY US","2011-01-26",,"34","25",
"USW00094789","JFK INTERNATIONAL AIRPORT, NY US","2011-01-27",,"37","26",
"USW00094789","JFK INTERNATIONAL AIRPORT, NY US","2011-01-28",,"35","23",
"USW00094789","JFK INTERNATIONAL AIRPORT, NY US","2011-01-29",,"34","23",
"USW00094789","JFK INTERNATIONAL AIRPORT, NY US","2011-01-30",,"39","24",
"USW00094789","JFK INTERNATIONAL AIRPORT, NY US","2011-01-31",,"32","20",
"USW00094789","JFK INTERNATIONAL AIRPORT, NY US","2011-02-01",,"33","25",
"USW00094789","JFK INTERNATIONAL AIRPORT, NY US","2011-02-02",,"39","27",
"USW00094789","JFK INTERNATIONAL AIRPORT, NY US","2011-02-03",,"34","24",
"USW00094789","JFK INTERNATIONAL AIRPORT, NY US","2011-02-04",,"33","20",
"USW00094789","JFK INTERNATIONAL AIRPORT, NY US","2011-02-05",,"43","22",
"USW00094789","JFK INTERNATIONAL AIRPORT, NY US","2011-02-06",,"45","32",
"USW00094789","JFK INTERNATIONAL AIRPORT, NY US","2011-02-07",,"40","29",
"USW00094789","JFK INTERNATIONAL AIRPORT, NY US","2011-02-08",,"40","19",
"USW00094789","JFK INTERNATIONAL AIRPORT, NY US","2011-02-09",,"29","16",
"USW00094789","JFK INTERNATIONAL AIRPORT, NY US","2011-02-10",,"29","23",
"USW00094789","JFK INTERNATIONAL AIRPORT, NY US","2011-02-11",,"36","20",
"USW00094789","JFK INTERNATIONAL AIRPORT, NY US","2011-02-12",,"41","24",
"USW00094789","JFK INTERNATIONAL AIRPORT, NY US","2011-02-13",,"42","24",
"USW00094789","JFK INTERNATIONAL AIRPORT, NY US","2011-02-14",,"59","36",
"USW00094789","JFK INTERNATIONAL AIRPORT, NY US","2011-02-15",,"38","27",
"USW00094789","JFK INTERNATIONAL AIRPORT, NY US","2011-02-16",,"43","23",
"USW00094789","JFK INTERNATIONAL AIRPORT, NY US","2011-02-17",,"55","40",
"USW00094789","JFK INTERNATIONAL AIRPORT, NY US","2011-02-18",,"67","40",
"USW00094789","JFK INTERNATIONAL AIRPORT, NY US","2011-02-19",,"54","23",
"USW00094789","JFK INTERNATIONAL AIRPORT, NY US","2011-02-20",,"42","22",
"USW00094789","JFK INTERNATIONAL AIRPORT, NY US","2011-02-21",,"38","25",
"USW00094789","JFK INTERNATIONAL AIRPORT, NY US","2011-02-22",,"34","17",
"USW00094789","JFK INTERNATIONAL AIRPORT, NY US","2011-02-23",,"43","22",
"USW00094789","JFK INTERNATIONAL AIRPORT, NY US","2011-02-24",,"41","23",
"USW00094789","JFK INTERNATIONAL AIRPORT, NY US","2011-02-25",,"54","33",
"USW00094789","JFK INTERNATIONAL AIRPORT, NY US","2011-02-26",,"42","32",
"USW00094789","JFK INTERNATIONAL AIRPORT, NY US","2011-02-27",,"53","39",
"USW00094789","JFK INTERNATIONAL AIRPORT, NY US","2011-02-28",,"60","40",
"USW00094789","JFK INTERNATIONAL AIRPORT, NY US","2011-03-01",,"49","33",
"USW00094789","JFK INTERNATIONAL AIRPORT, NY US","2011-03-02",,"56","26",
"USW00094789","JFK INTERNATIONAL AIRPORT, NY US","2011-03-03",,"33","20",
"USW00094789","JFK INTERNATIONAL AIRPORT, NY US","2011-03-04",,"41","24",
"USW00094789","JFK INTERNATIONAL AIRPORT, NY US","2011-03-05",,"53","41",
"USW00094789","JFK INTERNATIONAL AIRPORT, NY US","2011-03-06",,"51","45",
"USW00094789","JFK INTERNATIONAL AIRPORT, NY US","2011-03-07",,"51","34",
"USW00094789","JFK INTERNATIONAL AIRPORT, NY US","2011-03-08",,"48","29",
"USW00094789","JFK INTERNATIONAL AIRPORT, NY US","2011-03-09",,"44","31",
"USW00094789","JFK INTERNATIONAL AIRPORT, NY US","2011-03-10",,"49","38",
"USW00094789","JFK INTERNATIONAL AIRPORT, NY US","2011-03-11",,"55","41",
"USW00094789","JFK INTERNATIONAL AIRPORT, NY US","2011-03-12",,"55","38",
"USW00094789","JFK INTERNATIONAL AIRPORT, NY US","2011-03-13",,"53","39",
"USW00094789","JFK INTERNATIONAL AIRPORT, NY US","2011-03-14",,"46","36",
"USW00094789","JFK INTERNATIONAL AIRPORT, NY US","2011-03-15",,"45","31",
"USW00094789","JFK INTERNATIONAL AIRPORT, NY US","2011-03-16",,"58","40",
"USW00094789","JFK INTERNATIONAL AIRPORT, NY US","2011-03-17",,"62","45",
"USW00094789","JFK INTERNATIONAL AIRPORT, NY US","2011-03-18",,"79","45",
"USW00094789","JFK INTERNATIONAL AIRPORT, NY US","2011-03-19",,"61","39",
"USW00094789","JFK INTERNATIONAL AIRPORT, NY US","2011-03-20",,"47","34",
"USW00094789","JFK INTERNATIONAL AIRPORT, NY US","2011-03-21",,"47","37",
"USW00094789","JFK INTERNATIONAL AIRPORT, NY US","2011-03-22",,"53","41",
"USW00094789","JFK INTERNATIONAL AIRPORT, NY US","2011-03-23",,"43","33",
"USW00094789","JFK INTERNATIONAL AIRPORT, NY US","2011-03-24",,"45","32",
"USW00094789","JFK INTERNATIONAL AIRPORT, NY US","2011-03-25",,"43","29",
"USW00094789","JFK INTERNATIONAL AIRPORT, NY US","2011-03-26",,"41","27",
"USW00094789","JFK INTERNATIONAL AIRPORT, NY US","2011-03-27",,"46","29",
"USW00094789","JFK INTERNATIONAL AIRPORT, NY US","2011-03-28",,"47","27",
"USW00094789","JFK INTERNATIONAL AIRPORT, NY US","2011-03-29",,"51","32",
"USW00094789","JFK INTERNATIONAL AIRPORT, NY US","2011-03-30",,"49","36",
"USW00094789","JFK INTERNATIONAL AIRPORT, NY US","2011-03-31",,"44","37",
"USW00094789","JFK INTERNATIONAL AIRPORT, NY US","2011-04-01",,"45","33",
"USW00094789","JFK INTERNATIONAL AIRPORT, NY US","2011-04-02",,"57","38",
"USW00094789","JFK INTERNATIONAL AIRPORT, NY US","2011-04-03",,"60","43",
"USW00094789","JFK INTERNATIONAL AIRPORT, NY US","2011-04-04",,"55","44",
"USW00094789","JFK INTERNATIONAL AIRPORT, NY US","2011-04-05",,"53","42",
"USW00094789","JFK INTERNATIONAL AIRPORT, NY US","2011-04-06",,"56","37",
"USW00094789","JFK INTERNATIONAL AIRPORT, NY US","2011-04-07",,"49","39",
"USW00094789","JFK INTERNATIONAL AIRPORT, NY US","2011-04-08",,"50","39",
"USW00094789","JFK INTERNATIONAL AIRPORT, NY US","2011-04-09",,"54","38",
"USW00094789","JFK INTERNATIONAL AIRPORT, NY US","2011-04-10",,"53","41",
"USW00094789","JFK INTERNATIONAL AIRPORT, NY US","2011-04-11",,"61","37",
"USW00094789","JFK INTERNATIONAL AIRPORT, NY US","2011-04-12",,"68","46",
"USW00094789","JFK INTERNATIONAL AIRPORT, NY US","2011-04-13",,"55","45",
"USW00094789","JFK INTERNATIONAL AIRPORT, NY US","2011-04-14",,"69","49",
"USW00094789","JFK INTERNATIONAL AIRPORT, NY US","2011-04-15",,"56","41",
"USW00094789","JFK INTERNATIONAL AIRPORT, NY US","2011-04-16",,"57","41",
"USW00094789","JFK INTERNATIONAL AIRPORT, NY US","2011-04-17",,"61","48",
"USW00094789","JFK INTERNATIONAL AIRPORT, NY US","2011-04-18",,"63","48",
"USW00094789","JFK INTERNATIONAL AIRPORT, NY US","2011-04-19",,"55","47",
"USW00094789","JFK INTERNATIONAL AIRPORT, NY US","2011-04-20",,"61","46",
"USW00094789","JFK INTERNATIONAL AIRPORT, NY US","2011-04-21",,"62","42",
"USW00094789","JFK INTERNATIONAL AIRPORT, NY US","2011-04-22",,"52","39",
"USW00094789","JFK INTERNATIONAL AIRPORT, NY US","2011-04-23",,"53","44",
"USW00094789","JFK INTERNATIONAL AIRPORT, NY US","2011-04-24",,"74","51",
"USW00094789","JFK INTERNATIONAL AIRPORT, NY US","2011-04-25",,"71","53",
"USW00094789","JFK INTERNATIONAL AIRPORT, NY US","2011-04-26",,"69","53",
"USW00094789","JFK INTERNATIONAL AIRPORT, NY US","2011-04-27",,"64","54",
"USW00094789","JFK INTERNATIONAL AIRPORT, NY US","2011-04-28",,"64","55",
"USW00094789","JFK INTERNATIONAL AIRPORT, NY US","2011-04-29",,"71","52",
"USW00094789","JFK INTERNATIONAL AIRPORT, NY US","2011-04-30",,"66","50",
"USW00094789","JFK INTERNATIONAL AIRPORT, NY US","2011-05-01",,"64","49",
"USW00094789","JFK INTERNATIONAL AIRPORT, NY US","2011-05-02",,"59","49",
"USW00094789","JFK INTERNATIONAL AIRPORT, NY US","2011-05-03",,"66","53",
"USW00094789","JFK INTERNATIONAL AIRPORT, NY US","2011-05-04",,"64","48",
"USW00094789","JFK INTERNATIONAL AIRPORT, NY US","2011-05-05",,"66","47",
"USW00094789","JFK INTERNATIONAL AIRPORT, NY US","2011-05-06",,"67","47",
"USW00094789","JFK INTERNATIONAL AIRPORT, NY US","2011-05-07",,"70","49",
"USW00094789","JFK INTERNATIONAL AIRPORT, NY US","2011-05-08",,"74","52",
"USW00094789","JFK INTERNATIONAL AIRPORT, NY US","2011-05-09",,"71","54",
"USW00094789","JFK INTERNATIONAL AIRPORT, NY US","2011-05-10",,"74","53",
"USW00094789","JFK INTERNATIONAL AIRPORT, NY US","2011-05-11",,"71","52",
"USW00094789","JFK INTERNATIONAL AIRPORT, NY US","2011-05-12",,"68","51",
"USW00094789","JFK INTERNATIONAL AIRPORT, NY US","2011-05-13",,"63","50",
"USW00094789","JFK INTERNATIONAL AIRPORT, NY US","2011-05-14",,"64","55",
"USW00094789","JFK INTERNATIONAL AIRPORT, NY US","2011-05-15",,"67","59",
"USW00094789","JFK INTERNATIONAL AIRPORT, NY US","2011-05-16",,"62","57",
"USW00094789","JFK INTERNATIONAL AIRPORT, NY US","2011-05-17",,"65","53",
"USW00094789","JFK INTERNATIONAL AIRPORT, NY US","2011-05-18",,"72","60",
"USW00094789","JFK INTERNATIONAL AIRPORT, NY US","2011-05-19",,"73","59",
"USW00094789","JFK INTERNATIONAL AIRPORT, NY US","2011-05-20",,"65","56",
"USW00094789","JFK INTERNATIONAL AIRPORT, NY US","2011-05-21",,"72","54",
"USW00094789","JFK INTERNATIONAL AIRPORT, NY US","2011-05-22",,"57","54",
"USW00094789","JFK INTERNATIONAL AIRPORT, NY US","2011-05-23",,"63","55",
"USW00094789","JFK INTERNATIONAL AIRPORT, NY US","2011-05-24",,"82","61",
"USW00094789","JFK INTERNATIONAL AIRPORT, NY US","2011-05-25",,"79","63",
"USW00094789","JFK INTERNATIONAL AIRPORT, NY US","2011-05-26",,"72","61",
"USW00094789","JFK INTERNATIONAL AIRPORT, NY US","2011-05-27",,"78","62",
"USW00094789","JFK INTERNATIONAL AIRPORT, NY US","2011-05-28",,"77","64",
"USW00094789","JFK INTERNATIONAL AIRPORT, NY US","2011-05-29",,"77","65",
"USW00094789","JFK INTERNATIONAL AIRPORT, NY US","2011-05-30",,"86","66",
"USW00094789","JFK INTERNATIONAL AIRPORT, NY US","2011-05-31",,"87","67",
"USW00094789","JFK INTERNATIONAL AIRPORT, NY US","2011-06-01",,"85","67",
"USW00094789","JFK INTERNATIONAL AIRPORT, NY US","2011-06-02",,"82","63",
"USW00094789","JFK INTERNATIONAL AIRPORT, NY US","2011-06-03",,"78","58",
"USW00094789","JFK INTERNATIONAL AIRPORT, NY US","2011-06-04",,"78","56",
"USW00094789","JFK INTERNATIONAL AIRPORT, NY US","2011-06-05",,"67","56",
"USW00094789","JFK INTERNATIONAL AIRPORT, NY US","2011-06-06",,"81","59",
"USW00094789","JFK INTERNATIONAL AIRPORT, NY US","2011-06-07",,"89","63",
"USW00094789","JFK INTERNATIONAL AIRPORT, NY US","2011-06-08",,"89","68",
"USW00094789","JFK INTERNATIONAL AIRPORT, NY US","2011-06-09",,"93","68",
"USW00094789","JFK INTERNATIONAL AIRPORT, NY US","2011-06-10",,"84","68",
"USW00094789","JFK INTERNATIONAL AIRPORT, NY US","2011-06-11",,"69","61",
"USW00094789","JFK INTERNATIONAL AIRPORT, NY US","2011-06-12",,"71","58",
"USW00094789","JFK INTERNATIONAL AIRPORT, NY US","2011-06-13",,"76","61",
"USW00094789","JFK INTERNATIONAL AIRPORT, NY US","2011-06-14",,"70","59",
"USW00094789","JFK INTERNATIONAL AIRPORT, NY US","2011-06-15",,"84","56",
"USW00094789","JFK INTERNATIONAL AIRPORT, NY US","2011-06-16",,"84","62",
"USW00094789","JFK INTERNATIONAL AIRPORT, NY US","2011-06-17",,"79","65",
"USW00094789","JFK INTERNATIONAL AIRPORT, NY US","2011-06-18",,"84","64",
"USW00094789","JFK INTERNATIONAL AIRPORT, NY US","2011-06-19",,"83","67",
"USW00094789","JFK INTERNATIONAL AIRPORT, NY US","2011-06-20",,"77","65",
"USW00094789","JFK INTERNATIONAL AIRPORT, NY US","2011-06-21",,"80","68",
"USW00094789","JFK INTERNATIONAL AIRPORT, NY US","2011-06-22",,"79","68",
"USW00094789","JFK INTERNATIONAL AIRPORT, NY US","2011-06-23",,"73","67",
"USW00094789","JFK INTERNATIONAL AIRPORT, NY US","2011-06-24",,"71","65",
"USW00094789","JFK INTERNATIONAL AIRPORT, NY US","2011-06-25",,"79","66",
"USW00094789","JFK INTERNATIONAL AIRPORT, NY US","2011-06-26",,"83","68",
"USW00094789","JFK INTERNATIONAL AIRPORT, NY US","2011-06-27",,"82","66",
"USW00094789","JFK INTERNATIONAL AIRPORT, NY US","2011-06-28",,"83","72",
"USW00094789","JFK INTERNATIONAL AIRPORT, NY US","2011-06-29",,"87","72",
"USW00094789","JFK INTERNATIONAL AIRPORT, NY US","2011-06-30",,"85","67",
"USW00094789","JFK INTERNATIONAL AIRPORT, NY US","2011-07-01",,"85","63",
"USW00094789","JFK INTERNATIONAL AIRPORT, NY US","2011-07-02",,"86","67",
"USW00094789","JFK INTERNATIONAL AIRPORT, NY US","2011-07-03",,"78","70",
"USW00094789","JFK INTERNATIONAL AIRPORT, NY US","2011-07-04",,"86","69",
"USW00094789","JFK INTERNATIONAL AIRPORT, NY US","2011-07-05",,"91","70",
"USW00094789","JFK INTERNATIONAL AIRPORT, NY US","2011-07-06",,"86","71",
"USW00094789","JFK INTERNATIONAL AIRPORT, NY US","2011-07-07",,"92","73",
"USW00094789","JFK INTERNATIONAL AIRPORT, NY US","2011-07-08",,"82","70",
"USW00094789","JFK INTERNATIONAL AIRPORT, NY US","2011-07-09",,"91","70",
"USW00094789","JFK INTERNATIONAL AIRPORT, NY US","2011-07-10",,"82","68",
"USW00094789","JFK INTERNATIONAL AIRPORT, NY US","2011-07-11",,"88","72",
"USW00094789","JFK INTERNATIONAL AIRPORT, NY US","2011-07-12",,"98","77",
"USW00094789","JFK INTERNATIONAL AIRPORT, NY US","2011-07-13",,"89","70",
"USW00094789","JFK INTERNATIONAL AIRPORT, NY US","2011-07-14",,"85","66",
"USW00094789","JFK INTERNATIONAL AIRPORT, NY US","2011-07-15",,"86","68",
"USW00094789","JFK INTERNATIONAL AIRPORT, NY US","2011-07-16",,"89","69",
"USW00094789","JFK INTERNATIONAL AIRPORT, NY US","2011-07-17",,"87","70",
"USW00094789","JFK INTERNATIONAL AIRPORT, NY US","2011-07-18",,"94","72",
"USW00094789","JFK INTERNATIONAL AIRPORT, NY US","2011-07-19",,"93","75",
"USW00094789","JFK INTERNATIONAL AIRPORT, NY US","2011-07-20",,"85","73",
"USW00094789","JFK INTERNATIONAL AIRPORT, NY US","2011-07-21",,"88","73",
"USW00094789","JFK INTERNATIONAL AIRPORT, NY US","2011-07-22",,"103","76",
"USW00094789","JFK INTERNATIONAL AIRPORT, NY US","2011-07-23",,"102","79",
"USW00094789","JFK INTERNATIONAL AIRPORT, NY US","2011-07-24",,"93","76",
"USW00094789","JFK INTERNATIONAL AIRPORT, NY US","2011-07-25",,"81","70",
"USW00094789","JFK INTERNATIONAL AIRPORT, NY US","2011-07-26",,"88","70",
"USW00094789","JFK INTERNATIONAL AIRPORT, NY US","2011-07-27",,"87","69",
"USW00094789","JFK INTERNATIONAL AIRPORT, NY US","2011-07-28",,"86","69",
"USW00094789","JFK INTERNATIONAL AIRPORT, NY US","2011-07-29",,"83","71",
"USW00094789","JFK INTERNATIONAL AIRPORT, NY US","2011-07-30",,"93","75",
"USW00094789","JFK INTERNATIONAL AIRPORT, NY US","2011-07-31",,"89","71",
"USW00094789","JFK INTERNATIONAL AIRPORT, NY US","2011-08-01",,"88","72",
"USW00094789","JFK INTERNATIONAL AIRPORT, NY US","2011-08-02",,"92","74",
"USW00094789","JFK INTERNATIONAL AIRPORT, NY US","2011-08-03",,"84","68",
"USW00094789","JFK INTERNATIONAL AIRPORT, NY US","2011-08-04",,"81","69",
"USW00094789","JFK INTERNATIONAL AIRPORT, NY US","2011-08-05",,"82","69",
"USW00094789","JFK INTERNATIONAL AIRPORT, NY US","2011-08-06",,"82","72",
"USW00094789","JFK INTERNATIONAL AIRPORT, NY US","2011-08-07",,"87","74",
"USW00094789","JFK INTERNATIONAL AIRPORT, NY US","2011-08-08",,"92","74",
"USW00094789","JFK INTERNATIONAL AIRPORT, NY US","2011-08-09",,"83","73",
"USW00094789","JFK INTERNATIONAL AIRPORT, NY US","2011-08-10",,"88","71",
"USW00094789","JFK INTERNATIONAL AIRPORT, NY US","2011-08-11",,"84","70",
"USW00094789","JFK INTERNATIONAL AIRPORT, NY US","2011-08-12",,"85","65",
"USW00094789","JFK INTERNATIONAL AIRPORT, NY US","2011-08-13",,"84","67",
"USW00094789","JFK INTERNATIONAL AIRPORT, NY US","2011-08-14",,"75","68",
"USW00094789","JFK INTERNATIONAL AIRPORT, NY US","2011-08-15",,"80","70",
"USW00094789","JFK INTERNATIONAL AIRPORT, NY US","2011-08-16",,"80","66",
"USW00094789","JFK INTERNATIONAL AIRPORT, NY US","2011-08-17",,"83","67",
"USW00094789","JFK INTERNATIONAL AIRPORT, NY US","2011-08-18",,"80","69",
"USW00094789","JFK INTERNATIONAL AIRPORT, NY US","2011-08-19",,"82","67",
"USW00094789","JFK INTERNATIONAL AIRPORT, NY US","2011-08-20",,"82","66",
"USW00094789","JFK INTERNATIONAL AIRPORT, NY US","2011-08-21",,"83","71",
"USW00094789","JFK INTERNATIONAL AIRPORT, NY US","2011-08-22",,"81","68",
"USW00094789","JFK INTERNATIONAL AIRPORT, NY US","2011-08-23",,"80","62",
"USW00094789","JFK INTERNATIONAL AIRPORT, NY US","2011-08-24",,"79","64",
"USW00094789","JFK INTERNATIONAL AIRPORT, NY US","2011-08-25",,"80","71",
"USW00094789","JFK INTERNATIONAL AIRPORT, NY US","2011-08-26",,"83","70",
"USW00094789","JFK INTERNATIONAL AIRPORT, NY US","2011-08-27",,"78","74",
"USW00094789","JFK INTERNATIONAL AIRPORT, NY US","2011-08-28",,"76","65",
"USW00094789","JFK INTERNATIONAL AIRPORT, NY US","2011-08-29",,"78","61",
"USW00094789","JFK INTERNATIONAL AIRPORT, NY US","2011-08-30",,"82","62",
"USW00094789","JFK INTERNATIONAL AIRPORT, NY US","2011-08-31",,"82","64",
"USW00094789","JFK INTERNATIONAL AIRPORT, NY US","2011-09-01",,"80","67",
"USW00094789","JFK INTERNATIONAL AIRPORT, NY US","2011-09-02",,"75","62",
"USW00094789","JFK INTERNATIONAL AIRPORT, NY US","2011-09-03",,"78","65",
"USW00094789","JFK INTERNATIONAL AIRPORT, NY US","2011-09-04",,"80","70",
"USW00094789","JFK INTERNATIONAL AIRPORT, NY US","2011-09-05",,"79","71",
"USW00094789","JFK INTERNATIONAL AIRPORT, NY US","2011-09-06",,"73","62",
"USW00094789","JFK INTERNATIONAL AIRPORT, NY US","2011-09-07",,"72","63",
"USW00094789","JFK INTERNATIONAL AIRPORT, NY US","2011-09-08",,"81","64",
"USW00094789","JFK INTERNATIONAL AIRPORT, NY US","2011-09-09",,"86","67",
"USW00094789","JFK INTERNATIONAL AIRPORT, NY US","2011-09-10",,"81","68",
"USW00094789","JFK INTERNATIONAL AIRPORT, NY US","2011-09-11",,"70","63",
"USW00094789","JFK INTERNATIONAL AIRPORT, NY US","2011-09-12",,"78","66",
"USW00094789","JFK INTERNATIONAL AIRPORT, NY US","2011-09-13",,"80","66",
"USW00094789","JFK INTERNATIONAL AIRPORT, NY US","2011-09-14",,"82","68",
"USW00094789","JFK INTERNATIONAL AIRPORT, NY US","2011-09-15",,"80","54",
"USW00094789","JFK INTERNATIONAL AIRPORT, NY US","2011-09-16",,"68","50",
"USW00094789","JFK INTERNATIONAL AIRPORT, NY US","2011-09-17",,"66","53",
"USW00094789","JFK INTERNATIONAL AIRPORT, NY US","2011-09-18",,"69","53",
"USW00094789","JFK INTERNATIONAL AIRPORT, NY US","2011-09-19",,"67","52",
"USW00094789","JFK INTERNATIONAL AIRPORT, NY US","2011-09-20",,"68","62",
"USW00094789","JFK INTERNATIONAL AIRPORT, NY US","2011-09-21",,"73","62",
"USW00094789","JFK INTERNATIONAL AIRPORT, NY US","2011-09-22",,"79","69",
"USW00094789","JFK INTERNATIONAL AIRPORT, NY US","2011-09-23",,"71","69",
"USW00094789","JFK INTERNATIONAL AIRPORT, NY US","2011-09-24",,"76","69",
"USW00094789","JFK INTERNATIONAL AIRPORT, NY US","2011-09-25",,"83","69",
"USW00094789","JFK INTERNATIONAL AIRPORT, NY US","2011-09-26",,"78","67",
"USW00094789","JFK INTERNATIONAL AIRPORT, NY US","2011-09-27",,"77","68",
"USW00094789","JFK INTERNATIONAL AIRPORT, NY US","2011-09-28",,"75","69",
"USW00094789","JFK INTERNATIONAL AIRPORT, NY US","2011-09-29",,"75","63",
"USW00094789","JFK INTERNATIONAL AIRPORT, NY US","2011-09-30",,"76","59",
"USW00094789","JFK INTERNATIONAL AIRPORT, NY US","2011-10-01",,"70","52",
"USW00094789","JFK INTERNATIONAL AIRPORT, NY US","2011-10-02",,"65","51",
"USW00094789","JFK INTERNATIONAL AIRPORT, NY US","2011-10-03",,"58","48",
"USW00094789","JFK INTERNATIONAL AIRPORT, NY US","2011-10-04",,"65","49",
"USW00094789","JFK INTERNATIONAL AIRPORT, NY US","2011-10-05",,"74","52",
"USW00094789","JFK INTERNATIONAL AIRPORT, NY US","2011-10-06",,"69","47",
"USW00094789","JFK INTERNATIONAL AIRPORT, NY US","2011-10-07",,"66","48",
"USW00094789","JFK INTERNATIONAL AIRPORT, NY US","2011-10-08",,"76","54",
"USW00094789","JFK INTERNATIONAL AIRPORT, NY US","2011-10-09",,"87","57",
"USW00094789","JFK INTERNATIONAL AIRPORT, NY US","2011-10-10",,"84","60",
"USW00094789","JFK INTERNATIONAL AIRPORT, NY US","2011-10-11",,"76","62",
"USW00094789","JFK INTERNATIONAL AIRPORT, NY US","2011-10-12",,"64","60",
"USW00094789","JFK INTERNATIONAL AIRPORT, NY US","2011-10-13",,"68","61",
"USW00094789","JFK INTERNATIONAL AIRPORT, NY US","2011-10-14",,"71","59",
"USW00094789","JFK INTERNATIONAL AIRPORT, NY US","2011-10-15",,"69","56",
"USW00094789","JFK INTERNATIONAL AIRPORT, NY US","2011-10-16",,"68","56",
"USW00094789","JFK INTERNATIONAL AIRPORT, NY US","2011-10-17",,"68","57",
"USW00094789","JFK INTERNATIONAL AIRPORT, NY US","2011-10-18",,"69","54",
"USW00094789","JFK INTERNATIONAL AIRPORT, NY US","2011-10-19",,"69","59",
"USW00094789","JFK INTERNATIONAL AIRPORT, NY US","2011-10-20",,"69","55",
"USW00094789","JFK INTERNATIONAL AIRPORT, NY US","2011-10-21",,"59","51",
"USW00094789","JFK INTERNATIONAL AIRPORT, NY US","2011-10-22",,"62","48",
"USW00094789","JFK INTERNATIONAL AIRPORT, NY US","2011-10-23",,"60","51",
"USW00094789","JFK INTERNATIONAL AIRPORT, NY US","2011-10-24",,"62","47",
"USW00094789","JFK INTERNATIONAL AIRPORT, NY US","2011-10-25",,"64","51",
"USW00094789","JFK INTERNATIONAL AIRPORT, NY US","2011-10-26",,"62","47",
"USW00094789","JFK INTERNATIONAL AIRPORT, NY US","2011-10-27",,"58","38",
"USW00094789","JFK INTERNATIONAL AIRPORT, NY US","2011-10-28",,"51","37",
"USW00094789","JFK INTERNATIONAL AIRPORT, NY US","2011-10-29",,"45","33",
"USW00094789","JFK INTERNATIONAL AIRPORT, NY US","2011-10-30",,"48","34",
"USW00094789","JFK INTERNATIONAL AIRPORT, NY US","2011-10-31",,"54","32",
"USW00094789","JFK INTERNATIONAL AIRPORT, NY US","2011-11-01",,"56","42",
"USW00094789","JFK INTERNATIONAL AIRPORT, NY US","2011-11-02",,"56","38",
"USW00094789","JFK INTERNATIONAL AIRPORT, NY US","2011-11-03",,"59","44",
"USW00094789","JFK INTERNATIONAL AIRPORT, NY US","2011-11-04",,"54","41",
"USW00094789","JFK INTERNATIONAL AIRPORT, NY US","2011-11-05",,"51","35",
"USW00094789","JFK INTERNATIONAL AIRPORT, NY US","2011-11-06",,"55","33",
"USW00094789","JFK INTERNATIONAL AIRPORT, NY US","2011-11-07",,"60","42",
"USW00094789","JFK INTERNATIONAL AIRPORT, NY US","2011-11-08",,"69","47",
"USW00094789","JFK INTERNATIONAL AIRPORT, NY US","2011-11-09",,"63","43",
"USW00094789","JFK INTERNATIONAL AIRPORT, NY US","2011-11-10",,"67","50",
"USW00094789","JFK INTERNATIONAL AIRPORT, NY US","2011-11-11",,"51","42",
"USW00094789","JFK INTERNATIONAL AIRPORT, NY US","2011-11-12",,"58","40",
"USW00094789","JFK INTERNATIONAL AIRPORT, NY US","2011-11-13",,"60","43",
"USW00094789","JFK INTERNATIONAL AIRPORT, NY US","2011-11-14",,"65","51",
"USW00094789","JFK INTERNATIONAL AIRPORT, NY US","2011-11-15",,"65","54",
"USW00094789","JFK INTERNATIONAL AIRPORT, NY US","2011-11-16",,"57","54",
"USW00094789","JFK INTERNATIONAL AIRPORT, NY US","2011-11-17",,"55","40",
"USW00094789","JFK INTERNATIONAL AIRPORT, NY US","2011-11-18",,"47","36",
"USW00094789","JFK INTERNATIONAL AIRPORT, NY US","2011-11-19",,"52","38",
"USW00094789","JFK INTERNATIONAL AIRPORT, NY US","2011-11-20",,"63","48",
"USW00094789","JFK INTERNATIONAL AIRPORT, NY US","2011-11-21",,"56","47",
"USW00094789","JFK INTERNATIONAL AIRPORT, NY US","2011-11-22",,"51","47",
"USW00094789","JFK INTERNATIONAL AIRPORT, NY US","2011-11-23",,"59","40",
"USW00094789","JFK INTERNATIONAL AIRPORT, NY US","2011-11-24",,"53","37",
"USW00094789","JFK INTERNATIONAL AIRPORT, NY US","2011-11-25",,"62","41",
"USW00094789","JFK INTERNATIONAL AIRPORT, NY US","2011-11-26",,"64","43",
"USW00094789","JFK INTERNATIONAL AIRPORT, NY US","2011-11-27",,"60","37",
"USW00094789","JFK INTERNATIONAL AIRPORT, NY US","2011-11-28",,"65","52",
"USW00094789","JFK INTERNATIONAL AIRPORT, NY US","2011-11-29",,"63","52",
"USW00094789","JFK INTERNATIONAL AIRPORT, NY US","2011-11-30",,"53","44",
"USW00094789","JFK INTERNATIONAL AIRPORT, NY US","2011-12-01",,"51","38",
"USW00094789","JFK INTERNATIONAL AIRPORT, NY US","2011-12-02",,"53","34",
"USW00094789","JFK INTERNATIONAL AIRPORT, NY US","2011-12-03",,"48","34",
"USW00094789","JFK INTERNATIONAL AIRPORT, NY US","2011-12-04",,"54","35",
"USW00094789","JFK INTERNATIONAL AIRPORT, NY US","2011-12-05",,"54","46",
"USW00094789","JFK INTERNATIONAL AIRPORT, NY US","2011-12-06",,"57","53",
"USW00094789","JFK INTERNATIONAL AIRPORT, NY US","2011-12-07",,"57","43",
"USW00094789","JFK INTERNATIONAL AIRPORT, NY US","2011-12-08",,"46","36",
"USW00094789","JFK INTERNATIONAL AIRPORT, NY US","2011-12-09",,"52","33",
"USW00094789","JFK INTERNATIONAL AIRPORT, NY US","2011-12-10",,"49","32",
"USW00094789","JFK INTERNATIONAL AIRPORT, NY US","2011-12-11",,"40","28",
"USW00094789","JFK INTERNATIONAL AIRPORT, NY US","2011-12-12",,"44","30",
"USW00094789","JFK INTERNATIONAL AIRPORT, NY US","2011-12-13",,"48","29",
"USW00094789","JFK INTERNATIONAL AIRPORT, NY US","2011-12-14",,"52","34",
"USW00094789","JFK INTERNATIONAL AIRPORT, NY US","2011-12-15",,"57","47",
"USW00094789","JFK INTERNATIONAL AIRPORT, NY US","2011-12-16",,"58","41",
"USW00094789","JFK INTERNATIONAL AIRPORT, NY US","2011-12-17",,"45","30",
"USW00094789","JFK INTERNATIONAL AIRPORT, NY US","2011-12-18",,"31","23",
"USW00094789","JFK INTERNATIONAL AIRPORT, NY US","2011-12-19",,"48","21",
"USW00094789","JFK INTERNATIONAL AIRPORT, NY US","2011-12-20",,"48","40",
"USW00094789","JFK INTERNATIONAL AIRPORT, NY US","2011-12-21",,"59","40",
"USW00094789","JFK INTERNATIONAL AIRPORT, NY US","2011-12-22",,"60","48",
"USW00094789","JFK INTERNATIONAL AIRPORT, NY US","2011-12-23",,"51","36",
"USW00094789","JFK INTERNATIONAL AIRPORT, NY US","2011-12-24",,"37","27",
"USW00094789","JFK INTERNATIONAL AIRPORT, NY US","2011-12-25",,"48","26",
"USW00094789","JFK INTERNATIONAL AIRPORT, NY US","2011-12-26",,"48","33",
"USW00094789","JFK INTERNATIONAL AIRPORT, NY US","2011-12-27",,"57","32",
"USW00094789","JFK INTERNATIONAL AIRPORT, NY US","2011-12-28",,"50","32",
"USW00094789","JFK INTERNATIONAL AIRPORT, NY US","2011-12-29",,"38","25",
"USW00094789","JFK INTERNATIONAL AIRPORT, NY US","2011-12-30",,"50","36",
"USW00094789","JFK INTERNATIONAL AIRPORT, NY US","2011-12-31",,"56","46",
"USW00094789","JFK INTERNATIONAL AIRPORT, NY US","2012-01-01",,"50","38",
"USW00094789","JFK INTERNATIONAL AIRPORT, NY US","2012-01-02",,"50","33",
"USW00094789","JFK INTERNATIONAL AIRPORT, NY US","2012-01-03",,"33","16",
"USW00094789","JFK INTERNATIONAL AIRPORT, NY US","2012-01-04",,"29","13",
"USW00094789","JFK INTERNATIONAL AIRPORT, NY US","2012-01-05",,"42","26",
"USW00094789","JFK INTERNATIONAL AIRPORT, NY US","2012-01-06",,"54","32",
"USW00094789","JFK INTERNATIONAL AIRPORT, NY US","2012-01-07",,"61","36",
"USW00094789","JFK INTERNATIONAL AIRPORT, NY US","2012-01-08",,"48","33",
"USW00094789","JFK INTERNATIONAL AIRPORT, NY US","2012-01-09",,"39","29",
"USW00094789","JFK INTERNATIONAL AIRPORT, NY US","2012-01-10",,"48","30",
"USW00094789","JFK INTERNATIONAL AIRPORT, NY US","2012-01-11",,"47","31",
"USW00094789","JFK INTERNATIONAL AIRPORT, NY US","2012-01-12",,"49","42",
"USW00094789","JFK INTERNATIONAL AIRPORT, NY US","2012-01-13",,"50","29",
"USW00094789","JFK INTERNATIONAL AIRPORT, NY US","2012-01-14",,"34","27",
"USW00094789","JFK INTERNATIONAL AIRPORT, NY US","2012-01-15",,"28","16",
"USW00094789","JFK INTERNATIONAL AIRPORT, NY US","2012-01-16",,"39","14",
"USW00094789","JFK INTERNATIONAL AIRPORT, NY US","2012-01-17",,"50","37",
"USW00094789","JFK INTERNATIONAL AIRPORT, NY US","2012-01-18",,"53","24",
"USW00094789","JFK INTERNATIONAL AIRPORT, NY US","2012-01-19",,"38","18",
"USW00094789","JFK INTERNATIONAL AIRPORT, NY US","2012-01-20",,"37","27",
"USW00094789","JFK INTERNATIONAL AIRPORT, NY US","2012-01-21",,"29","23",
"USW00094789","JFK INTERNATIONAL AIRPORT, NY US","2012-01-22",,"34","18",
"USW00094789","JFK INTERNATIONAL AIRPORT, NY US","2012-01-23",,"51","33",
"USW00094789","JFK INTERNATIONAL AIRPORT, NY US","2012-01-24",,"54","40",
"USW00094789","JFK INTERNATIONAL AIRPORT, NY US","2012-01-25",,"46","37",
"USW00094789","JFK INTERNATIONAL AIRPORT, NY US","2012-01-26",,"44","34",
"USW00094789","JFK INTERNATIONAL AIRPORT, NY US","2012-01-27",,"58","44",
"USW00094789","JFK INTERNATIONAL AIRPORT, NY US","2012-01-28",,"46","37",
"USW00094789","JFK INTERNATIONAL AIRPORT, NY US","2012-01-29",,"44","33",
"USW00094789","JFK INTERNATIONAL AIRPORT, NY US","2012-01-30",,"41","34",
"USW00094789","JFK INTERNATIONAL AIRPORT, NY US","2012-01-31",,"57","37",
"USW00094789","JFK INTERNATIONAL AIRPORT, NY US","2012-02-01",,"64","42",
"USW00094789","JFK INTERNATIONAL AIRPORT, NY US","2012-02-02",,"51","36",
"USW00094789","JFK INTERNATIONAL AIRPORT, NY US","2012-02-03",,"45","30",
"USW00094789","JFK INTERNATIONAL AIRPORT, NY US","2012-02-04",,"47","35",
"USW00094789","JFK INTERNATIONAL AIRPORT, NY US","2012-02-05",,"41","33",
"USW00094789","JFK INTERNATIONAL AIRPORT, NY US","2012-02-06",,"51","29",
"USW00094789","JFK INTERNATIONAL AIRPORT, NY US","2012-02-07",,"51","34",
"USW00094789","JFK INTERNATIONAL AIRPORT, NY US","2012-02-08",,"39","31",
"USW00094789","JFK INTERNATIONAL AIRPORT, NY US","2012-02-09",,"47","31",
"USW00094789","JFK INTERNATIONAL AIRPORT, NY US","2012-02-10",,"45","30",
"USW00094789","JFK INTERNATIONAL AIRPORT, NY US","2012-02-11",,"38","33",
"USW00094789","JFK INTERNATIONAL AIRPORT, NY US","2012-02-12",,"35","21",
"USW00094789","JFK INTERNATIONAL AIRPORT, NY US","2012-02-13",,"44","29",
"USW00094789","JFK INTERNATIONAL AIRPORT, NY US","2012-02-14",,"45","35",
"USW00094789","JFK INTERNATIONAL AIRPORT, NY US","2012-02-15",,"46","37",
"USW00094789","JFK INTERNATIONAL AIRPORT, NY US","2012-02-16",,"44","31",
"USW00094789","JFK INTERNATIONAL AIRPORT, NY US","2012-02-17",,"53","37",
"USW00094789","JFK INTERNATIONAL AIRPORT, NY US","2012-02-18",,"46","36",
"USW00094789","JFK INTERNATIONAL AIRPORT, NY US","2012-02-19",,"46","33",
"USW00094789","JFK INTERNATIONAL AIRPORT, NY US","2012-02-20",,"48","31",
"USW00094789","JFK INTERNATIONAL AIRPORT, NY US","2012-02-21",,"47","26",
"USW00094789","JFK INTERNATIONAL AIRPORT, NY US","2012-02-22",,"57","36",
"USW00094789","JFK INTERNATIONAL AIRPORT, NY US","2012-02-23",,"61","42",
"USW00094789","JFK INTERNATIONAL AIRPORT, NY US","2012-02-24",,"46","38",
"USW00094789","JFK INTERNATIONAL AIRPORT, NY US","2012-02-25",,"47","35",
"USW00094789","JFK INTERNATIONAL AIRPORT, NY US","2012-02-26",,"45","30",
"USW00094789","JFK INTERNATIONAL AIRPORT, NY US","2012-02-27",,"51","31",
"USW00094789","JFK INTERNATIONAL AIRPORT, NY US","2012-02-28",,"51","38",
"USW00094789","JFK INTERNATIONAL AIRPORT, NY US","2012-02-29",,"45","34",
"USW00094789","JFK INTERNATIONAL AIRPORT, NY US","2012-03-01",,"42","36",
"USW00094789","JFK INTERNATIONAL AIRPORT, NY US","2012-03-02",,"43","33",
"USW00094789","JFK INTERNATIONAL AIRPORT, NY US","2012-03-03",,"56","43",
"USW00094789","JFK INTERNATIONAL AIRPORT, NY US","2012-03-04",,"47","36",
"USW00094789","JFK INTERNATIONAL AIRPORT, NY US","2012-03-05",,"46","29",
"USW00094789","JFK INTERNATIONAL AIRPORT, NY US","2012-03-06",,"41","26",
"USW00094789","JFK INTERNATIONAL AIRPORT, NY US","2012-03-07",,"53","37",
"USW00094789","JFK INTERNATIONAL AIRPORT, NY US","2012-03-08",,"59","46",
"USW00094789","JFK INTERNATIONAL AIRPORT, NY US","2012-03-09",,"53","37",
"USW00094789","JFK INTERNATIONAL AIRPORT, NY US","2012-03-10",,"43","29",
"USW00094789","JFK INTERNATIONAL AIRPORT, NY US","2012-03-11",,"57","36",
"USW00094789","JFK INTERNATIONAL AIRPORT, NY US","2012-03-12",,"62","40",
"USW00094789","JFK INTERNATIONAL AIRPORT, NY US","2012-03-13",,"61","49",
"USW00094789","JFK INTERNATIONAL AIRPORT, NY US","2012-03-14",,"72","47",
"USW00094789","JFK INTERNATIONAL AIRPORT, NY US","2012-03-15",,"47","43",
"USW00094789","JFK INTERNATIONAL AIRPORT, NY US","2012-03-16",,"49","43",
"USW00094789","JFK INTERNATIONAL AIRPORT, NY US","2012-03-17",,"59","40",
"USW00094789","JFK INTERNATIONAL AIRPORT, NY US","2012-03-18",,"55","45",
"USW00094789","JFK INTERNATIONAL AIRPORT, NY US","2012-03-19",,"64","45",
"USW00094789","JFK INTERNATIONAL AIRPORT, NY US","2012-03-20",,"69","51",
"USW00094789","JFK INTERNATIONAL AIRPORT, NY US","2012-03-21",,"65","53",
"USW00094789","JFK INTERNATIONAL AIRPORT, NY US","2012-03-22",,"66","53",
"USW00094789","JFK INTERNATIONAL AIRPORT, NY US","2012-03-23",,"77","53",
"USW00094789","JFK INTERNATIONAL AIRPORT, NY US","2012-03-24",,"61","48",
"USW00094789","JFK INTERNATIONAL AIRPORT, NY US","2012-03-25",,"51","45",
"USW00094789","JFK INTERNATIONAL AIRPORT, NY US","2012-03-26",,"57","35",
"USW00094789","JFK INTERNATIONAL AIRPORT, NY US","2012-03-27",,"53","31",
"USW00094789","JFK INTERNATIONAL AIRPORT, NY US","2012-03-28",,"64","42",
"USW00094789","JFK INTERNATIONAL AIRPORT, NY US","2012-03-29",,"63","44",
"USW00094789","JFK INTERNATIONAL AIRPORT, NY US","2012-03-30",,"54","39",
"USW00094789","JFK INTERNATIONAL AIRPORT, NY US","2012-03-31",,"44","39",
"USW00094789","JFK INTERNATIONAL AIRPORT, NY US","2012-04-01",,"52","42",
"USW00094789","JFK INTERNATIONAL AIRPORT, NY US","2012-04-02",,"58","40",
"USW00094789","JFK INTERNATIONAL AIRPORT, NY US","2012-04-03",,"66","40",
"USW00094789","JFK INTERNATIONAL AIRPORT, NY US","2012-04-04",,"70","47",
"USW00094789","JFK INTERNATIONAL AIRPORT, NY US","2012-04-05",,"59","42",
"USW00094789","JFK INTERNATIONAL AIRPORT, NY US","2012-04-06",,"59","37",
"USW00094789","JFK INTERNATIONAL AIRPORT, NY US","2012-04-07",,"62","40",
"USW00094789","JFK INTERNATIONAL AIRPORT, NY US","2012-04-08",,"68","46",
"USW00094789","JFK INTERNATIONAL AIRPORT, NY US","2012-04-09",,"65","50",
"USW00094789","JFK INTERNATIONAL AIRPORT, NY US","2012-04-10",,"62","43",
"USW00094789","JFK INTERNATIONAL AIRPORT, NY US","2012-04-11",,"54","43",
"USW00094789","JFK INTERNATIONAL AIRPORT, NY US","2012-04-12",,"62","44",
"USW00094789","JFK INTERNATIONAL AIRPORT, NY US","2012-04-13",,"62","44",
"USW00094789","JFK INTERNATIONAL AIRPORT, NY US","2012-04-14",,"66","45",
"USW00094789","JFK INTERNATIONAL AIRPORT, NY US","2012-04-15",,"76","55",
"USW00094789","JFK INTERNATIONAL AIRPORT, NY US","2012-04-16",,"77","54",
"USW00094789","JFK INTERNATIONAL AIRPORT, NY US","2012-04-17",,"81","57",
"USW00094789","JFK INTERNATIONAL AIRPORT, NY US","2012-04-18",,"63","50",
"USW00094789","JFK INTERNATIONAL AIRPORT, NY US","2012-04-19",,"63","49",
"USW00094789","JFK INTERNATIONAL AIRPORT, NY US","2012-04-20",,"66","49",
"USW00094789","JFK INTERNATIONAL AIRPORT, NY US","2012-04-21",,"66","54",
"USW00094789","JFK INTERNATIONAL AIRPORT, NY US","2012-04-22",,"57","49",
"USW00094789","JFK INTERNATIONAL AIRPORT, NY US","2012-04-23",,"58","43",
"USW00094789","JFK INTERNATIONAL AIRPORT, NY US","2012-04-24",,"63","42",
"USW00094789","JFK INTERNATIONAL AIRPORT, NY US","2012-04-25",,"59","40",
"USW00094789","JFK INTERNATIONAL AIRPORT, NY US","2012-04-26",,"60","41",
"USW00094789","JFK INTERNATIONAL AIRPORT, NY US","2012-04-27",,"57","42",
"USW00094789","JFK INTERNATIONAL AIRPORT, NY US","2012-04-28",,"58","40",
"USW00094789","JFK INTERNATIONAL AIRPORT, NY US","2012-04-29",,"65","44",
"USW00094789","JFK INTERNATIONAL AIRPORT, NY US","2012-04-30",,"57","43",
"USW00094789","JFK INTERNATIONAL AIRPORT, NY US","2012-05-01",,"70","52",
"USW00094789","JFK INTERNATIONAL AIRPORT, NY US","2012-05-02",,"54","51",
"USW00094789","JFK INTERNATIONAL AIRPORT, NY US","2012-05-03",,"57","51",
"USW00094789","JFK INTERNATIONAL AIRPORT, NY US","2012-05-04",,"69","53",
"USW00094789","JFK INTERNATIONAL AIRPORT, NY US","2012-05-05",,"59","55",
"USW00094789","JFK INTERNATIONAL AIRPORT, NY US","2012-05-06",,"62","50",
"USW00094789","JFK INTERNATIONAL AIRPORT, NY US","2012-05-07",,"60","50",
"USW00094789","JFK INTERNATIONAL AIRPORT, NY US","2012-05-08",,"64","55",
"USW00094789","JFK INTERNATIONAL AIRPORT, NY US","2012-05-09",,"63","58",
"USW00094789","JFK INTERNATIONAL AIRPORT, NY US","2012-05-10",,"67","51",
"USW00094789","JFK INTERNATIONAL AIRPORT, NY US","2012-05-11",,"71","50",
"USW00094789","JFK INTERNATIONAL AIRPORT, NY US","2012-05-12",,"75","50",
"USW00094789","JFK INTERNATIONAL AIRPORT, NY US","2012-05-13",,"75","58",
"USW00094789","JFK INTERNATIONAL AIRPORT, NY US","2012-05-14",,"70","61",
"USW00094789","JFK INTERNATIONAL AIRPORT, NY US","2012-05-15",,"63","60",
"USW00094789","JFK INTERNATIONAL AIRPORT, NY US","2012-05-16",,"72","59",
"USW00094789","JFK INTERNATIONAL AIRPORT, NY US","2012-05-17",,"73","55",
"USW00094789","JFK INTERNATIONAL AIRPORT, NY US","2012-05-18",,"69","51",
"USW00094789","JFK INTERNATIONAL AIRPORT, NY US","2012-05-19",,"78","52",
"USW00094789","JFK INTERNATIONAL AIRPORT, NY US","2012-05-20",,"78","55",
"USW00094789","JFK INTERNATIONAL AIRPORT, NY US","2012-05-21",,"64","60",
"USW00094789","JFK INTERNATIONAL AIRPORT, NY US","2012-05-22",,"69","61",
"USW00094789","JFK INTERNATIONAL AIRPORT, NY US","2012-05-23",,"74","59",
"USW00094789","JFK INTERNATIONAL AIRPORT, NY US","2012-05-24",,"68","62",
"USW00094789","JFK INTERNATIONAL AIRPORT, NY US","2012-05-25",,"74","63",
"USW00094789","JFK INTERNATIONAL AIRPORT, NY US","2012-05-26",,"81","63",
"USW00094789","JFK INTERNATIONAL AIRPORT, NY US","2012-05-27",,"78","65",
"USW00094789","JFK INTERNATIONAL AIRPORT, NY US","2012-05-28",,"85","68",
"USW00094789","JFK INTERNATIONAL AIRPORT, NY US","2012-05-29",,"84","71",
"USW00094789","JFK INTERNATIONAL AIRPORT, NY US","2012-05-30",,"77","66",
"USW00094789","JFK INTERNATIONAL AIRPORT, NY US","2012-05-31",,"82","65",
"USW00094789","JFK INTERNATIONAL AIRPORT, NY US","2012-06-01",,"72","62",
"USW00094789","JFK INTERNATIONAL AIRPORT, NY US","2012-06-02",,"76","62",
"USW00094789","JFK INTERNATIONAL AIRPORT, NY US","2012-06-03",,"78","58",
"USW00094789","JFK INTERNATIONAL AIRPORT, NY US","2012-06-04",,"65","54",
"USW00094789","JFK INTERNATIONAL AIRPORT, NY US","2012-06-05",,"67","51",
"USW00094789","JFK INTERNATIONAL AIRPORT, NY US","2012-06-06",,"71","53",
"USW00094789","JFK INTERNATIONAL AIRPORT, NY US","2012-06-07",,"76","59",
"USW00094789","JFK INTERNATIONAL AIRPORT, NY US","2012-06-08",,"78","59",
"USW00094789","JFK INTERNATIONAL AIRPORT, NY US","2012-06-09",,"80","63",
"USW00094789","JFK INTERNATIONAL AIRPORT, NY US","2012-06-10",,"80","65",
"USW00094789","JFK INTERNATIONAL AIRPORT, NY US","2012-06-11",,"75","64",
"USW00094789","JFK INTERNATIONAL AIRPORT, NY US","2012-06-12",,"73","64",
"USW00094789","JFK INTERNATIONAL AIRPORT, NY US","2012-06-13",,"69","65",
"USW00094789","JFK INTERNATIONAL AIRPORT, NY US","2012-06-14",,"73","62",
"USW00094789","JFK INTERNATIONAL AIRPORT, NY US","2012-06-15",,"80","59",
"USW00094789","JFK INTERNATIONAL AIRPORT, NY US","2012-06-16",,"79","59",
"USW00094789","JFK INTERNATIONAL AIRPORT, NY US","2012-06-17",,"70","57",
"USW00094789","JFK INTERNATIONAL AIRPORT, NY US","2012-06-18",,"68","55",
"USW00094789","JFK INTERNATIONAL AIRPORT, NY US","2012-06-19",,"74","62",
"USW00094789","JFK INTERNATIONAL AIRPORT, NY US","2012-06-20",,"94","69",
"USW00094789","JFK INTERNATIONAL AIRPORT, NY US","2012-06-21",,"97","79",
"USW00094789","JFK INTERNATIONAL AIRPORT, NY US","2012-06-22",,"94","72",
"USW00094789","JFK INTERNATIONAL AIRPORT, NY US","2012-06-23",,"87","69",
"USW00094789","JFK INTERNATIONAL AIRPORT, NY US","2012-06-24",,"82","65",
"USW00094789","JFK INTERNATIONAL AIRPORT, NY US","2012-06-25",,"75","62",
"USW00094789","JFK INTERNATIONAL AIRPORT, NY US","2012-06-26",,"76","57",
"USW00094789","JFK INTERNATIONAL AIRPORT, NY US","2012-06-27",,"84","65",
"USW00094789","JFK INTERNATIONAL AIRPORT, NY US","2012-06-28",,"86","68",
"USW00094789","JFK INTERNATIONAL AIRPORT, NY US","2012-06-29",,"92","71",
"USW00094789","JFK INTERNATIONAL AIRPORT, NY US","2012-06-30",,"93","75",
"USW00094789","JFK INTERNATIONAL AIRPORT, NY US","2012-07-01",,"91","70",
"USW00094789","JFK INTERNATIONAL AIRPORT, NY US","2012-07-02",,"89","72",
"USW00094789","JFK INTERNATIONAL AIRPORT, NY US","2012-07-03",,"88","70",
"USW00094789","JFK INTERNATIONAL AIRPORT, NY US","2012-07-04",,"89","72",
"USW00094789","JFK INTERNATIONAL AIRPORT, NY US","2012-07-05",,"95","77",
"USW00094789","JFK INTERNATIONAL AIRPORT, NY US","2012-07-06",,"86","72",
"USW00094789","JFK INTERNATIONAL AIRPORT, NY US","2012-07-07",,"99","75",
"USW00094789","JFK INTERNATIONAL AIRPORT, NY US","2012-07-08",,"89","75",
"USW00094789","JFK INTERNATIONAL AIRPORT, NY US","2012-07-09",,"84","71",
"USW00094789","JFK INTERNATIONAL AIRPORT, NY US","2012-07-10",,"83","70",
"USW00094789","JFK INTERNATIONAL AIRPORT, NY US","2012-07-11",,"83","70",
"USW00094789","JFK INTERNATIONAL AIRPORT, NY US","2012-07-12",,"84","68",
"USW00094789","JFK INTERNATIONAL AIRPORT, NY US","2012-07-13",,"85","71",
"USW00094789","JFK INTERNATIONAL AIRPORT, NY US","2012-07-14",,"87","75",
"USW00094789","JFK INTERNATIONAL AIRPORT, NY US","2012-07-15",,"87","73",
"USW00094789","JFK INTERNATIONAL AIRPORT, NY US","2012-07-16",,"93","72",
"USW00094789","JFK INTERNATIONAL AIRPORT, NY US","2012-07-17",,"91","76",
"USW00094789","JFK INTERNATIONAL AIRPORT, NY US","2012-07-18",,"96","74",
"USW00094789","JFK INTERNATIONAL AIRPORT, NY US","2012-07-19",,"77","72",
"USW00094789","JFK INTERNATIONAL AIRPORT, NY US","2012-07-20",,"72","62",
"USW00094789","JFK INTERNATIONAL AIRPORT, NY US","2012-07-21",,"76","62",
"USW00094789","JFK INTERNATIONAL AIRPORT, NY US","2012-07-22",,"80","65",
"USW00094789","JFK INTERNATIONAL AIRPORT, NY US","2012-07-23",,"84","69",
"USW00094789","JFK INTERNATIONAL AIRPORT, NY US","2012-07-24",,"95","74",
"USW00094789","JFK INTERNATIONAL AIRPORT, NY US","2012-07-25",,"87","67",
"USW00094789","JFK INTERNATIONAL AIRPORT, NY US","2012-07-26",,"88","72",
"USW00094789","JFK INTERNATIONAL AIRPORT, NY US","2012-07-27",,"90","73",
"USW00094789","JFK INTERNATIONAL AIRPORT, NY US","2012-07-28",,"81","69",
"USW00094789","JFK INTERNATIONAL AIRPORT, NY US","2012-07-29",,"79","69",
"USW00094789","JFK INTERNATIONAL AIRPORT, NY US","2012-07-30",,"79","67",
"USW00094789","JFK INTERNATIONAL AIRPORT, NY US","2012-07-31",,"79","70",
"USW00094789","JFK INTERNATIONAL AIRPORT, NY US","2012-08-01",,"82","72",
"USW00094789","JFK INTERNATIONAL AIRPORT, NY US","2012-08-02",,"86","71",
"USW00094789","JFK INTERNATIONAL AIRPORT, NY US","2012-08-03",,"87","74",
"USW00094789","JFK INTERNATIONAL AIRPORT, NY US","2012-08-04",,"88","74",
"USW00094789","JFK INTERNATIONAL AIRPORT, NY US","2012-08-05",,"87","73",
"USW00094789","JFK INTERNATIONAL AIRPORT, NY US","2012-08-06",,"90","73",
"USW00094789","JFK INTERNATIONAL AIRPORT, NY US","2012-08-07",,"81","68",
"USW00094789","JFK INTERNATIONAL AIRPORT, NY US","2012-08-08",,"86","71",
"USW00094789","JFK INTERNATIONAL AIRPORT, NY US","2012-08-09",,"86","73",
"USW00094789","JFK INTERNATIONAL AIRPORT, NY US","2012-08-10",,"82","70",
"USW00094789","JFK INTERNATIONAL AIRPORT, NY US","2012-08-11",,"85","75",
"USW00094789","JFK INTERNATIONAL AIRPORT, NY US","2012-08-12",,"85","74",
"USW00094789","JFK INTERNATIONAL AIRPORT, NY US","2012-08-13",,"87","71",
"USW00094789","JFK INTERNATIONAL AIRPORT, NY US","2012-08-14",,"81","70",
"USW00094789","JFK INTERNATIONAL AIRPORT, NY US","2012-08-15",,"83","69",
"USW00094789","JFK INTERNATIONAL AIRPORT, NY US","2012-08-16",,"88","69",
"USW00094789","JFK INTERNATIONAL AIRPORT, NY US","2012-08-17",,"85","69",
"USW00094789","JFK INTERNATIONAL AIRPORT, NY US","2012-08-18",,"81","64",
"USW00094789","JFK INTERNATIONAL AIRPORT, NY US","2012-08-19",,"77","63",
"USW00094789","JFK INTERNATIONAL AIRPORT, NY US","2012-08-20",,"77","66",
"USW00094789","JFK INTERNATIONAL AIRPORT, NY US","2012-08-21",,"81","69",
"USW00094789","JFK INTERNATIONAL AIRPORT, NY US","2012-08-22",,"82","67",
"USW00094789","JFK INTERNATIONAL AIRPORT, NY US","2012-08-23",,"82","68",
"USW00094789","JFK INTERNATIONAL AIRPORT, NY US","2012-08-24",,"85","68",
"USW00094789","JFK INTERNATIONAL AIRPORT, NY US","2012-08-25",,"84","70",
"USW00094789","JFK INTERNATIONAL AIRPORT, NY US","2012-08-26",,"81","67",
"USW00094789","JFK INTERNATIONAL AIRPORT, NY US","2012-08-27",,"82","69",
"USW00094789","JFK INTERNATIONAL AIRPORT, NY US","2012-08-28",,"89","74",
"USW00094789","JFK INTERNATIONAL AIRPORT, NY US","2012-08-29",,"79","67",
"USW00094789","JFK INTERNATIONAL AIRPORT, NY US","2012-08-30",,"84","62",
"USW00094789","JFK INTERNATIONAL AIRPORT, NY US","2012-08-31",,"90","65",
"USW00094789","JFK INTERNATIONAL AIRPORT, NY US","2012-09-01",,"92","73",
"USW00094789","JFK INTERNATIONAL AIRPORT, NY US","2012-09-02",,"81","71",
"USW00094789","JFK INTERNATIONAL AIRPORT, NY US","2012-09-03",,"76","70",
"USW00094789","JFK INTERNATIONAL AIRPORT, NY US","2012-09-04",,"80","71",
"USW00094789","JFK INTERNATIONAL AIRPORT, NY US","2012-09-05",,"84","72",
"USW00094789","JFK INTERNATIONAL AIRPORT, NY US","2012-09-06",,"80","69",
"USW00094789","JFK INTERNATIONAL AIRPORT, NY US","2012-09-07",,"83","70",
"USW00094789","JFK INTERNATIONAL AIRPORT, NY US","2012-09-08",,"83","66",
"USW00094789","JFK INTERNATIONAL AIRPORT, NY US","2012-09-09",,"76","65",
"USW00094789","JFK INTERNATIONAL AIRPORT, NY US","2012-09-10",,"75","59",
"USW00094789","JFK INTERNATIONAL AIRPORT, NY US","2012-09-11",,"76","54",
"USW00094789","JFK INTERNATIONAL AIRPORT, NY US","2012-09-12",,"77","60",
"USW00094789","JFK INTERNATIONAL AIRPORT, NY US","2012-09-13",,"76","62",
"USW00094789","JFK INTERNATIONAL AIRPORT, NY US","2012-09-14",,"77","63",
"USW00094789","JFK INTERNATIONAL AIRPORT, NY US","2012-09-15",,"75","61",
"USW00094789","JFK INTERNATIONAL AIRPORT, NY US","2012-09-16",,"75","58",
"USW00094789","JFK INTERNATIONAL AIRPORT, NY US","2012-09-17",,"76","56",
"USW00094789","JFK INTERNATIONAL AIRPORT, NY US","2012-09-18",,"78","68",
"USW00094789","JFK INTERNATIONAL AIRPORT, NY US","2012-09-19",,"72","57",
"USW00094789","JFK INTERNATIONAL AIRPORT, NY US","2012-09-20",,"71","54",
"USW00094789","JFK INTERNATIONAL AIRPORT, NY US","2012-09-21",,"72","57",
"USW00094789","JFK INTERNATIONAL AIRPORT, NY US","2012-09-22",,"76","56",
"USW00094789","JFK INTERNATIONAL AIRPORT, NY US","2012-09-23",,"70","56",
"USW00094789","JFK INTERNATIONAL AIRPORT, NY US","2012-09-24",,"69","52",
"USW00094789","JFK INTERNATIONAL AIRPORT, NY US","2012-09-25",,"73","56",
"USW00094789","JFK INTERNATIONAL AIRPORT, NY US","2012-09-26",,"75","65",
"USW00094789","JFK INTERNATIONAL AIRPORT, NY US","2012-09-27",,"77","66",
"USW00094789","JFK INTERNATIONAL AIRPORT, NY US","2012-09-28",,"74","62",
"USW00094789","JFK INTERNATIONAL AIRPORT, NY US","2012-09-29",,"66","59",
"USW00094789","JFK INTERNATIONAL AIRPORT, NY US","2012-09-30",,"70","57",
"USW00094789","JFK INTERNATIONAL AIRPORT, NY US","2012-10-01",,"72","54",
"USW00094789","JFK INTERNATIONAL AIRPORT, NY US","2012-10-02",,"71","63",
"USW00094789","JFK INTERNATIONAL AIRPORT, NY US","2012-10-03",,"74","65",
"USW00094789","JFK INTERNATIONAL AIRPORT, NY US","2012-10-04",,"75","67",
"USW00094789","JFK INTERNATIONAL AIRPORT, NY US","2012-10-05",,"77","61",
"USW00094789","JFK INTERNATIONAL AIRPORT, NY US","2012-10-06",,"76","54",
"USW00094789","JFK INTERNATIONAL AIRPORT, NY US","2012-10-07",,"56","47",
"USW00094789","JFK INTERNATIONAL AIRPORT, NY US","2012-10-08",,"56","45",
"USW00094789","JFK INTERNATIONAL AIRPORT, NY US","2012-10-09",,"59","52",
"USW00094789","JFK INTERNATIONAL AIRPORT, NY US","2012-10-10",,"68","54",
"USW00094789","JFK INTERNATIONAL AIRPORT, NY US","2012-10-11",,"60","48",
"USW00094789","JFK INTERNATIONAL AIRPORT, NY US","2012-10-12",,"60","43",
"USW00094789","JFK INTERNATIONAL AIRPORT, NY US","2012-10-13",,"55","37",
"USW00094789","JFK INTERNATIONAL AIRPORT, NY US","2012-10-14",,"72","55",
"USW00094789","JFK INTERNATIONAL AIRPORT, NY US","2012-10-15",,"69","61",
"USW00094789","JFK INTERNATIONAL AIRPORT, NY US","2012-10-16",,"61","48",
"USW00094789","JFK INTERNATIONAL AIRPORT, NY US","2012-10-17",,"60","42",
"USW00094789","JFK INTERNATIONAL AIRPORT, NY US","2012-10-18",,"66","45",
"USW00094789","JFK INTERNATIONAL AIRPORT, NY US","2012-10-19",,"67","62",
"USW00094789","JFK INTERNATIONAL AIRPORT, NY US","2012-10-20",,"70","55",
"USW00094789","JFK INTERNATIONAL AIRPORT, NY US","2012-10-21",,"68","51",
"USW00094789","JFK INTERNATIONAL AIRPORT, NY US","2012-10-22",,"69","51",
"USW00094789","JFK INTERNATIONAL AIRPORT, NY US","2012-10-23",,"66","52",
"USW00094789","JFK INTERNATIONAL AIRPORT, NY US","2012-10-24",,"62","57",
"USW00094789","JFK INTERNATIONAL AIRPORT, NY US","2012-10-25",,"62","54",
"USW00094789","JFK INTERNATIONAL AIRPORT, NY US","2012-10-26",,"71","57",
"USW00094789","JFK INTERNATIONAL AIRPORT, NY US","2012-10-27",,"67","59",
"USW00094789","JFK INTERNATIONAL AIRPORT, NY US","2012-10-28",,"60","53",
"USW00094789","JFK INTERNATIONAL AIRPORT, NY US","2012-10-29",,"66","52",
"USW00094789","JFK INTERNATIONAL AIRPORT, NY US","2012-10-30",,"59","48",
"USW00094789","JFK INTERNATIONAL AIRPORT, NY US","2012-10-31",,"52","46",
"USW00094789","JFK INTERNATIONAL AIRPORT, NY US","2012-11-01",,"52","45",
"USW00094789","JFK INTERNATIONAL AIRPORT, NY US","2012-11-02",,"54","43",
"USW00094789","JFK INTERNATIONAL AIRPORT, NY US","2012-11-03",,"52","41",
"USW00094789","JFK INTERNATIONAL AIRPORT, NY US","2012-11-04",,"53","39",
"USW00094789","JFK INTERNATIONAL AIRPORT, NY US","2012-11-05",,"47","36",
"USW00094789","JFK INTERNATIONAL AIRPORT, NY US","2012-11-06",,"45","31",
"USW00094789","JFK INTERNATIONAL AIRPORT, NY US","2012-11-07",,"41","32",
"USW00094789","JFK INTERNATIONAL AIRPORT, NY US","2012-11-08",,"45","32",
"USW00094789","JFK INTERNATIONAL AIRPORT, NY US","2012-11-09",,"53","35",
"USW00094789","JFK INTERNATIONAL AIRPORT, NY US","2012-11-10",,"54","42",
"USW00094789","JFK INTERNATIONAL AIRPORT, NY US","2012-11-11",,"60","41",
"USW00094789","JFK INTERNATIONAL AIRPORT, NY US","2012-11-12",,"63","46",
"USW00094789","JFK INTERNATIONAL AIRPORT, NY US","2012-11-13",,"58","40",
"USW00094789","JFK INTERNATIONAL AIRPORT, NY US","2012-11-14",,"49","37",
"USW00094789","JFK INTERNATIONAL AIRPORT, NY US","2012-11-15",,"45","36",
"USW00094789","JFK INTERNATIONAL AIRPORT, NY US","2012-11-16",,"48","36",
"USW00094789","JFK INTERNATIONAL AIRPORT, NY US","2012-11-17",,"53","36",
"USW00094789","JFK INTERNATIONAL AIRPORT, NY US","2012-11-18",,"51","37",
"USW00094789","JFK INTERNATIONAL AIRPORT, NY US","2012-11-19",,"48","38",
"USW00094789","JFK INTERNATIONAL AIRPORT, NY US","2012-11-20",,"53","37",
"USW00094789","JFK INTERNATIONAL AIRPORT, NY US","2012-11-21",,"54","38",
"USW00094789","JFK INTERNATIONAL AIRPORT, NY US","2012-11-22",,"55","38",
"USW00094789","JFK INTERNATIONAL AIRPORT, NY US","2012-11-23",,"53","34",
"USW00094789","JFK INTERNATIONAL AIRPORT, NY US","2012-11-24",,"49","36",
"USW00094789","JFK INTERNATIONAL AIRPORT, NY US","2012-11-25",,"43","34",
"USW00094789","JFK INTERNATIONAL AIRPORT, NY US","2012-11-26",,"49","35",
"USW00094789","JFK INTERNATIONAL AIRPORT, NY US","2012-11-27",,"42","36",
"USW00094789","JFK INTERNATIONAL AIRPORT, NY US","2012-11-28",,"44","34",
"USW00094789","JFK INTERNATIONAL AIRPORT, NY US","2012-11-29",,"44","34",
"USW00094789","JFK INTERNATIONAL AIRPORT, NY US","2012-11-30",,"47","33",
"USW00094789","JFK INTERNATIONAL AIRPORT, NY US","2012-12-01",,"45","39",
"USW00094789","JFK INTERNATIONAL AIRPORT, NY US","2012-12-02",,"50","41",
"USW00094789","JFK INTERNATIONAL AIRPORT, NY US","2012-12-03",,"62","43",
"USW00094789","JFK INTERNATIONAL AIRPORT, NY US","2012-12-04",,"58","43",
"USW00094789","JFK INTERNATIONAL AIRPORT, NY US","2012-12-05",,"56","35",
"USW00094789","JFK INTERNATIONAL AIRPORT, NY US","2012-12-06",,"41","30",
"USW00094789","JFK INTERNATIONAL AIRPORT, NY US","2012-12-07",,"47","29",
"USW00094789","JFK INTERNATIONAL AIRPORT, NY US","2012-12-08",,"50","46",
"USW00094789","JFK INTERNATIONAL AIRPORT, NY US","2012-12-09",,"48","42",
"USW00094789","JFK INTERNATIONAL AIRPORT, NY US","2012-12-10",,"56","46",
"USW00094789","JFK INTERNATIONAL AIRPORT, NY US","2012-12-11",,"55","41",
"USW00094789","JFK INTERNATIONAL AIRPORT, NY US","2012-12-12",,"45","35",
"USW00094789","JFK INTERNATIONAL AIRPORT, NY US","2012-12-13",,"47","33",
"USW00094789","JFK INTERNATIONAL AIRPORT, NY US","2012-12-14",,"49","32",
"USW00094789","JFK INTERNATIONAL AIRPORT, NY US","2012-12-15",,"49","34",
"USW00094789","JFK INTERNATIONAL AIRPORT, NY US","2012-12-16",,"49","41",
"USW00094789","JFK INTERNATIONAL AIRPORT, NY US","2012-12-17",,"47","42",
"USW00094789","JFK INTERNATIONAL AIRPORT, NY US","2012-12-18",,"56","45",
"USW00094789","JFK INTERNATIONAL AIRPORT, NY US","2012-12-19",,"49","39",
"USW00094789","JFK INTERNATIONAL AIRPORT, NY US","2012-12-20",,"49","32",
"USW00094789","JFK INTERNATIONAL AIRPORT, NY US","2012-12-21",,"56","37",
"USW00094789","JFK INTERNATIONAL AIRPORT, NY US","2012-12-22",,"40","36",
"USW00094789","JFK INTERNATIONAL AIRPORT, NY US","2012-12-23",,"44","35",
"USW00094789","JFK INTERNATIONAL AIRPORT, NY US","2012-12-24",,"41","32",
"USW00094789","JFK INTERNATIONAL AIRPORT, NY US","2012-12-25",,"44","31",
"USW00094789","JFK INTERNATIONAL AIRPORT, NY US","2012-12-26",,"43","28",
"USW00094789","JFK INTERNATIONAL AIRPORT, NY US","2012-12-27",,"46","31",
"USW00094789","JFK INTERNATIONAL AIRPORT, NY US","2012-12-28",,"40","30",
"USW00094789","JFK INTERNATIONAL AIRPORT, NY US","2012-12-29",,"37","28",
"USW00094789","JFK INTERNATIONAL AIRPORT, NY US","2012-12-30",,"37","29",
"USW00094789","JFK INTERNATIONAL AIRPORT, NY US","2012-12-31",,"39","28",
"USW00094789","JFK INTERNATIONAL AIRPORT, NY US","2013-01-01",,"41","27",
"USW00094789","JFK INTERNATIONAL AIRPORT, NY US","2013-01-02",,"35","23",
"USW00094789","JFK INTERNATIONAL AIRPORT, NY US","2013-01-03",,"33","25",
"USW00094789","JFK INTERNATIONAL AIRPORT, NY US","2013-01-04",,"39","30",
"USW00094789","JFK INTERNATIONAL AIRPORT, NY US","2013-01-05",,"45","32",
"USW00094789","JFK INTERNATIONAL AIRPORT, NY US","2013-01-06",,"45","33",
"USW00094789","JFK INTERNATIONAL AIRPORT, NY US","2013-01-07",,"47","30",
"USW00094789","JFK INTERNATIONAL AIRPORT, NY US","2013-01-08",,"49","30",
"USW00094789","JFK INTERNATIONAL AIRPORT, NY US","2013-01-09",,"48","33",
"USW00094789","JFK INTERNATIONAL AIRPORT, NY US","2013-01-10",,"50","37",
"USW00094789","JFK INTERNATIONAL AIRPORT, NY US","2013-01-11",,"47","33",
"USW00094789","JFK INTERNATIONAL AIRPORT, NY US","2013-01-12",,"49","43",
"USW00094789","JFK INTERNATIONAL AIRPORT, NY US","2013-01-13",,"47","42",
"USW00094789","JFK INTERNATIONAL AIRPORT, NY US","2013-01-14",,"58","39",
"USW00094789","JFK INTERNATIONAL AIRPORT, NY US","2013-01-15",,"39","35",
"USW00094789","JFK INTERNATIONAL AIRPORT, NY US","2013-01-16",,"38","33",
"USW00094789","JFK INTERNATIONAL AIRPORT, NY US","2013-01-17",,"46","36",
"USW00094789","JFK INTERNATIONAL AIRPORT, NY US","2013-01-18",,"36","25",
"USW00094789","JFK INTERNATIONAL AIRPORT, NY US","2013-01-19",,"52","31",
"USW00094789","JFK INTERNATIONAL AIRPORT, NY US","2013-01-20",,"56","31",
"USW00094789","JFK INTERNATIONAL AIRPORT, NY US","2013-01-21",,"33","26",
"USW00094789","JFK INTERNATIONAL AIRPORT, NY US","2013-01-22",,"28","14",
"USW00094789","JFK INTERNATIONAL AIRPORT, NY US","2013-01-23",,"21","12",
"USW00094789","JFK INTERNATIONAL AIRPORT, NY US","2013-01-24",,"26","13",
"USW00094789","JFK INTERNATIONAL AIRPORT, NY US","2013-01-25",,"24","14",
"USW00094789","JFK INTERNATIONAL AIRPORT, NY US","2013-01-26",,"27","14",
"USW00094789","JFK INTERNATIONAL AIRPORT, NY US","2013-01-27",,"35","18",
"USW00094789","JFK INTERNATIONAL AIRPORT, NY US","2013-01-28",,"35","24",
"USW00094789","JFK INTERNATIONAL AIRPORT, NY US","2013-01-29",,"48","34",
"USW00094789","JFK INTERNATIONAL AIRPORT, NY US","2013-01-30",,"52","41",
"USW00094789","JFK INTERNATIONAL AIRPORT, NY US","2013-01-31",,"56","30",
"USW00094789","JFK INTERNATIONAL AIRPORT, NY US","2013-02-01",,"33","24",
"USW00094789","JFK INTERNATIONAL AIRPORT, NY US","2013-02-02",,"31","20",
"USW00094789","JFK INTERNATIONAL AIRPORT, NY US","2013-02-03",,"32","22",
"USW00094789","JFK INTERNATIONAL AIRPORT, NY US","2013-02-04",,"32","24",
"USW00094789","JFK INTERNATIONAL AIRPORT, NY US","2013-02-05",,"32","28",
"USW00094789","JFK INTERNATIONAL AIRPORT, NY US","2013-02-06",,"41","29",
"USW00094789","JFK INTERNATIONAL AIRPORT, NY US","2013-02-07",,"33","23",
"USW00094789","JFK INTERNATIONAL AIRPORT, NY US","2013-02-08",,"36","27",
"USW00094789","JFK INTERNATIONAL AIRPORT, NY US","2013-02-09",,"32","21",
"USW00094789","JFK INTERNATIONAL AIRPORT, NY US","2013-02-10",,"34","17",
"USW00094789","JFK INTERNATIONAL AIRPORT, NY US","2013-02-11",,"45","34",
"USW00094789","JFK INTERNATIONAL AIRPORT, NY US","2013-02-12",,"47","37",
"USW00094789","JFK INTERNATIONAL AIRPORT, NY US","2013-02-13",,"43","28",
"USW00094789","JFK INTERNATIONAL AIRPORT, NY US","2013-02-14",,"45","32",
"USW00094789","JFK INTERNATIONAL AIRPORT, NY US","2013-02-15",,"49","32",
"USW00094789","JFK INTERNATIONAL AIRPORT, NY US","2013-02-16",,"45","31",
"USW00094789","JFK INTERNATIONAL AIRPORT, NY US","2013-02-17",,"34","18",
"USW00094789","JFK INTERNATIONAL AIRPORT, NY US","2013-02-18",,"36","18",
"USW00094789","JFK INTERNATIONAL AIRPORT, NY US","2013-02-19",,"45","31",
"USW00094789","JFK INTERNATIONAL AIRPORT, NY US","2013-02-20",,"39","26",
"USW00094789","JFK INTERNATIONAL AIRPORT, NY US","2013-02-21",,"37","24",
"USW00094789","JFK INTERNATIONAL AIRPORT, NY US","2013-02-22",,"38","26",
"USW00094789","JFK INTERNATIONAL AIRPORT, NY US","2013-02-23",,"44","36",
"USW00094789","JFK INTERNATIONAL AIRPORT, NY US","2013-02-24",,"49","34",
"USW00094789","JFK INTERNATIONAL AIRPORT, NY US","2013-02-25",,"46","31",
"USW00094789","JFK INTERNATIONAL AIRPORT, NY US","2013-02-26",,"44","31",
"USW00094789","JFK INTERNATIONAL AIRPORT, NY US","2013-02-27",,"49","38",
"USW00094789","JFK INTERNATIONAL AIRPORT, NY US","2013-02-28",,"51","40",
"USW00094789","JFK INTERNATIONAL AIRPORT, NY US","2013-03-01",,"47","36",
"USW00094789","JFK INTERNATIONAL AIRPORT, NY US","2013-03-02",,"41","32",
"USW00094789","JFK INTERNATIONAL AIRPORT, NY US","2013-03-03",,"42","29",
"USW00094789","JFK INTERNATIONAL AIRPORT, NY US","2013-03-04",,"44","27",
"USW00094789","JFK INTERNATIONAL AIRPORT, NY US","2013-03-05",,"48","31",
"USW00094789","JFK INTERNATIONAL AIRPORT, NY US","2013-03-06",,"45","35",
"USW00094789","JFK INTERNATIONAL AIRPORT, NY US","2013-03-07",,"39","33",
"USW00094789","JFK INTERNATIONAL AIRPORT, NY US","2013-03-08",,"40","31",
"USW00094789","JFK INTERNATIONAL AIRPORT, NY US","2013-03-09",,"55","34",
"USW00094789","JFK INTERNATIONAL AIRPORT, NY US","2013-03-10",,"43","31",
"USW00094789","JFK INTERNATIONAL AIRPORT, NY US","2013-03-11",,"52","39",
"USW00094789","JFK INTERNATIONAL AIRPORT, NY US","2013-03-12",,"53","43",
"USW00094789","JFK INTERNATIONAL AIRPORT, NY US","2013-03-13",,"53","38",
"USW00094789","JFK INTERNATIONAL AIRPORT, NY US","2013-03-14",,"42","30",
"USW00094789","JFK INTERNATIONAL AIRPORT, NY US","2013-03-15",,"48","30",
"USW00094789","JFK INTERNATIONAL AIRPORT, NY US","2013-03-16",,"41","33",
"USW00094789","JFK INTERNATIONAL AIRPORT, NY US","2013-03-17",,"39","30",
"USW00094789","JFK INTERNATIONAL AIRPORT, NY US","2013-03-18",,"36","26",
"USW00094789","JFK INTERNATIONAL AIRPORT, NY US","2013-03-19",,"45","35",
"USW00094789","JFK INTERNATIONAL AIRPORT, NY US","2013-03-20",,"47","32",
"USW00094789","JFK INTERNATIONAL AIRPORT, NY US","2013-03-21",,"39","31",
"USW00094789","JFK INTERNATIONAL AIRPORT, NY US","2013-03-22",,"44","29",
"USW00094789","JFK INTERNATIONAL AIRPORT, NY US","2013-03-23",,"48","32",
"USW00094789","JFK INTERNATIONAL AIRPORT, NY US","2013-03-24",,"47","32",
"USW00094789","JFK INTERNATIONAL AIRPORT, NY US","2013-03-25",,"40","34",
"USW00094789","JFK INTERNATIONAL AIRPORT, NY US","2013-03-26",,"53","36",
"USW00094789","JFK INTERNATIONAL AIRPORT, NY US","2013-03-27",,"54","35",
"USW00094789","JFK INTERNATIONAL AIRPORT, NY US","2013-03-28",,"53","37",
"USW00094789","JFK INTERNATIONAL AIRPORT, NY US","2013-03-29",,"56","41",
"USW00094789","JFK INTERNATIONAL AIRPORT, NY US","2013-03-30",,"58","39",
"USW00094789","JFK INTERNATIONAL AIRPORT, NY US","2013-03-31",,"52","35",
"USW00094789","JFK INTERNATIONAL AIRPORT, NY US","2013-04-01","49","63","37",
"USW00094789","JFK INTERNATIONAL AIRPORT, NY US","2013-04-02","40","45","33",
"USW00094789","JFK INTERNATIONAL AIRPORT, NY US","2013-04-03","40","48","33",
"USW00094789","JFK INTERNATIONAL AIRPORT, NY US","2013-04-04","39","45","32",
"USW00094789","JFK INTERNATIONAL AIRPORT, NY US","2013-04-05","47","64","40",
"USW00094789","JFK INTERNATIONAL AIRPORT, NY US","2013-04-06","43","49","36",
"USW00094789","JFK INTERNATIONAL AIRPORT, NY US","2013-04-07","44","52","37",
"USW00094789","JFK INTERNATIONAL AIRPORT, NY US","2013-04-08","53","68","42",
"USW00094789","JFK INTERNATIONAL AIRPORT, NY US","2013-04-09","62","83","47",
"USW00094789","JFK INTERNATIONAL AIRPORT, NY US","2013-04-10","59","71","53",
"USW00094789","JFK INTERNATIONAL AIRPORT, NY US","2013-04-11","54","60","47",
"USW00094789","JFK INTERNATIONAL AIRPORT, NY US","2013-04-12","45","48","41",
"USW00094789","JFK INTERNATIONAL AIRPORT, NY US","2013-04-13","45","58","39",
"USW00094789","JFK INTERNATIONAL AIRPORT, NY US","2013-04-14","51","59","45",
"USW00094789","JFK INTERNATIONAL AIRPORT, NY US","2013-04-15","48","53","43",
"USW00094789","JFK INTERNATIONAL AIRPORT, NY US","2013-04-16","51","58","45",
"USW00094789","JFK INTERNATIONAL AIRPORT, NY US","2013-04-17","58","70","47",
"USW00094789","JFK INTERNATIONAL AIRPORT, NY US","2013-04-18","51","57","45",
"USW00094789","JFK INTERNATIONAL AIRPORT, NY US","2013-04-19","56","65","50",
"USW00094789","JFK INTERNATIONAL AIRPORT, NY US","2013-04-20","55","59","45",
"USW00094789","JFK INTERNATIONAL AIRPORT, NY US","2013-04-21","46","54","37",
"USW00094789","JFK INTERNATIONAL AIRPORT, NY US","2013-04-22","45","53","37",
"USW00094789","JFK INTERNATIONAL AIRPORT, NY US","2013-04-23","45","52","42",
"USW00094789","JFK INTERNATIONAL AIRPORT, NY US","2013-04-24","50","58","42",
"USW00094789","JFK INTERNATIONAL AIRPORT, NY US","2013-04-25","54","64","46",
"USW00094789","JFK INTERNATIONAL AIRPORT, NY US","2013-04-26","54","65","43",
"USW00094789","JFK INTERNATIONAL AIRPORT, NY US","2013-04-27","55","66","46",
"USW00094789","JFK INTERNATIONAL AIRPORT, NY US","2013-04-28","53","63","45",
"USW00094789","JFK INTERNATIONAL AIRPORT, NY US","2013-04-29","53","55","50",
"USW00094789","JFK INTERNATIONAL AIRPORT, NY US","2013-04-30","56","63","46",
"USW00094789","JFK INTERNATIONAL AIRPORT, NY US","2013-05-01","54","65","43",
"USW00094789","JFK INTERNATIONAL AIRPORT, NY US","2013-05-02","54","63","44",
"USW00094789","JFK INTERNATIONAL AIRPORT, NY US","2013-05-03","54","61","47",
"USW00094789","JFK INTERNATIONAL AIRPORT, NY US","2013-05-04","53","64","45",
"USW00094789","JFK INTERNATIONAL AIRPORT, NY US","2013-05-05","50","57","44",
"USW00094789","JFK INTERNATIONAL AIRPORT, NY US","2013-05-06","53","62","45",
"USW00094789","JFK INTERNATIONAL AIRPORT, NY US","2013-05-07","57","72","48",
"USW00094789","JFK INTERNATIONAL AIRPORT, NY US","2013-05-08","61","64","55",
"USW00094789","JFK INTERNATIONAL AIRPORT, NY US","2013-05-09","59","70","55",
"USW00094789","JFK INTERNATIONAL AIRPORT, NY US","2013-05-10","63","76","54",
"USW00094789","JFK INTERNATIONAL AIRPORT, NY US","2013-05-11","61","65","59",
"USW00094789","JFK INTERNATIONAL AIRPORT, NY US","2013-05-12","63","70","51",
"USW00094789","JFK INTERNATIONAL AIRPORT, NY US","2013-05-13","53","58","46",
"USW00094789","JFK INTERNATIONAL AIRPORT, NY US","2013-05-14","51","60","43",
"USW00094789","JFK INTERNATIONAL AIRPORT, NY US","2013-05-15","55","62","48",
"USW00094789","JFK INTERNATIONAL AIRPORT, NY US","2013-05-16","64","74","56",
"USW00094789","JFK INTERNATIONAL AIRPORT, NY US","2013-05-17","65","73","55",
"USW00094789","JFK INTERNATIONAL AIRPORT, NY US","2013-05-18","59","63","54",
"USW00094789","JFK INTERNATIONAL AIRPORT, NY US","2013-05-19","57","58","55",
"USW00094789","JFK INTERNATIONAL AIRPORT, NY US","2013-05-20","62","72","57",
"USW00094789","JFK INTERNATIONAL AIRPORT, NY US","2013-05-21","67","77","60",
"USW00094789","JFK INTERNATIONAL AIRPORT, NY US","2013-05-22","65","72","58",
"USW00094789","JFK INTERNATIONAL AIRPORT, NY US","2013-05-23","65","71","61",
"USW00094789","JFK INTERNATIONAL AIRPORT, NY US","2013-05-24","60","69","46",
"USW00094789","JFK INTERNATIONAL AIRPORT, NY US","2013-05-25","49","57","45",
"USW00094789","JFK INTERNATIONAL AIRPORT, NY US","2013-05-26","57","68","48",
"USW00094789","JFK INTERNATIONAL AIRPORT, NY US","2013-05-27","60","70","48",
"USW00094789","JFK INTERNATIONAL AIRPORT, NY US","2013-05-28","58","68","53",
"USW00094789","JFK INTERNATIONAL AIRPORT, NY US","2013-05-29","63","75","56",
"USW00094789","JFK INTERNATIONAL AIRPORT, NY US","2013-05-30","72","86","63",
"USW00094789","JFK INTERNATIONAL AIRPORT, NY US","2013-05-31","73","84","65",
"USW00094789","JFK INTERNATIONAL AIRPORT, NY US","2013-06-01","71","79","64",
"USW00094789","JFK INTERNATIONAL AIRPORT, NY US","2013-06-02","68","74","63",
"USW00094789","JFK INTERNATIONAL AIRPORT, NY US","2013-06-03","67","76","62",
"USW00094789","JFK INTERNATIONAL AIRPORT, NY US","2013-06-04","67","76","59",
"USW00094789","JFK INTERNATIONAL AIRPORT, NY US","2013-06-05","65","71","57",
"USW00094789","JFK INTERNATIONAL AIRPORT, NY US","2013-06-06","63","71","58",
"USW00094789","JFK INTERNATIONAL AIRPORT, NY US","2013-06-07","62","64","60",
"USW00094789","JFK INTERNATIONAL AIRPORT, NY US","2013-06-08","65","76","57",
"USW00094789","JFK INTERNATIONAL AIRPORT, NY US","2013-06-09","70","78","64",
"USW00094789","JFK INTERNATIONAL AIRPORT, NY US","2013-06-10","66","69","63",
"USW00094789","JFK INTERNATIONAL AIRPORT, NY US","2013-06-11","71","81","65",
"USW00094789","JFK INTERNATIONAL AIRPORT, NY US","2013-06-12","72","78","61",
"USW00094789","JFK INTERNATIONAL AIRPORT, NY US","2013-06-13","66","66","56",
"USW00094789","JFK INTERNATIONAL AIRPORT, NY US","2013-06-14","61","72","54",
"USW00094789","JFK INTERNATIONAL AIRPORT, NY US","2013-06-15","70","82","62",
"USW00094789","JFK INTERNATIONAL AIRPORT, NY US","2013-06-16","69","80","62",
"USW00094789","JFK INTERNATIONAL AIRPORT, NY US","2013-06-17","74","82","67",
"USW00094789","JFK INTERNATIONAL AIRPORT, NY US","2013-06-18","70","78","65",
"USW00094789","JFK INTERNATIONAL AIRPORT, NY US","2013-06-19","68","77","60",
"USW00094789","JFK INTERNATIONAL AIRPORT, NY US","2013-06-20","67","74","59",
"USW00094789","JFK INTERNATIONAL AIRPORT, NY US","2013-06-21","68","76","59",
"USW00094789","JFK INTERNATIONAL AIRPORT, NY US","2013-06-22","68","77","61",
"USW00094789","JFK INTERNATIONAL AIRPORT, NY US","2013-06-23","71","80","65",
"USW00094789","JFK INTERNATIONAL AIRPORT, NY US","2013-06-24","76","90","70",
"USW00094789","JFK INTERNATIONAL AIRPORT, NY US","2013-06-25","80","91","70",
"USW00094789","JFK INTERNATIONAL AIRPORT, NY US","2013-06-26","80","85","71",
"USW00094789","JFK INTERNATIONAL AIRPORT, NY US","2013-06-27","76","84","71",
"USW00094789","JFK INTERNATIONAL AIRPORT, NY US","2013-06-28","76","82","71",
"USW00094789","JFK INTERNATIONAL AIRPORT, NY US","2013-06-29","74","80","69",
"USW00094789","JFK INTERNATIONAL AIRPORT, NY US","2013-06-30","73","81","69",
"USW00094789","JFK INTERNATIONAL AIRPORT, NY US","2013-07-01","73","78","71",
"USW00094789","JFK INTERNATIONAL AIRPORT, NY US","2013-07-02","73","79","71",
"USW00094789","JFK INTERNATIONAL AIRPORT, NY US","2013-07-03","74","81","70",
"USW00094789","JFK INTERNATIONAL AIRPORT, NY US","2013-07-04","77","84","72",
"USW00094789","JFK INTERNATIONAL AIRPORT, NY US","2013-07-05","79","87","73",
"USW00094789","JFK INTERNATIONAL AIRPORT, NY US","2013-07-06","82","93","75",
"USW00094789","JFK INTERNATIONAL AIRPORT, NY US","2013-07-07","83","88","78",
"USW00094789","JFK INTERNATIONAL AIRPORT, NY US","2013-07-08","81","87","74",
"USW00094789","JFK INTERNATIONAL AIRPORT, NY US","2013-07-09","79","87","73",
"USW00094789","JFK INTERNATIONAL AIRPORT, NY US","2013-07-10","78","85","72",
"USW00094789","JFK INTERNATIONAL AIRPORT, NY US","2013-07-11","78","88","73",
"USW00094789","JFK INTERNATIONAL AIRPORT, NY US","2013-07-12","76","79","70",
"USW00094789","JFK INTERNATIONAL AIRPORT, NY US","2013-07-13","75","85","71",
"USW00094789","JFK INTERNATIONAL AIRPORT, NY US","2013-07-14","80","89","73",
"USW00094789","JFK INTERNATIONAL AIRPORT, NY US","2013-07-15","85","97","77",
"USW00094789","JFK INTERNATIONAL AIRPORT, NY US","2013-07-16","87","96","78",
"USW00094789","JFK INTERNATIONAL AIRPORT, NY US","2013-07-17","87","95","79",
"USW00094789","JFK INTERNATIONAL AIRPORT, NY US","2013-07-18","86","100","77",
"USW00094789","JFK INTERNATIONAL AIRPORT, NY US","2013-07-19","86","95","80",
"USW00094789","JFK INTERNATIONAL AIRPORT, NY US","2013-07-20","86","96","77",
"USW00094789","JFK INTERNATIONAL AIRPORT, NY US","2013-07-21","82","88","75",
"USW00094789","JFK INTERNATIONAL AIRPORT, NY US","2013-07-22","78","86","74",
"USW00094789","JFK INTERNATIONAL AIRPORT, NY US","2013-07-23","79","87","73",
"USW00094789","JFK INTERNATIONAL AIRPORT, NY US","2013-07-24","81","88","70",
"USW00094789","JFK INTERNATIONAL AIRPORT, NY US","2013-07-25","68","70","63",
"USW00094789","JFK INTERNATIONAL AIRPORT, NY US","2013-07-26","71","84","64",
"USW00094789","JFK INTERNATIONAL AIRPORT, NY US","2013-07-27","74","81","68",
"USW00094789","JFK INTERNATIONAL AIRPORT, NY US","2013-07-28","73","78","68",
"USW00094789","JFK INTERNATIONAL AIRPORT, NY US","2013-07-29","76","84","71",
"USW00094789","JFK INTERNATIONAL AIRPORT, NY US","2013-07-30","77","85","67",
"USW00094789","JFK INTERNATIONAL AIRPORT, NY US","2013-07-31","76","82","68",
"USW00094789","JFK INTERNATIONAL AIRPORT, NY US","2013-08-01","72","77","68",
"USW00094789","JFK INTERNATIONAL AIRPORT, NY US","2013-08-02","75","85","68",
"USW00094789","JFK INTERNATIONAL AIRPORT, NY US","2013-08-03","75","78","70",
"USW00094789","JFK INTERNATIONAL AIRPORT, NY US","2013-08-04","75","83","67",
"USW00094789","JFK INTERNATIONAL AIRPORT, NY US","2013-08-05","72","80","64",
"USW00094789","JFK INTERNATIONAL AIRPORT, NY US","2013-08-06","72","80","64",
"USW00094789","JFK INTERNATIONAL AIRPORT, NY US","2013-08-07","74","80","70",
"USW00094789","JFK INTERNATIONAL AIRPORT, NY US","2013-08-08","74","81","70",
"USW00094789","JFK INTERNATIONAL AIRPORT, NY US","2013-08-09","76","82","74",
"USW00094789","JFK INTERNATIONAL AIRPORT, NY US","2013-08-10","78","85","71",
"USW00094789","JFK INTERNATIONAL AIRPORT, NY US","2013-08-11","74","81","66",
"USW00094789","JFK INTERNATIONAL AIRPORT, NY US","2013-08-12","74","80","69",
"USW00094789","JFK INTERNATIONAL AIRPORT, NY US","2013-08-13","72","76","69",
"USW00094789","JFK INTERNATIONAL AIRPORT, NY US","2013-08-14","70","77","61",
"USW00094789","JFK INTERNATIONAL AIRPORT, NY US","2013-08-15","69","77","60",
"USW00094789","JFK INTERNATIONAL AIRPORT, NY US","2013-08-16","71","79","63",
"USW00094789","JFK INTERNATIONAL AIRPORT, NY US","2013-08-17","72","81","62",
"USW00094789","JFK INTERNATIONAL AIRPORT, NY US","2013-08-18","71","78","66",
"USW00094789","JFK INTERNATIONAL AIRPORT, NY US","2013-08-19","71","78","65",
"USW00094789","JFK INTERNATIONAL AIRPORT, NY US","2013-08-20","75","85","68",
"USW00094789","JFK INTERNATIONAL AIRPORT, NY US","2013-08-21","77","88","69",
"USW00094789","JFK INTERNATIONAL AIRPORT, NY US","2013-08-22","74","80","72",
"USW00094789","JFK INTERNATIONAL AIRPORT, NY US","2013-08-23","76","84","69",
"USW00094789","JFK INTERNATIONAL AIRPORT, NY US","2013-08-24","72","79","64",
"USW00094789","JFK INTERNATIONAL AIRPORT, NY US","2013-08-25","72","81","63",
"USW00094789","JFK INTERNATIONAL AIRPORT, NY US","2013-08-26","74","84","68",
"USW00094789","JFK INTERNATIONAL AIRPORT, NY US","2013-08-27","78","88","72",
"USW00094789","JFK INTERNATIONAL AIRPORT, NY US","2013-08-28","77","85","69",
"USW00094789","JFK INTERNATIONAL AIRPORT, NY US","2013-08-29","75","82","70",
"USW00094789","JFK INTERNATIONAL AIRPORT, NY US","2013-08-30","74","83","69",
"USW00094789","JFK INTERNATIONAL AIRPORT, NY US","2013-08-31","76","83","72",
"USW00094789","JFK INTERNATIONAL AIRPORT, NY US","2013-09-01","76","84","73",
"USW00094789","JFK INTERNATIONAL AIRPORT, NY US","2013-09-02","76","82","72",
"USW00094789","JFK INTERNATIONAL AIRPORT, NY US","2013-09-03","77","85","69",
"USW00094789","JFK INTERNATIONAL AIRPORT, NY US","2013-09-04","74","82","66",
"USW00094789","JFK INTERNATIONAL AIRPORT, NY US","2013-09-05","74","82","64",
"USW00094789","JFK INTERNATIONAL AIRPORT, NY US","2013-09-06","65","72","56",
"USW00094789","JFK INTERNATIONAL AIRPORT, NY US","2013-09-07","67","78","58",
"USW00094789","JFK INTERNATIONAL AIRPORT, NY US","2013-09-08","74","87","62",
"USW00094789","JFK INTERNATIONAL AIRPORT, NY US","2013-09-09","65","72","54",
"USW00094789","JFK INTERNATIONAL AIRPORT, NY US","2013-09-10","73","81","70",
"USW00094789","JFK INTERNATIONAL AIRPORT, NY US","2013-09-11","78","88","72",
"USW00094789","JFK INTERNATIONAL AIRPORT, NY US","2013-09-12","75","82","70",
"USW00094789","JFK INTERNATIONAL AIRPORT, NY US","2013-09-13","73","80","59",
"USW00094789","JFK INTERNATIONAL AIRPORT, NY US","2013-09-14","62","70","55",
"USW00094789","JFK INTERNATIONAL AIRPORT, NY US","2013-09-15","61","72","51",
"USW00094789","JFK INTERNATIONAL AIRPORT, NY US","2013-09-16","66","75","57",
"USW00094789","JFK INTERNATIONAL AIRPORT, NY US","2013-09-17","59","66","49",
"USW00094789","JFK INTERNATIONAL AIRPORT, NY US","2013-09-18","60","70","50",
"USW00094789","JFK INTERNATIONAL AIRPORT, NY US","2013-09-19","64","75","54",
"USW00094789","JFK INTERNATIONAL AIRPORT, NY US","2013-09-20","66","76","56",
"USW00094789","JFK INTERNATIONAL AIRPORT, NY US","2013-09-21","67","75","57",
"USW00094789","JFK INTERNATIONAL AIRPORT, NY US","2013-09-22","67","72","55",
"USW00094789","JFK INTERNATIONAL AIRPORT, NY US","2013-09-23","59","68","50",
"USW00094789","JFK INTERNATIONAL AIRPORT, NY US","2013-09-24","59","75","48",
"USW00094789","JFK INTERNATIONAL AIRPORT, NY US","2013-09-25","63","72","51",
"USW00094789","JFK INTERNATIONAL AIRPORT, NY US","2013-09-26","62","70","54",
"USW00094789","JFK INTERNATIONAL AIRPORT, NY US","2013-09-27","61","69","52",
"USW00094789","JFK INTERNATIONAL AIRPORT, NY US","2013-09-28","64","74","56",
"USW00094789","JFK INTERNATIONAL AIRPORT, NY US","2013-09-29","62","72","54",
"USW00094789","JFK INTERNATIONAL AIRPORT, NY US","2013-09-30","61","72","52",
"USW00094789","JFK INTERNATIONAL AIRPORT, NY US","2013-10-01","67","81","58",
"USW00094789","JFK INTERNATIONAL AIRPORT, NY US","2013-10-02","71","85","60",
"USW00094789","JFK INTERNATIONAL AIRPORT, NY US","2013-10-03","71","77","60",
"USW00094789","JFK INTERNATIONAL AIRPORT, NY US","2013-10-04","70","80","62",
"USW00094789","JFK INTERNATIONAL AIRPORT, NY US","2013-10-05","68","76","64",
"USW00094789","JFK INTERNATIONAL AIRPORT, NY US","2013-10-06","66","69","65",
"USW00094789","JFK INTERNATIONAL AIRPORT, NY US","2013-10-07","70","78","61",
"USW00094789","JFK INTERNATIONAL AIRPORT, NY US","2013-10-08","62","68","55",
"USW00094789","JFK INTERNATIONAL AIRPORT, NY US","2013-10-09","59","65","53",
"USW00094789","JFK INTERNATIONAL AIRPORT, NY US","2013-10-10","59","66","56",
"USW00094789","JFK INTERNATIONAL AIRPORT, NY US","2013-10-11","64","69","60",
"USW00094789","JFK INTERNATIONAL AIRPORT, NY US","2013-10-12","66","75","59",
"USW00094789","JFK INTERNATIONAL AIRPORT, NY US","2013-10-13","61","68","51",
"USW00094789","JFK INTERNATIONAL AIRPORT, NY US","2013-10-14","56","66","49",
"USW00094789","JFK INTERNATIONAL AIRPORT, NY US","2013-10-15","58","70","50",
"USW00094789","JFK INTERNATIONAL AIRPORT, NY US","2013-10-16","59","67","54",
"USW00094789","JFK INTERNATIONAL AIRPORT, NY US","2013-10-17","64","72","61",
"USW00094789","JFK INTERNATIONAL AIRPORT, NY US","2013-10-18","64","70","56",
"USW00094789","JFK INTERNATIONAL AIRPORT, NY US","2013-10-19","58","65","50",
"USW00094789","JFK INTERNATIONAL AIRPORT, NY US","2013-10-20","59","64","50",
"USW00094789","JFK INTERNATIONAL AIRPORT, NY US","2013-10-21","57","66","49",
"USW00094789","JFK INTERNATIONAL AIRPORT, NY US","2013-10-22","60","68","51",
"USW00094789","JFK INTERNATIONAL AIRPORT, NY US","2013-10-23","52","55","45",
"USW00094789","JFK INTERNATIONAL AIRPORT, NY US","2013-10-24","48","56","41",
"USW00094789","JFK INTERNATIONAL AIRPORT, NY US","2013-10-25","46","56","39",
"USW00094789","JFK INTERNATIONAL AIRPORT, NY US","2013-10-26","47","56","40",
"USW00094789","JFK INTERNATIONAL AIRPORT, NY US","2013-10-27","52","58","47",
"USW00094789","JFK INTERNATIONAL AIRPORT, NY US","2013-10-28","50","60","40",
"USW00094789","JFK INTERNATIONAL AIRPORT, NY US","2013-10-29","51","57","44",
"USW00094789","JFK INTERNATIONAL AIRPORT, NY US","2013-10-30","52","61","44",
"USW00094789","JFK INTERNATIONAL AIRPORT, NY US","2013-10-31","59","67","53",
"USW00094789","JFK INTERNATIONAL AIRPORT, NY US","2013-11-01","64","69","58",
"USW00094789","JFK INTERNATIONAL AIRPORT, NY US","2013-11-02","60","67","53",
"USW00094789","JFK INTERNATIONAL AIRPORT, NY US","2013-11-03","52","56","38",
"USW00094789","JFK INTERNATIONAL AIRPORT, NY US","2013-11-04","40","48","34",
"USW00094789","JFK INTERNATIONAL AIRPORT, NY US","2013-11-05","45","56","38",
"USW00094789","JFK INTERNATIONAL AIRPORT, NY US","2013-11-06","52","61","43",
"USW00094789","JFK INTERNATIONAL AIRPORT, NY US","2013-11-07","58","64","44",
"USW00094789","JFK INTERNATIONAL AIRPORT, NY US","2013-11-08","46","52","41",
"USW00094789","JFK INTERNATIONAL AIRPORT, NY US","2013-11-09","44","50","39",
"USW00094789","JFK INTERNATIONAL AIRPORT, NY US","2013-11-10","51","62","44",
"USW00094789","JFK INTERNATIONAL AIRPORT, NY US","2013-11-11","49","54","43",
"USW00094789","JFK INTERNATIONAL AIRPORT, NY US","2013-11-12","44","52","32",
"USW00094789","JFK INTERNATIONAL AIRPORT, NY US","2013-11-13","34","41","29",
"USW00094789","JFK INTERNATIONAL AIRPORT, NY US","2013-11-14","41","53","34",
"USW00094789","JFK INTERNATIONAL AIRPORT, NY US","2013-11-15","45","53","36",
"USW00094789","JFK INTERNATIONAL AIRPORT, NY US","2013-11-16","49","56","43",
"USW00094789","JFK INTERNATIONAL AIRPORT, NY US","2013-11-17","53","62","46",
"USW00094789","JFK INTERNATIONAL AIRPORT, NY US","2013-11-18","59","67","52",
"USW00094789","JFK INTERNATIONAL AIRPORT, NY US","2013-11-19","49","52","36",
"USW00094789","JFK INTERNATIONAL AIRPORT, NY US","2013-11-20","38","46","31",
"USW00094789","JFK INTERNATIONAL AIRPORT, NY US","2013-11-21","40","52","31",
"USW00094789","JFK INTERNATIONAL AIRPORT, NY US","2013-11-22","52","57","49",
"USW00094789","JFK INTERNATIONAL AIRPORT, NY US","2013-11-23","48","55","32",
"USW00094789","JFK INTERNATIONAL AIRPORT, NY US","2013-11-24","30","32","24",
"USW00094789","JFK INTERNATIONAL AIRPORT, NY US","2013-11-25","28","36","23",
"USW00094789","JFK INTERNATIONAL AIRPORT, NY US","2013-11-26","36","53","34",
"USW00094789","JFK INTERNATIONAL AIRPORT, NY US","2013-11-27","50","61","36",
"USW00094789","JFK INTERNATIONAL AIRPORT, NY US","2013-11-28","35","37","30",
"USW00094789","JFK INTERNATIONAL AIRPORT, NY US","2013-11-29","35","41","30",
"USW00094789","JFK INTERNATIONAL AIRPORT, NY US","2013-11-30","32","44","25",
"USW00094789","JFK INTERNATIONAL AIRPORT, NY US","2013-12-01","42","49","37",
"USW00094789","JFK INTERNATIONAL AIRPORT, NY US","2013-12-02","44","51","38",
"USW00094789","JFK INTERNATIONAL AIRPORT, NY US","2013-12-03","44","54","38",
"USW00094789","JFK INTERNATIONAL AIRPORT, NY US","2013-12-04","44","51","35",
"USW00094789","JFK INTERNATIONAL AIRPORT, NY US","2013-12-05","51","56","47",
"USW00094789","JFK INTERNATIONAL AIRPORT, NY US","2013-12-06","51","56","37",
"USW00094789","JFK INTERNATIONAL AIRPORT, NY US","2013-12-07","39","43","32",
"USW00094789","JFK INTERNATIONAL AIRPORT, NY US","2013-12-08","32","34","28",
"USW00094789","JFK INTERNATIONAL AIRPORT, NY US","2013-12-09","36","42","32",
"USW00094789","JFK INTERNATIONAL AIRPORT, NY US","2013-12-10","36","38","30",
"USW00094789","JFK INTERNATIONAL AIRPORT, NY US","2013-12-11","30","32","27",
"USW00094789","JFK INTERNATIONAL AIRPORT, NY US","2013-12-12","27","30","23",
"USW00094789","JFK INTERNATIONAL AIRPORT, NY US","2013-12-13","28","36","24",
"USW00094789","JFK INTERNATIONAL AIRPORT, NY US","2013-12-14","29","43","25",
"USW00094789","JFK INTERNATIONAL AIRPORT, NY US","2013-12-15","38","47","33",
"USW00094789","JFK INTERNATIONAL AIRPORT, NY US","2013-12-16","32","35","25",
"USW00094789","JFK INTERNATIONAL AIRPORT, NY US","2013-12-17","28","34","25",
"USW00094789","JFK INTERNATIONAL AIRPORT, NY US","2013-12-18","30","38","25",
"USW00094789","JFK INTERNATIONAL AIRPORT, NY US","2013-12-19","36","45","29",
"USW00094789","JFK INTERNATIONAL AIRPORT, NY US","2013-12-20","43","51","36",
"USW00094789","JFK INTERNATIONAL AIRPORT, NY US","2013-12-21","47","55","42",
"USW00094789","JFK INTERNATIONAL AIRPORT, NY US","2013-12-22","53","64","50",
"USW00094789","JFK INTERNATIONAL AIRPORT, NY US","2013-12-23","54","57","43",
"USW00094789","JFK INTERNATIONAL AIRPORT, NY US","2013-12-24","40","43","27",
"USW00094789","JFK INTERNATIONAL AIRPORT, NY US","2013-12-25","26","32","20",
"USW00094789","JFK INTERNATIONAL AIRPORT, NY US","2013-12-26","32","38","28",
"USW00094789","JFK INTERNATIONAL AIRPORT, NY US","2013-12-27","36","42","31",
"USW00094789","JFK INTERNATIONAL AIRPORT, NY US","2013-12-28","41","53","31",
"USW00094789","JFK INTERNATIONAL AIRPORT, NY US","2013-12-29","44","49","38",
"USW00094789","JFK INTERNATIONAL AIRPORT, NY US","2013-12-30","41","47","24",
"USW00094789","JFK INTERNATIONAL AIRPORT, NY US","2013-12-31","27","34","21",
"USW00094789","JFK INTERNATIONAL AIRPORT, NY US","2014-01-01","29","34","24",
"USW00094789","JFK INTERNATIONAL AIRPORT, NY US","2014-01-02","30","33","19",
"USW00094789","JFK INTERNATIONAL AIRPORT, NY US","2014-01-03","16","19","9",
"USW00094789","JFK INTERNATIONAL AIRPORT, NY US","2014-01-04","15","31","3",
"USW00094789","JFK INTERNATIONAL AIRPORT, NY US","2014-01-05","31","49","23",
"USW00094789","JFK INTERNATIONAL AIRPORT, NY US","2014-01-06","46","53","20",
"USW00094789","JFK INTERNATIONAL AIRPORT, NY US","2014-01-07","15","20","6",
"USW00094789","JFK INTERNATIONAL AIRPORT, NY US","2014-01-08","14","24","10",
"USW00094789","JFK INTERNATIONAL AIRPORT, NY US","2014-01-09","26","34","22",
"USW00094789","JFK INTERNATIONAL AIRPORT, NY US","2014-01-10","31","38","24",
"USW00094789","JFK INTERNATIONAL AIRPORT, NY US","2014-01-11","46","54","38",
"USW00094789","JFK INTERNATIONAL AIRPORT, NY US","2014-01-12","47","52","33",
"USW00094789","JFK INTERNATIONAL AIRPORT, NY US","2014-01-13","40","50","30",
"USW00094789","JFK INTERNATIONAL AIRPORT, NY US","2014-01-14","46","48","43",
"USW00094789","JFK INTERNATIONAL AIRPORT, NY US","2014-01-15","40","44","32",
"USW00094789","JFK INTERNATIONAL AIRPORT, NY US","2014-01-16","40","42","35",
"USW00094789","JFK INTERNATIONAL AIRPORT, NY US","2014-01-17","37","45","28",
"USW00094789","JFK INTERNATIONAL AIRPORT, NY US","2014-01-18","39","42","28",
"USW00094789","JFK INTERNATIONAL AIRPORT, NY US","2014-01-19","31","38","26",
"USW00094789","JFK INTERNATIONAL AIRPORT, NY US","2014-01-20","39","48","33",
"USW00094789","JFK INTERNATIONAL AIRPORT, NY US","2014-01-21","27","33","13",
"USW00094789","JFK INTERNATIONAL AIRPORT, NY US","2014-01-22","13","18","7",
"USW00094789","JFK INTERNATIONAL AIRPORT, NY US","2014-01-23","14","21","8",
"USW00094789","JFK INTERNATIONAL AIRPORT, NY US","2014-01-24","16","20","11",
"USW00094789","JFK INTERNATIONAL AIRPORT, NY US","2014-01-25","24","30","20",
"USW00094789","JFK INTERNATIONAL AIRPORT, NY US","2014-01-26","22","36","18",
"USW00094789","JFK INTERNATIONAL AIRPORT, NY US","2014-01-27","35","45","22",
"USW00094789","JFK INTERNATIONAL AIRPORT, NY US","2014-01-28","20","22","14",
"USW00094789","JFK INTERNATIONAL AIRPORT, NY US","2014-01-29","19","24","16",
"USW00094789","JFK INTERNATIONAL AIRPORT, NY US","2014-01-30","21","28","14",
"USW00094789","JFK INTERNATIONAL AIRPORT, NY US","2014-01-31","31","43","25",
"USW00094789","JFK INTERNATIONAL AIRPORT, NY US","2014-02-01","36","43","30",
"USW00094789","JFK INTERNATIONAL AIRPORT, NY US","2014-02-02","39","52","30",
"USW00094789","JFK INTERNATIONAL AIRPORT, NY US","2014-02-03","38","44","28",
"USW00094789","JFK INTERNATIONAL AIRPORT, NY US","2014-02-04","29","35","22",
"USW00094789","JFK INTERNATIONAL AIRPORT, NY US","2014-02-05","32","35","30",
"USW00094789","JFK INTERNATIONAL AIRPORT, NY US","2014-02-06","29","32","24",
"USW00094789","JFK INTERNATIONAL AIRPORT, NY US","2014-02-07","28","32","25",
"USW00094789","JFK INTERNATIONAL AIRPORT, NY US","2014-02-08","27","29","21",
"USW00094789","JFK INTERNATIONAL AIRPORT, NY US","2014-02-09","26","30","20",
"USW00094789","JFK INTERNATIONAL AIRPORT, NY US","2014-02-10","26","29","21",
"USW00094789","JFK INTERNATIONAL AIRPORT, NY US","2014-02-11","22","25","16",
"USW00094789","JFK INTERNATIONAL AIRPORT, NY US","2014-02-12","19","27","12",
"USW00094789","JFK INTERNATIONAL AIRPORT, NY US","2014-02-13","31","36","26",
"USW00094789","JFK INTERNATIONAL AIRPORT, NY US","2014-02-14","36","41","32",
"USW00094789","JFK INTERNATIONAL AIRPORT, NY US","2014-02-15","34","37","28",
"USW00094789","JFK INTERNATIONAL AIRPORT, NY US","2014-02-16","27","30","22",
"USW00094789","JFK INTERNATIONAL AIRPORT, NY US","2014-02-17","24","32","19",
"USW00094789","JFK INTERNATIONAL AIRPORT, NY US","2014-02-18","32","40","26",
"USW00094789","JFK INTERNATIONAL AIRPORT, NY US","2014-02-19","36","44","27",
"USW00094789","JFK INTERNATIONAL AIRPORT, NY US","2014-02-20","39","44","33",
"USW00094789","JFK INTERNATIONAL AIRPORT, NY US","2014-02-21","40","47","35",
"USW00094789","JFK INTERNATIONAL AIRPORT, NY US","2014-02-22","42","53","34",
"USW00094789","JFK INTERNATIONAL AIRPORT, NY US","2014-02-23","44","55","35",
"USW00094789","JFK INTERNATIONAL AIRPORT, NY US","2014-02-24","40","45","28",
"USW00094789","JFK INTERNATIONAL AIRPORT, NY US","2014-02-25","30","35","26",
"USW00094789","JFK INTERNATIONAL AIRPORT, NY US","2014-02-26","28","33","20",
"USW00094789","JFK INTERNATIONAL AIRPORT, NY US","2014-02-27","25","35","15",
"USW00094789","JFK INTERNATIONAL AIRPORT, NY US","2014-02-28","18","26","11",
"USW00094789","JFK INTERNATIONAL AIRPORT, NY US","2014-03-01","26","36","17",
"USW00094789","JFK INTERNATIONAL AIRPORT, NY US","2014-03-02","36","43","30",
"USW00094789","JFK INTERNATIONAL AIRPORT, NY US","2014-03-03","27","35","18",
"USW00094789","JFK INTERNATIONAL AIRPORT, NY US","2014-03-04","20","29","13",
"USW00094789","JFK INTERNATIONAL AIRPORT, NY US","2014-03-05","31","40","25",
"USW00094789","JFK INTERNATIONAL AIRPORT, NY US","2014-03-06","26","31","17",
"USW00094789","JFK INTERNATIONAL AIRPORT, NY US","2014-03-07","30","36","27",
"USW00094789","JFK INTERNATIONAL AIRPORT, NY US","2014-03-08","42","60","32",
"USW00094789","JFK INTERNATIONAL AIRPORT, NY US","2014-03-09","44","47","36",
"USW00094789","JFK INTERNATIONAL AIRPORT, NY US","2014-03-10","42","51","35",
"USW00094789","JFK INTERNATIONAL AIRPORT, NY US","2014-03-11","49","65","38",
"USW00094789","JFK INTERNATIONAL AIRPORT, NY US","2014-03-12","47","57","34",
"USW00094789","JFK INTERNATIONAL AIRPORT, NY US","2014-03-13","30","34","19",
"USW00094789","JFK INTERNATIONAL AIRPORT, NY US","2014-03-14","30","42","22",
"USW00094789","JFK INTERNATIONAL AIRPORT, NY US","2014-03-15","48","61","40",
"USW00094789","JFK INTERNATIONAL AIRPORT, NY US","2014-03-16","40","43","31",
"USW00094789","JFK INTERNATIONAL AIRPORT, NY US","2014-03-17","30","34","25",
"USW00094789","JFK INTERNATIONAL AIRPORT, NY US","2014-03-18","33","43","25",
"USW00094789","JFK INTERNATIONAL AIRPORT, NY US","2014-03-19","36","46","28",
"USW00094789","JFK INTERNATIONAL AIRPORT, NY US","2014-03-20","47","56","42",
"USW00094789","JFK INTERNATIONAL AIRPORT, NY US","2014-03-21","45","54","34",
"USW00094789","JFK INTERNATIONAL AIRPORT, NY US","2014-03-22","48","65","35",
"USW00094789","JFK INTERNATIONAL AIRPORT, NY US","2014-03-23","43","46","28",
"USW00094789","JFK INTERNATIONAL AIRPORT, NY US","2014-03-24","29","36","22",
"USW00094789","JFK INTERNATIONAL AIRPORT, NY US","2014-03-25","31","39","23",
"USW00094789","JFK INTERNATIONAL AIRPORT, NY US","2014-03-26","35","39","25",
"USW00094789","JFK INTERNATIONAL AIRPORT, NY US","2014-03-27","30","39","23",
"USW00094789","JFK INTERNATIONAL AIRPORT, NY US","2014-03-28","43","51","36",
"USW00094789","JFK INTERNATIONAL AIRPORT, NY US","2014-03-29","47","52","41",
"USW00094789","JFK INTERNATIONAL AIRPORT, NY US","2014-03-30","49","55","40",
"USW00094789","JFK INTERNATIONAL AIRPORT, NY US","2014-03-31","43","56","34",
"USW00094789","JFK INTERNATIONAL AIRPORT, NY US","2014-04-01","46","57","37",
"USW00094789","JFK INTERNATIONAL AIRPORT, NY US","2014-04-02","43","48","38",
"USW00094789","JFK INTERNATIONAL AIRPORT, NY US","2014-04-03","49","63","39",
"USW00094789","JFK INTERNATIONAL AIRPORT, NY US","2014-04-04","44","45","41",
"USW00094789","JFK INTERNATIONAL AIRPORT, NY US","2014-04-05","47","57","41",
"USW00094789","JFK INTERNATIONAL AIRPORT, NY US","2014-04-06","45","57","37",
"USW00094789","JFK INTERNATIONAL AIRPORT, NY US","2014-04-07","44","51","37",
"USW00094789","JFK INTERNATIONAL AIRPORT, NY US","2014-04-08","53","66","47",
"USW00094789","JFK INTERNATIONAL AIRPORT, NY US","2014-04-09","54","64","43",
"USW00094789","JFK INTERNATIONAL AIRPORT, NY US","2014-04-10","48","53","38",
"USW00094789","JFK INTERNATIONAL AIRPORT, NY US","2014-04-11","54","69","47",
"USW00094789","JFK INTERNATIONAL AIRPORT, NY US","2014-04-12","59","68","49",
"USW00094789","JFK INTERNATIONAL AIRPORT, NY US","2014-04-13","54","65","47",
"USW00094789","JFK INTERNATIONAL AIRPORT, NY US","2014-04-14","56","66","51",
"USW00094789","JFK INTERNATIONAL AIRPORT, NY US","2014-04-15","54","56","34",
"USW00094789","JFK INTERNATIONAL AIRPORT, NY US","2014-04-16","40","49","32",
"USW00094789","JFK INTERNATIONAL AIRPORT, NY US","2014-04-17","42","47","35",
"USW00094789","JFK INTERNATIONAL AIRPORT, NY US","2014-04-18","40","46","36",
"USW00094789","JFK INTERNATIONAL AIRPORT, NY US","2014-04-19","51","68","40",
"USW00094789","JFK INTERNATIONAL AIRPORT, NY US","2014-04-20","51","54","42",
"USW00094789","JFK INTERNATIONAL AIRPORT, NY US","2014-04-21","48","58","37",
"USW00094789","JFK INTERNATIONAL AIRPORT, NY US","2014-04-22","52","62","45",
"USW00094789","JFK INTERNATIONAL AIRPORT, NY US","2014-04-23","56","63","45",
"USW00094789","JFK INTERNATIONAL AIRPORT, NY US","2014-04-24","51","64","43",
"USW00094789","JFK INTERNATIONAL AIRPORT, NY US","2014-04-25","52","59","43",
"USW00094789","JFK INTERNATIONAL AIRPORT, NY US","2014-04-26","52","67","46",
"USW00094789","JFK INTERNATIONAL AIRPORT, NY US","2014-04-27","52","61","46",
"USW00094789","JFK INTERNATIONAL AIRPORT, NY US","2014-04-28","54","66","45",
"USW00094789","JFK INTERNATIONAL AIRPORT, NY US","2014-04-29","49","51","44",
"USW00094789","JFK INTERNATIONAL AIRPORT, NY US","2014-04-30","45","56","42",
"USW00094789","JFK INTERNATIONAL AIRPORT, NY US","2014-05-01","57","71","53",
"USW00094789","JFK INTERNATIONAL AIRPORT, NY US","2014-05-02","61","69","52",
"USW00094789","JFK INTERNATIONAL AIRPORT, NY US","2014-05-03","59","66","49",
"USW00094789","JFK INTERNATIONAL AIRPORT, NY US","2014-05-04","58","66","53",
"USW00094789","JFK INTERNATIONAL AIRPORT, NY US","2014-05-05","59","69","50",
"USW00094789","JFK INTERNATIONAL AIRPORT, NY US","2014-05-06","60","69","50",
"USW00094789","JFK INTERNATIONAL AIRPORT, NY US","2014-05-07","58","64","50",
"USW00094789","JFK INTERNATIONAL AIRPORT, NY US","2014-05-08","55","58","51",
"USW00094789","JFK INTERNATIONAL AIRPORT, NY US","2014-05-09","58","63","56",
"USW00094789","JFK INTERNATIONAL AIRPORT, NY US","2014-05-10","63","77","54",
"USW00094789","JFK INTERNATIONAL AIRPORT, NY US","2014-05-11","69","79","61",
"USW00094789","JFK INTERNATIONAL AIRPORT, NY US","2014-05-12","66","76","56",
"USW00094789","JFK INTERNATIONAL AIRPORT, NY US","2014-05-13","64","70","51",
"USW00094789","JFK INTERNATIONAL AIRPORT, NY US","2014-05-14","56","64","50",
"USW00094789","JFK INTERNATIONAL AIRPORT, NY US","2014-05-15","63","71","60",
"USW00094789","JFK INTERNATIONAL AIRPORT, NY US","2014-05-16","64","66","60",
"USW00094789","JFK INTERNATIONAL AIRPORT, NY US","2014-05-17","62","70","55",
"USW00094789","JFK INTERNATIONAL AIRPORT, NY US","2014-05-18","61","69","52",
"USW00094789","JFK INTERNATIONAL AIRPORT, NY US","2014-05-19","62","74","50",
"USW00094789","JFK INTERNATIONAL AIRPORT, NY US","2014-05-20","66","79","55",
"USW00094789","JFK INTERNATIONAL AIRPORT, NY US","2014-05-21","69","75","60",
"USW00094789","JFK INTERNATIONAL AIRPORT, NY US","2014-05-22","60","62","58",
"USW00094789","JFK INTERNATIONAL AIRPORT, NY US","2014-05-23","62","69","57",
"USW00094789","JFK INTERNATIONAL AIRPORT, NY US","2014-05-24","61","70","57",
"USW00094789","JFK INTERNATIONAL AIRPORT, NY US","2014-05-25","65","78","56",
"USW00094789","JFK INTERNATIONAL AIRPORT, NY US","2014-05-26","71","85","60",
"USW00094789","JFK INTERNATIONAL AIRPORT, NY US","2014-05-27","75","84","64",
"USW00094789","JFK INTERNATIONAL AIRPORT, NY US","2014-05-28","63","67","53",
"USW00094789","JFK INTERNATIONAL AIRPORT, NY US","2014-05-29","56","62","52",
"USW00094789","JFK INTERNATIONAL AIRPORT, NY US","2014-05-30","61","70","53",
"USW00094789","JFK INTERNATIONAL AIRPORT, NY US","2014-05-31","63","72","55",
"USW00094789","JFK INTERNATIONAL AIRPORT, NY US","2014-06-01","64","75","54",
"USW00094789","JFK INTERNATIONAL AIRPORT, NY US","2014-06-02","66","74","57",
"USW00094789","JFK INTERNATIONAL AIRPORT, NY US","2014-06-03","69","80","62",
"USW00094789","JFK INTERNATIONAL AIRPORT, NY US","2014-06-04","69","82","63",
"USW00094789","JFK INTERNATIONAL AIRPORT, NY US","2014-06-05","67","77","62",
"USW00094789","JFK INTERNATIONAL AIRPORT, NY US","2014-06-06","70","79","63",
"USW00094789","JFK INTERNATIONAL AIRPORT, NY US","2014-06-07","72","80","61",
"USW00094789","JFK INTERNATIONAL AIRPORT, NY US","2014-06-08","72","85","61",
"USW00094789","JFK INTERNATIONAL AIRPORT, NY US","2014-06-09","67","68","63",
"USW00094789","JFK INTERNATIONAL AIRPORT, NY US","2014-06-10","70","78","67",
"USW00094789","JFK INTERNATIONAL AIRPORT, NY US","2014-06-11","68","70","61",
"USW00094789","JFK INTERNATIONAL AIRPORT, NY US","2014-06-12","66","76","61",
"USW00094789","JFK INTERNATIONAL AIRPORT, NY US","2014-06-13","70","81","67",
"USW00094789","JFK INTERNATIONAL AIRPORT, NY US","2014-06-14","71","79","62",
"USW00094789","JFK INTERNATIONAL AIRPORT, NY US","2014-06-15","69","82","60",
"USW00094789","JFK INTERNATIONAL AIRPORT, NY US","2014-06-16","72","77","64",
"USW00094789","JFK INTERNATIONAL AIRPORT, NY US","2014-06-17","73","82","68",
"USW00094789","JFK INTERNATIONAL AIRPORT, NY US","2014-06-18","82","91","74",
"USW00094789","JFK INTERNATIONAL AIRPORT, NY US","2014-06-19","75","76","69",
"USW00094789","JFK INTERNATIONAL AIRPORT, NY US","2014-06-20","74","83","65",
"USW00094789","JFK INTERNATIONAL AIRPORT, NY US","2014-06-21","71","75","62",
"USW00094789","JFK INTERNATIONAL AIRPORT, NY US","2014-06-22","69","77","61",
"USW00094789","JFK INTERNATIONAL AIRPORT, NY US","2014-06-23","71","81","62",
"USW00094789","JFK INTERNATIONAL AIRPORT, NY US","2014-06-24","71","79","65",
"USW00094789","JFK INTERNATIONAL AIRPORT, NY US","2014-06-25","73","83","68",
"USW00094789","JFK INTERNATIONAL AIRPORT, NY US","2014-06-26","78","89","70",
"USW00094789","JFK INTERNATIONAL AIRPORT, NY US","2014-06-27","74","79","65",
"USW00094789","JFK INTERNATIONAL AIRPORT, NY US","2014-06-28","74","86","66",
"USW00094789","JFK INTERNATIONAL AIRPORT, NY US","2014-06-29","73","79","65",
"USW00094789","JFK INTERNATIONAL AIRPORT, NY US","2014-06-30","73","80","67",
"USW00094789","JFK INTERNATIONAL AIRPORT, NY US","2014-07-01","76","84","71",
"USW00094789","JFK INTERNATIONAL AIRPORT, NY US","2014-07-02","77","85","71",
"USW00094789","JFK INTERNATIONAL AIRPORT, NY US","2014-07-03","77","85","71",
"USW00094789","JFK INTERNATIONAL AIRPORT, NY US","2014-07-04","72","76","66",
"USW00094789","JFK INTERNATIONAL AIRPORT, NY US","2014-07-05","73","84","65",
"USW00094789","JFK INTERNATIONAL AIRPORT, NY US","2014-07-06","75","83","66",
"USW00094789","JFK INTERNATIONAL AIRPORT, NY US","2014-07-07","76","83","70",
"USW00094789","JFK INTERNATIONAL AIRPORT, NY US","2014-07-08","79","88","72",
"USW00094789","JFK INTERNATIONAL AIRPORT, NY US","2014-07-09","76","84","71",
"USW00094789","JFK INTERNATIONAL AIRPORT, NY US","2014-07-10","76","85","71",
"USW00094789","JFK INTERNATIONAL AIRPORT, NY US","2014-07-11","76","85","67",
"USW00094789","JFK INTERNATIONAL AIRPORT, NY US","2014-07-12","73","82","66",
"USW00094789","JFK INTERNATIONAL AIRPORT, NY US","2014-07-13","73","80","69",
"USW00094789","JFK INTERNATIONAL AIRPORT, NY US","2014-07-14","76","83","70",
"USW00094789","JFK INTERNATIONAL AIRPORT, NY US","2014-07-15","74","82","69",
"USW00094789","JFK INTERNATIONAL AIRPORT, NY US","2014-07-16","74","83","70",
"USW00094789","JFK INTERNATIONAL AIRPORT, NY US","2014-07-17","75","82","67",
"USW00094789","JFK INTERNATIONAL AIRPORT, NY US","2014-07-18","74","84","65",
"USW00094789","JFK INTERNATIONAL AIRPORT, NY US","2014-07-19","73","79","68",
"USW00094789","JFK INTERNATIONAL AIRPORT, NY US","2014-07-20","72","78","68",
"USW00094789","JFK INTERNATIONAL AIRPORT, NY US","2014-07-21","73","83","65",
"USW00094789","JFK INTERNATIONAL AIRPORT, NY US","2014-07-22","75","84","68",
"USW00094789","JFK INTERNATIONAL AIRPORT, NY US","2014-07-23","77","83","71",
"USW00094789","JFK INTERNATIONAL AIRPORT, NY US","2014-07-24","78","83","72",
"USW00094789","JFK INTERNATIONAL AIRPORT, NY US","2014-07-25","75","83","67",
"USW00094789","JFK INTERNATIONAL AIRPORT, NY US","2014-07-26","74","81","69",
"USW00094789","JFK INTERNATIONAL AIRPORT, NY US","2014-07-27","76","84","71",
"USW00094789","JFK INTERNATIONAL AIRPORT, NY US","2014-07-28","78","84","69",
"USW00094789","JFK INTERNATIONAL AIRPORT, NY US","2014-07-29","72","79","64",
"USW00094789","JFK INTERNATIONAL AIRPORT, NY US","2014-07-30","72","80","64",
"USW00094789","JFK INTERNATIONAL AIRPORT, NY US","2014-07-31","74","82","65",
"USW00094789","JFK INTERNATIONAL AIRPORT, NY US","2014-08-01","75","82","71",
"USW00094789","JFK INTERNATIONAL AIRPORT, NY US","2014-08-02","71","76","65",
"USW00094789","JFK INTERNATIONAL AIRPORT, NY US","2014-08-03","70","78","66",
"USW00094789","JFK INTERNATIONAL AIRPORT, NY US","2014-08-04","75","81","70",
"USW00094789","JFK INTERNATIONAL AIRPORT, NY US","2014-08-05","77","85","70",
"USW00094789","JFK INTERNATIONAL AIRPORT, NY US","2014-08-06","77","85","71",
"USW00094789","JFK INTERNATIONAL AIRPORT, NY US","2014-08-07","77","86","67",
"USW00094789","JFK INTERNATIONAL AIRPORT, NY US","2014-08-08","74","84","65",
"USW00094789","JFK INTERNATIONAL AIRPORT, NY US","2014-08-09","76","86","66",
"USW00094789","JFK INTERNATIONAL AIRPORT, NY US","2014-08-10","78","87","68",
"USW00094789","JFK INTERNATIONAL AIRPORT, NY US","2014-08-11","76","84","67",
"USW00094789","JFK INTERNATIONAL AIRPORT, NY US","2014-08-12","76","80","72",
"USW00094789","JFK INTERNATIONAL AIRPORT, NY US","2014-08-13","75","85","68",
"USW00094789","JFK INTERNATIONAL AIRPORT, NY US","2014-08-14","73","80","65",
"USW00094789","JFK INTERNATIONAL AIRPORT, NY US","2014-08-15","70","76","62",
"USW00094789","JFK INTERNATIONAL AIRPORT, NY US","2014-08-16","71","77","63",
"USW00094789","JFK INTERNATIONAL AIRPORT, NY US","2014-08-17","75","85","66",
"USW00094789","JFK INTERNATIONAL AIRPORT, NY US","2014-08-18","74","82","63",
"USW00094789","JFK INTERNATIONAL AIRPORT, NY US","2014-08-19","72","80","64",
"USW00094789","JFK INTERNATIONAL AIRPORT, NY US","2014-08-20","73","80","66",
"USW00094789","JFK INTERNATIONAL AIRPORT, NY US","2014-08-21","74","79","67",
"USW00094789","JFK INTERNATIONAL AIRPORT, NY US","2014-08-22","72","78","67",
"USW00094789","JFK INTERNATIONAL AIRPORT, NY US","2014-08-23","70","74","66",
"USW00094789","JFK INTERNATIONAL AIRPORT, NY US","2014-08-24","70","81","62",
"USW00094789","JFK INTERNATIONAL AIRPORT, NY US","2014-08-25","74","87","63",
"USW00094789","JFK INTERNATIONAL AIRPORT, NY US","2014-08-26","76","82","67",
"USW00094789","JFK INTERNATIONAL AIRPORT, NY US","2014-08-27","76","86","67",
"USW00094789","JFK INTERNATIONAL AIRPORT, NY US","2014-08-28","77","84","68",
"USW00094789","JFK INTERNATIONAL AIRPORT, NY US","2014-08-29","71","78","63",
"USW00094789","JFK INTERNATIONAL AIRPORT, NY US","2014-08-30","71","78","63",
"USW00094789","JFK INTERNATIONAL AIRPORT, NY US","2014-08-31","77","85","73",
"USW00094789","JFK INTERNATIONAL AIRPORT, NY US","2014-09-01","78","86","74",
"USW00094789","JFK INTERNATIONAL AIRPORT, NY US","2014-09-02","81","92","74",
"USW00094789","JFK INTERNATIONAL AIRPORT, NY US","2014-09-03","80","88","72",
"USW00094789","JFK INTERNATIONAL AIRPORT, NY US","2014-09-04","77","85","68",
"USW00094789","JFK INTERNATIONAL AIRPORT, NY US","2014-09-05","77","85","71",
"USW00094789","JFK INTERNATIONAL AIRPORT, NY US","2014-09-06","79","86","68",
"USW00094789","JFK INTERNATIONAL AIRPORT, NY US","2014-09-07","74","82","66",
"USW00094789","JFK INTERNATIONAL AIRPORT, NY US","2014-09-08","71","78","65",
"USW00094789","JFK INTERNATIONAL AIRPORT, NY US","2014-09-09","69","75","64",
"USW00094789","JFK INTERNATIONAL AIRPORT, NY US","2014-09-10","69","78","63",
"USW00094789","JFK INTERNATIONAL AIRPORT, NY US","2014-09-11","74","85","69",
"USW00094789","JFK INTERNATIONAL AIRPORT, NY US","2014-09-12","72","79","63",
"USW00094789","JFK INTERNATIONAL AIRPORT, NY US","2014-09-13","66","70","60",
"USW00094789","JFK INTERNATIONAL AIRPORT, NY US","2014-09-14","62","72","54",
"USW00094789","JFK INTERNATIONAL AIRPORT, NY US","2014-09-15","63","71","55",
"USW00094789","JFK INTERNATIONAL AIRPORT, NY US","2014-09-16","64","67","60",
"USW00094789","JFK INTERNATIONAL AIRPORT, NY US","2014-09-17","64","73","55",
"USW00094789","JFK INTERNATIONAL AIRPORT, NY US","2014-09-18","67","78","57",
"USW00094789","JFK INTERNATIONAL AIRPORT, NY US","2014-09-19","63","67","56",
"USW00094789","JFK INTERNATIONAL AIRPORT, NY US","2014-09-20","65","75","54",
"USW00094789","JFK INTERNATIONAL AIRPORT, NY US","2014-09-21","71","77","67",
"USW00094789","JFK INTERNATIONAL AIRPORT, NY US","2014-09-22","69","73","55",
"USW00094789","JFK INTERNATIONAL AIRPORT, NY US","2014-09-23","60","69","51",
"USW00094789","JFK INTERNATIONAL AIRPORT, NY US","2014-09-24","64","72","56",
"USW00094789","JFK INTERNATIONAL AIRPORT, NY US","2014-09-25","63","64","60",
"USW00094789","JFK INTERNATIONAL AIRPORT, NY US","2014-09-26","67","79","59",
"USW00094789","JFK INTERNATIONAL AIRPORT, NY US","2014-09-27","70","84","62",
"USW00094789","JFK INTERNATIONAL AIRPORT, NY US","2014-09-28","69","78","62",
"USW00094789","JFK INTERNATIONAL AIRPORT, NY US","2014-09-29","69","78","64",
"USW00094789","JFK INTERNATIONAL AIRPORT, NY US","2014-09-30","68","70","62",
"USW00094789","JFK INTERNATIONAL AIRPORT, NY US","2014-10-01","64","67","62",
"USW00094789","JFK INTERNATIONAL AIRPORT, NY US","2014-10-02","63","68","61",
"USW00094789","JFK INTERNATIONAL AIRPORT, NY US","2014-10-03","62","68","55",
"USW00094789","JFK INTERNATIONAL AIRPORT, NY US","2014-10-04","66","72","52",
"USW00094789","JFK INTERNATIONAL AIRPORT, NY US","2014-10-05","55","61","47",
"USW00094789","JFK INTERNATIONAL AIRPORT, NY US","2014-10-06","58","70","45",
"USW00094789","JFK INTERNATIONAL AIRPORT, NY US","2014-10-07","68","74","65",
"USW00094789","JFK INTERNATIONAL AIRPORT, NY US","2014-10-08","69","75","62",
"USW00094789","JFK INTERNATIONAL AIRPORT, NY US","2014-10-09","64","69","56",
"USW00094789","JFK INTERNATIONAL AIRPORT, NY US","2014-10-10","60","64","52",
"USW00094789","JFK INTERNATIONAL AIRPORT, NY US","2014-10-11","56","59","50",
"USW00094789","JFK INTERNATIONAL AIRPORT, NY US","2014-10-12","55","65","46",
"USW00094789","JFK INTERNATIONAL AIRPORT, NY US","2014-10-13","57","66","46",
"USW00094789","JFK INTERNATIONAL AIRPORT, NY US","2014-10-14","68","75","64",
"USW00094789","JFK INTERNATIONAL AIRPORT, NY US","2014-10-15","71","76","68",
"USW00094789","JFK INTERNATIONAL AIRPORT, NY US","2014-10-16","69","71","60",
"USW00094789","JFK INTERNATIONAL AIRPORT, NY US","2014-10-17","65","72","60",
"USW00094789","JFK INTERNATIONAL AIRPORT, NY US","2014-10-18","65","72","57",
"USW00094789","JFK INTERNATIONAL AIRPORT, NY US","2014-10-19","56","58","44",
"USW00094789","JFK INTERNATIONAL AIRPORT, NY US","2014-10-20","50","61","42",
"USW00094789","JFK INTERNATIONAL AIRPORT, NY US","2014-10-21","59","67","53",
"USW00094789","JFK INTERNATIONAL AIRPORT, NY US","2014-10-22","56","58","52",
"USW00094789","JFK INTERNATIONAL AIRPORT, NY US","2014-10-23","53","54","51",
"USW00094789","JFK INTERNATIONAL AIRPORT, NY US","2014-10-24","55","63","51",
"USW00094789","JFK INTERNATIONAL AIRPORT, NY US","2014-10-25","57","68","50",
"USW00094789","JFK INTERNATIONAL AIRPORT, NY US","2014-10-26","60","65","54",
"USW00094789","JFK INTERNATIONAL AIRPORT, NY US","2014-10-27","57","64","50",
"USW00094789","JFK INTERNATIONAL AIRPORT, NY US","2014-10-28","59","70","48",
"USW00094789","JFK INTERNATIONAL AIRPORT, NY US","2014-10-29","63","74","52",
"USW00094789","JFK INTERNATIONAL AIRPORT, NY US","2014-10-30","54","61","46",
"USW00094789","JFK INTERNATIONAL AIRPORT, NY US","2014-10-31","51","55","46",
"USW00094789","JFK INTERNATIONAL AIRPORT, NY US","2014-11-01","48","49","43",
"USW00094789","JFK INTERNATIONAL AIRPORT, NY US","2014-11-02","45","50","41",
"USW00094789","JFK INTERNATIONAL AIRPORT, NY US","2014-11-03","48","61","40",
"USW00094789","JFK INTERNATIONAL AIRPORT, NY US","2014-11-04","57","67","50",
"USW00094789","JFK INTERNATIONAL AIRPORT, NY US","2014-11-05","58","65","52",
"USW00094789","JFK INTERNATIONAL AIRPORT, NY US","2014-11-06","52","54","49",
"USW00094789","JFK INTERNATIONAL AIRPORT, NY US","2014-11-07","50","54","41",
"USW00094789","JFK INTERNATIONAL AIRPORT, NY US","2014-11-08","43","48","36",
"USW00094789","JFK INTERNATIONAL AIRPORT, NY US","2014-11-09","50","57","44",
"USW00094789","JFK INTERNATIONAL AIRPORT, NY US","2014-11-10","49","59","38",
"USW00094789","JFK INTERNATIONAL AIRPORT, NY US","2014-11-11","54","64","42",
"USW00094789","JFK INTERNATIONAL AIRPORT, NY US","2014-11-12","60","66","45",
"USW00094789","JFK INTERNATIONAL AIRPORT, NY US","2014-11-13","46","49","38",
"USW00094789","JFK INTERNATIONAL AIRPORT, NY US","2014-11-14","40","44","37",
"USW00094789","JFK INTERNATIONAL AIRPORT, NY US","2014-11-15","38","43","30",
"USW00094789","JFK INTERNATIONAL AIRPORT, NY US","2014-11-16","38","45","31",
"USW00094789","JFK INTERNATIONAL AIRPORT, NY US","2014-11-17","45","55","40",
"USW00094789","JFK INTERNATIONAL AIRPORT, NY US","2014-11-18","38","46","25",
"USW00094789","JFK INTERNATIONAL AIRPORT, NY US","2014-11-19","28","37","23",
"USW00094789","JFK INTERNATIONAL AIRPORT, NY US","2014-11-20","40","48","32",
"USW00094789","JFK INTERNATIONAL AIRPORT, NY US","2014-11-21","34","38","28",
"USW00094789","JFK INTERNATIONAL AIRPORT, NY US","2014-11-22","34","44","26",
"USW00094789","JFK INTERNATIONAL AIRPORT, NY US","2014-11-23","46","55","43",
"USW00094789","JFK INTERNATIONAL AIRPORT, NY US","2014-11-24","57","64","55",
"USW00094789","JFK INTERNATIONAL AIRPORT, NY US","2014-11-25","57","62","48",
"USW00094789","JFK INTERNATIONAL AIRPORT, NY US","2014-11-26","44","52","36",
"USW00094789","JFK INTERNATIONAL AIRPORT, NY US","2014-11-27","37","39","36",
"USW00094789","JFK INTERNATIONAL AIRPORT, NY US","2014-11-28","35","41","28",
"USW00094789","JFK INTERNATIONAL AIRPORT, NY US","2014-11-29","31","46","26",
"USW00094789","JFK INTERNATIONAL AIRPORT, NY US","2014-11-30","48","53","45",
"USW00094789","JFK INTERNATIONAL AIRPORT, NY US","2014-12-01","54","62","42",
"USW00094789","JFK INTERNATIONAL AIRPORT, NY US","2014-12-02","41","47","36",
"USW00094789","JFK INTERNATIONAL AIRPORT, NY US","2014-12-03","45","48","42",
"USW00094789","JFK INTERNATIONAL AIRPORT, NY US","2014-12-04","42","47","36",
"USW00094789","JFK INTERNATIONAL AIRPORT, NY US","2014-12-05","40","50","35",
"USW00094789","JFK INTERNATIONAL AIRPORT, NY US","2014-12-06","48","52","41",
"USW00094789","JFK INTERNATIONAL AIRPORT, NY US","2014-12-07","41","44","31",
"USW00094789","JFK INTERNATIONAL AIRPORT, NY US","2014-12-08","31","37","26",
"USW00094789","JFK INTERNATIONAL AIRPORT, NY US","2014-12-09","40","48","37",
"USW00094789","JFK INTERNATIONAL AIRPORT, NY US","2014-12-10","40","42","34",
"USW00094789","JFK INTERNATIONAL AIRPORT, NY US","2014-12-11","35","40","32",
"USW00094789","JFK INTERNATIONAL AIRPORT, NY US","2014-12-12","36","41","33",
"USW00094789","JFK INTERNATIONAL AIRPORT, NY US","2014-12-13","38","47","34",
"USW00094789","JFK INTERNATIONAL AIRPORT, NY US","2014-12-14","41","47","37",
"USW00094789","JFK INTERNATIONAL AIRPORT, NY US","2014-12-15","41","48","34",
"USW00094789","JFK INTERNATIONAL AIRPORT, NY US","2014-12-16","41","50","33",
"USW00094789","JFK INTERNATIONAL AIRPORT, NY US","2014-12-17","49","55","43",
"USW00094789","JFK INTERNATIONAL AIRPORT, NY US","2014-12-18","42","44","38",
"USW00094789","JFK INTERNATIONAL AIRPORT, NY US","2014-12-19","38","40","32",
"USW00094789","JFK INTERNATIONAL AIRPORT, NY US","2014-12-20","33","34","31",
"USW00094789","JFK INTERNATIONAL AIRPORT, NY US","2014-12-21","35","38","33",
"USW00094789","JFK INTERNATIONAL AIRPORT, NY US","2014-12-22","40","48","37",
"USW00094789","JFK INTERNATIONAL AIRPORT, NY US","2014-12-23","48","50","47",
"USW00094789","JFK INTERNATIONAL AIRPORT, NY US","2014-12-24","49","57","47",
"USW00094789","JFK INTERNATIONAL AIRPORT, NY US","2014-12-25","52","57","42",
"USW00094789","JFK INTERNATIONAL AIRPORT, NY US","2014-12-26","45","51","38",
"USW00094789","JFK INTERNATIONAL AIRPORT, NY US","2014-12-27","44","54","37",
"USW00094789","JFK INTERNATIONAL AIRPORT, NY US","2014-12-28","47","54","42",
"USW00094789","JFK INTERNATIONAL AIRPORT, NY US","2014-12-29","43","46","35",
"USW00094789","JFK INTERNATIONAL AIRPORT, NY US","2014-12-30","34","36","28",
"USW00094789","JFK INTERNATIONAL AIRPORT, NY US","2014-12-31","30","34","28",
"USW00094789","JFK INTERNATIONAL AIRPORT, NY US","2015-01-01","33","40","28",
"USW00094789","JFK INTERNATIONAL AIRPORT, NY US","2015-01-02","39","45","35",
"USW00094789","JFK INTERNATIONAL AIRPORT, NY US","2015-01-03","36","47","30",
"USW00094789","JFK INTERNATIONAL AIRPORT, NY US","2015-01-04","47","55","43",
"USW00094789","JFK INTERNATIONAL AIRPORT, NY US","2015-01-05","43","51","23",
"USW00094789","JFK INTERNATIONAL AIRPORT, NY US","2015-01-06","22","23","19",
"USW00094789","JFK INTERNATIONAL AIRPORT, NY US","2015-01-07","22","25","10",
"USW00094789","JFK INTERNATIONAL AIRPORT, NY US","2015-01-08","14","22","8",
"USW00094789","JFK INTERNATIONAL AIRPORT, NY US","2015-01-09","26","34","21",
"USW00094789","JFK INTERNATIONAL AIRPORT, NY US","2015-01-10","22","24","18",
"USW00094789","JFK INTERNATIONAL AIRPORT, NY US","2015-01-11","26","38","20",
"USW00094789","JFK INTERNATIONAL AIRPORT, NY US","2015-01-12","36","40","34",
"USW00094789","JFK INTERNATIONAL AIRPORT, NY US","2015-01-13","32","37","19",
"USW00094789","JFK INTERNATIONAL AIRPORT, NY US","2015-01-14","24","33","19",
"USW00094789","JFK INTERNATIONAL AIRPORT, NY US","2015-01-15","31","35","27",
"USW00094789","JFK INTERNATIONAL AIRPORT, NY US","2015-01-16","34","45","20",
"USW00094789","JFK INTERNATIONAL AIRPORT, NY US","2015-01-17","23","32","18",
"USW00094789","JFK INTERNATIONAL AIRPORT, NY US","2015-01-18","36","47","27",
"USW00094789","JFK INTERNATIONAL AIRPORT, NY US","2015-01-19","40","45","35",
"USW00094789","JFK INTERNATIONAL AIRPORT, NY US","2015-01-20","39","41","32",
"USW00094789","JFK INTERNATIONAL AIRPORT, NY US","2015-01-21","32","38","26",
"USW00094789","JFK INTERNATIONAL AIRPORT, NY US","2015-01-22","35","41","31",
"USW00094789","JFK INTERNATIONAL AIRPORT, NY US","2015-01-23","33","39","28",
"USW00094789","JFK INTERNATIONAL AIRPORT, NY US","2015-01-24","35","40","33",
"USW00094789","JFK INTERNATIONAL AIRPORT, NY US","2015-01-25","39","45","32",
"USW00094789","JFK INTERNATIONAL AIRPORT, NY US","2015-01-26","28","32","24",
"USW00094789","JFK INTERNATIONAL AIRPORT, NY US","2015-01-27","25","27","20",
"USW00094789","JFK INTERNATIONAL AIRPORT, NY US","2015-01-28","24","33","17",
"USW00094789","JFK INTERNATIONAL AIRPORT, NY US","2015-01-29","25","37","17",
"USW00094789","JFK INTERNATIONAL AIRPORT, NY US","2015-01-30","35","38","19",
"USW00094789","JFK INTERNATIONAL AIRPORT, NY US","2015-01-31","21","27","14",
"USW00094789","JFK INTERNATIONAL AIRPORT, NY US","2015-02-01","27","36","21",
"USW00094789","JFK INTERNATIONAL AIRPORT, NY US","2015-02-02","32","35","15",
"USW00094789","JFK INTERNATIONAL AIRPORT, NY US","2015-02-03","20","26","14",
"USW00094789","JFK INTERNATIONAL AIRPORT, NY US","2015-02-04","31","39","22",
"USW00094789","JFK INTERNATIONAL AIRPORT, NY US","2015-02-05","33","39","15",
"USW00094789","JFK INTERNATIONAL AIRPORT, NY US","2015-02-06","19","27","13",
"USW00094789","JFK INTERNATIONAL AIRPORT, NY US","2015-02-07","30","37","25",
"USW00094789","JFK INTERNATIONAL AIRPORT, NY US","2015-02-08","37","42","29",
"USW00094789","JFK INTERNATIONAL AIRPORT, NY US","2015-02-09","28","29","26",
"USW00094789","JFK INTERNATIONAL AIRPORT, NY US","2015-02-10","30","40","26",
"USW00094789","JFK INTERNATIONAL AIRPORT, NY US","2015-02-11","30","35","23",
"USW00094789","JFK INTERNATIONAL AIRPORT, NY US","2015-02-12","31","40","18",
"USW00094789","JFK INTERNATIONAL AIRPORT, NY US","2015-02-13","19","23","9",
"USW00094789","JFK INTERNATIONAL AIRPORT, NY US","2015-02-14","24","35","16",
"USW00094789","JFK INTERNATIONAL AIRPORT, NY US","2015-02-15","21","27","5",
"USW00094789","JFK INTERNATIONAL AIRPORT, NY US","2015-02-16","11","23","5",
"USW00094789","JFK INTERNATIONAL AIRPORT, NY US","2015-02-17","20","27","16",
"USW00094789","JFK INTERNATIONAL AIRPORT, NY US","2015-02-18","23","31","15",
"USW00094789","JFK INTERNATIONAL AIRPORT, NY US","2015-02-19","22","27","9",
"USW00094789","JFK INTERNATIONAL AIRPORT, NY US","2015-02-20","11","21","3",
"USW00094789","JFK INTERNATIONAL AIRPORT, NY US","2015-02-21","21","33","11",
"USW00094789","JFK INTERNATIONAL AIRPORT, NY US","2015-02-22","34","43","32",
"USW00094789","JFK INTERNATIONAL AIRPORT, NY US","2015-02-23","29","38","9",
"USW00094789","JFK INTERNATIONAL AIRPORT, NY US","2015-02-24","13","28","7",
"USW00094789","JFK INTERNATIONAL AIRPORT, NY US","2015-02-25","28","37","19",
"USW00094789","JFK INTERNATIONAL AIRPORT, NY US","2015-02-26","28","32","23",
"USW00094789","JFK INTERNATIONAL AIRPORT, NY US","2015-02-27","25","32","20",
"USW00094789","JFK INTERNATIONAL AIRPORT, NY US","2015-02-28","23","31","15",
"USW00094789","JFK INTERNATIONAL AIRPORT, NY US","2015-03-01","26","33","20",
"USW00094789","JFK INTERNATIONAL AIRPORT, NY US","2015-03-02","33","39","28",
"USW00094789","JFK INTERNATIONAL AIRPORT, NY US","2015-03-03","29","36","19",
"USW00094789","JFK INTERNATIONAL AIRPORT, NY US","2015-03-04","37","41","33",
"USW00094789","JFK INTERNATIONAL AIRPORT, NY US","2015-03-05","33","41","21",
"USW00094789","JFK INTERNATIONAL AIRPORT, NY US","2015-03-06","20","25","13",
"USW00094789","JFK INTERNATIONAL AIRPORT, NY US","2015-03-07","26","37","16",
"USW00094789","JFK INTERNATIONAL AIRPORT, NY US","2015-03-08","39","48","30",
"USW00094789","JFK INTERNATIONAL AIRPORT, NY US","2015-03-09","42","54","32",
"USW00094789","JFK INTERNATIONAL AIRPORT, NY US","2015-03-10","42","50","34",
"USW00094789","JFK INTERNATIONAL AIRPORT, NY US","2015-03-11","49","62","40",
"USW00094789","JFK INTERNATIONAL AIRPORT, NY US","2015-03-12","47","50","36",
"USW00094789","JFK INTERNATIONAL AIRPORT, NY US","2015-03-13","37","41","30",
"USW00094789","JFK INTERNATIONAL AIRPORT, NY US","2015-03-14","43","49","39",
"USW00094789","JFK INTERNATIONAL AIRPORT, NY US","2015-03-15","45","46","37",
"USW00094789","JFK INTERNATIONAL AIRPORT, NY US","2015-03-16","41","50","36",
"USW00094789","JFK INTERNATIONAL AIRPORT, NY US","2015-03-17","47","60","34",
"USW00094789","JFK INTERNATIONAL AIRPORT, NY US","2015-03-18","35","41","30",
"USW00094789","JFK INTERNATIONAL AIRPORT, NY US","2015-03-19","35","44","30",
"USW00094789","JFK INTERNATIONAL AIRPORT, NY US","2015-03-20","35","40","31",
"USW00094789","JFK INTERNATIONAL AIRPORT, NY US","2015-03-21","35","48","30",
"USW00094789","JFK INTERNATIONAL AIRPORT, NY US","2015-03-22","41","45","28",
"USW00094789","JFK INTERNATIONAL AIRPORT, NY US","2015-03-23","32","41","24",
"USW00094789","JFK INTERNATIONAL AIRPORT, NY US","2015-03-24","34","43","26",
"USW00094789","JFK INTERNATIONAL AIRPORT, NY US","2015-03-25","37","46","30",
"USW00094789","JFK INTERNATIONAL AIRPORT, NY US","2015-03-26","45","54","41",
"USW00094789","JFK INTERNATIONAL AIRPORT, NY US","2015-03-27","45","47","41",
"USW00094789","JFK INTERNATIONAL AIRPORT, NY US","2015-03-28","39","42","28",
"USW00094789","JFK INTERNATIONAL AIRPORT, NY US","2015-03-29","34","46","27",
"USW00094789","JFK INTERNATIONAL AIRPORT, NY US","2015-03-30","42","58","36",
"USW00094789","JFK INTERNATIONAL AIRPORT, NY US","2015-03-31","44","48","37",
"USW00094789","JFK INTERNATIONAL AIRPORT, NY US","2015-04-01","42","53","34",
"USW00094789","JFK INTERNATIONAL AIRPORT, NY US","2015-04-02","46","57","33",
"USW00094789","JFK INTERNATIONAL AIRPORT, NY US","2015-04-03","50","59","46",
"USW00094789","JFK INTERNATIONAL AIRPORT, NY US","2015-04-04","51","56","44",
"USW00094789","JFK INTERNATIONAL AIRPORT, NY US","2015-04-05","50","65","38",
"USW00094789","JFK INTERNATIONAL AIRPORT, NY US","2015-04-06","49","60","39",
"USW00094789","JFK INTERNATIONAL AIRPORT, NY US","2015-04-07","51","57","44",
"USW00094789","JFK INTERNATIONAL AIRPORT, NY US","2015-04-08","45","49","36",
"USW00094789","JFK INTERNATIONAL AIRPORT, NY US","2015-04-09","40","44","38",
"USW00094789","JFK INTERNATIONAL AIRPORT, NY US","2015-04-10","44","58","40",
"USW00094789","JFK INTERNATIONAL AIRPORT, NY US","2015-04-11","56","61","45",
"USW00094789","JFK INTERNATIONAL AIRPORT, NY US","2015-04-12","51","61","43",
"USW00094789","JFK INTERNATIONAL AIRPORT, NY US","2015-04-13","51","62","43",
"USW00094789","JFK INTERNATIONAL AIRPORT, NY US","2015-04-14","56","66","50",
"USW00094789","JFK INTERNATIONAL AIRPORT, NY US","2015-04-15","60","72","50",
"USW00094789","JFK INTERNATIONAL AIRPORT, NY US","2015-04-16","57","60","48",
"USW00094789","JFK INTERNATIONAL AIRPORT, NY US","2015-04-17","56","69","52",
"USW00094789","JFK INTERNATIONAL AIRPORT, NY US","2015-04-18","62","73","51",
"USW00094789","JFK INTERNATIONAL AIRPORT, NY US","2015-04-19","56","62","47",
"USW00094789","JFK INTERNATIONAL AIRPORT, NY US","2015-04-20","51","58","47",
"USW00094789","JFK INTERNATIONAL AIRPORT, NY US","2015-04-21","58","67","50",
"USW00094789","JFK INTERNATIONAL AIRPORT, NY US","2015-04-22","55","63","46",
"USW00094789","JFK INTERNATIONAL AIRPORT, NY US","2015-04-23","48","54","42",
"USW00094789","JFK INTERNATIONAL AIRPORT, NY US","2015-04-24","44","52","39",
"USW00094789","JFK INTERNATIONAL AIRPORT, NY US","2015-04-25","46","59","39",
"USW00094789","JFK INTERNATIONAL AIRPORT, NY US","2015-04-26","51","59","43",
"USW00094789","JFK INTERNATIONAL AIRPORT, NY US","2015-04-27","55","63","49",
"USW00094789","JFK INTERNATIONAL AIRPORT, NY US","2015-04-28","58","71","51",
"USW00094789","JFK INTERNATIONAL AIRPORT, NY US","2015-04-29","63","77","50",
"USW00094789","JFK INTERNATIONAL AIRPORT, NY US","2015-04-30","55","63","48",
"USW00094789","JFK INTERNATIONAL AIRPORT, NY US","2015-05-01","51","56","47",
"USW00094789","JFK INTERNATIONAL AIRPORT, NY US","2015-05-02","51","61","43",
"USW00094789","JFK INTERNATIONAL AIRPORT, NY US","2015-05-03","55","67","46",
"USW00094789","JFK INTERNATIONAL AIRPORT, NY US","2015-05-04","61","74","50",
"USW00094789","JFK INTERNATIONAL AIRPORT, NY US","2015-05-05","67","82","55",
"USW00094789","JFK INTERNATIONAL AIRPORT, NY US","2015-05-06","65","70","54",
"USW00094789","JFK INTERNATIONAL AIRPORT, NY US","2015-05-07","62","72","51",
"USW00094789","JFK INTERNATIONAL AIRPORT, NY US","2015-05-08","60","72","53",
"USW00094789","JFK INTERNATIONAL AIRPORT, NY US","2015-05-09","61","64","58",
"USW00094789","JFK INTERNATIONAL AIRPORT, NY US","2015-05-10","64","74","58",
"USW00094789","JFK INTERNATIONAL AIRPORT, NY US","2015-05-11","68","77","62",
"USW00094789","JFK INTERNATIONAL AIRPORT, NY US","2015-05-12","73","87","65",
"USW00094789","JFK INTERNATIONAL AIRPORT, NY US","2015-05-13","67","73","55",
"USW00094789","JFK INTERNATIONAL AIRPORT, NY US","2015-05-14","60","71","51",
"USW00094789","JFK INTERNATIONAL AIRPORT, NY US","2015-05-15","61","71","53",
"USW00094789","JFK INTERNATIONAL AIRPORT, NY US","2015-05-16","62","70","58",
"USW00094789","JFK INTERNATIONAL AIRPORT, NY US","2015-05-17","69","81","61",
"USW00094789","JFK INTERNATIONAL AIRPORT, NY US","2015-05-18","63","68","57",
"USW00094789","JFK INTERNATIONAL AIRPORT, NY US","2015-05-19","62","75","57",
"USW00094789","JFK INTERNATIONAL AIRPORT, NY US","2015-05-20","63","69","54",
"USW00094789","JFK INTERNATIONAL AIRPORT, NY US","2015-05-21","56","62","52",
"USW00094789","JFK INTERNATIONAL AIRPORT, NY US","2015-05-22","63","79","54",
"USW00094789","JFK INTERNATIONAL AIRPORT, NY US","2015-05-23","60","68","51",
"USW00094789","JFK INTERNATIONAL AIRPORT, NY US","2015-05-24","62","74","53",
"USW00094789","JFK INTERNATIONAL AIRPORT, NY US","2015-05-25","66","77","57",
"USW00094789","JFK INTERNATIONAL AIRPORT, NY US","2015-05-26","68","76","60",
"USW00094789","JFK INTERNATIONAL AIRPORT, NY US","2015-05-27","66","74","61",
"USW00094789","JFK INTERNATIONAL AIRPORT, NY US","2015-05-28","65","78","60",
"USW00094789","JFK INTERNATIONAL AIRPORT, NY US","2015-05-29","71","80","63",
"USW00094789","JFK INTERNATIONAL AIRPORT, NY US","2015-05-30","69","78","62",
"USW00094789","JFK INTERNATIONAL AIRPORT, NY US","2015-05-31","69","79","63",
"USW00094789","JFK INTERNATIONAL AIRPORT, NY US","2015-06-01","62","63","52",
"USW00094789","JFK INTERNATIONAL AIRPORT, NY US","2015-06-02","53","56","51",
"USW00094789","JFK INTERNATIONAL AIRPORT, NY US","2015-06-03","58","68","53",
"USW00094789","JFK INTERNATIONAL AIRPORT, NY US","2015-06-04","59","67","55",
"USW00094789","JFK INTERNATIONAL AIRPORT, NY US","2015-06-05","60","69","57",
"USW00094789","JFK INTERNATIONAL AIRPORT, NY US","2015-06-06","66","79","59",
"USW00094789","JFK INTERNATIONAL AIRPORT, NY US","2015-06-07","64","71","56",
"USW00094789","JFK INTERNATIONAL AIRPORT, NY US","2015-06-08","66","73","61",
"USW00094789","JFK INTERNATIONAL AIRPORT, NY US","2015-06-09","70","85","64",
"USW00094789","JFK INTERNATIONAL AIRPORT, NY US","2015-06-10","74","79","65",
"USW00094789","JFK INTERNATIONAL AIRPORT, NY US","2015-06-11","75","87","66",
"USW00094789","JFK INTERNATIONAL AIRPORT, NY US","2015-06-12","78","85","71",
"USW00094789","JFK INTERNATIONAL AIRPORT, NY US","2015-06-13","80","88","67",
"USW00094789","JFK INTERNATIONAL AIRPORT, NY US","2015-06-14","75","86","66",
"USW00094789","JFK INTERNATIONAL AIRPORT, NY US","2015-06-15","72","81","66",
"USW00094789","JFK INTERNATIONAL AIRPORT, NY US","2015-06-16","69","79","66",
"USW00094789","JFK INTERNATIONAL AIRPORT, NY US","2015-06-17","74","81","66",
"USW00094789","JFK INTERNATIONAL AIRPORT, NY US","2015-06-18","67","71","65",
"USW00094789","JFK INTERNATIONAL AIRPORT, NY US","2015-06-19","74","89","67",
"USW00094789","JFK INTERNATIONAL AIRPORT, NY US","2015-06-20","72","75","67",
"USW00094789","JFK INTERNATIONAL AIRPORT, NY US","2015-06-21","77","90","71",
"USW00094789","JFK INTERNATIONAL AIRPORT, NY US","2015-06-22","82","89","74",
"USW00094789","JFK INTERNATIONAL AIRPORT, NY US","2015-06-23","79","89","72",
"USW00094789","JFK INTERNATIONAL AIRPORT, NY US","2015-06-24","79","86","69",
"USW00094789","JFK INTERNATIONAL AIRPORT, NY US","2015-06-25","76","82","67",
"USW00094789","JFK INTERNATIONAL AIRPORT, NY US","2015-06-26","74","81","69",
"USW00094789","JFK INTERNATIONAL AIRPORT, NY US","2015-06-27","68","71","62",
"USW00094789","JFK INTERNATIONAL AIRPORT, NY US","2015-06-28","67","76","64",
"USW00094789","JFK INTERNATIONAL AIRPORT, NY US","2015-06-29","72","79","64",
"USW00094789","JFK INTERNATIONAL AIRPORT, NY US","2015-06-30","73","81","66",
"USW00094789","JFK INTERNATIONAL AIRPORT, NY US","2015-07-01","76","85","71",
"USW00094789","JFK INTERNATIONAL AIRPORT, NY US","2015-07-02","77","80","69",
"USW00094789","JFK INTERNATIONAL AIRPORT, NY US","2015-07-03","73","82","65",
"USW00094789","JFK INTERNATIONAL AIRPORT, NY US","2015-07-04","73","80","67",
"USW00094789","JFK INTERNATIONAL AIRPORT, NY US","2015-07-05","74","81","67",
"USW00094789","JFK INTERNATIONAL AIRPORT, NY US","2015-07-06","75","83","69",
"USW00094789","JFK INTERNATIONAL AIRPORT, NY US","2015-07-07","78","84","74",
"USW00094789","JFK INTERNATIONAL AIRPORT, NY US","2015-07-08","80","89","74",
"USW00094789","JFK INTERNATIONAL AIRPORT, NY US","2015-07-09","75","77","72",
"USW00094789","JFK INTERNATIONAL AIRPORT, NY US","2015-07-10","77","86","73",
"USW00094789","JFK INTERNATIONAL AIRPORT, NY US","2015-07-11","78","86","70",
"USW00094789","JFK INTERNATIONAL AIRPORT, NY US","2015-07-12","78","86","71",
"USW00094789","JFK INTERNATIONAL AIRPORT, NY US","2015-07-13","77","84","72",
"USW00094789","JFK INTERNATIONAL AIRPORT, NY US","2015-07-14","76","80","73",
"USW00094789","JFK INTERNATIONAL AIRPORT, NY US","2015-07-15","77","82","73",
"USW00094789","JFK INTERNATIONAL AIRPORT, NY US","2015-07-16","73","79","66",
"USW00094789","JFK INTERNATIONAL AIRPORT, NY US","2015-07-17","72","80","67",
"USW00094789","JFK INTERNATIONAL AIRPORT, NY US","2015-07-18","76","83","73",
"USW00094789","JFK INTERNATIONAL AIRPORT, NY US","2015-07-19","80","89","75",
"USW00094789","JFK INTERNATIONAL AIRPORT, NY US","2015-07-20","85","95","79",
"USW00094789","JFK INTERNATIONAL AIRPORT, NY US","2015-07-21","84","89","76",
"USW00094789","JFK INTERNATIONAL AIRPORT, NY US","2015-07-22","80","89","72",
"USW00094789","JFK INTERNATIONAL AIRPORT, NY US","2015-07-23","79","88","70",
"USW00094789","JFK INTERNATIONAL AIRPORT, NY US","2015-07-24","78","87","68",
"USW00094789","JFK INTERNATIONAL AIRPORT, NY US","2015-07-25","78","84","70",
"USW00094789","JFK INTERNATIONAL AIRPORT, NY US","2015-07-26","79","87","71",
"USW00094789","JFK INTERNATIONAL AIRPORT, NY US","2015-07-27","78","85","75",
"USW00094789","JFK INTERNATIONAL AIRPORT, NY US","2015-07-28","80","89","73",
"USW00094789","JFK INTERNATIONAL AIRPORT, NY US","2015-07-29","84","95","74",
"USW00094789","JFK INTERNATIONAL AIRPORT, NY US","2015-07-30","79","85","76",
"USW00094789","JFK INTERNATIONAL AIRPORT, NY US","2015-07-31","81","93","73",
"USW00094789","JFK INTERNATIONAL AIRPORT, NY US","2015-08-01","82","91","74",
"USW00094789","JFK INTERNATIONAL AIRPORT, NY US","2015-08-02","81","87","70",
"USW00094789","JFK INTERNATIONAL AIRPORT, NY US","2015-08-03","79","89","71",
"USW00094789","JFK INTERNATIONAL AIRPORT, NY US","2015-08-04","81","92","70",
"USW00094789","JFK INTERNATIONAL AIRPORT, NY US","2015-08-05","82","91","71",
"USW00094789","JFK INTERNATIONAL AIRPORT, NY US","2015-08-06","78","86","69",
"USW00094789","JFK INTERNATIONAL AIRPORT, NY US","2015-08-07","77","86","69",
"USW00094789","JFK INTERNATIONAL AIRPORT, NY US","2015-08-08","75","83","67",
"USW00094789","JFK INTERNATIONAL AIRPORT, NY US","2015-08-09","75","87","66",
"USW00094789","JFK INTERNATIONAL AIRPORT, NY US","2015-08-10","75","81","68",
"USW00094789","JFK INTERNATIONAL AIRPORT, NY US","2015-08-11","76","81","72",
"USW00094789","JFK INTERNATIONAL AIRPORT, NY US","2015-08-12","79","88","73",
"USW00094789","JFK INTERNATIONAL AIRPORT, NY US","2015-08-13","77","87","69",
"USW00094789","JFK INTERNATIONAL AIRPORT, NY US","2015-08-14","77","86","66",
"USW00094789","JFK INTERNATIONAL AIRPORT, NY US","2015-08-15","78","88","70",
"USW00094789","JFK INTERNATIONAL AIRPORT, NY US","2015-08-16","80","90","74",
"USW00094789","JFK INTERNATIONAL AIRPORT, NY US","2015-08-17","80","91","74",
"USW00094789","JFK INTERNATIONAL AIRPORT, NY US","2015-08-18","80","86","75",
"USW00094789","JFK INTERNATIONAL AIRPORT, NY US","2015-08-19","80","86","76",
"USW00094789","JFK INTERNATIONAL AIRPORT, NY US","2015-08-20","81","87","77",
"USW00094789","JFK INTERNATIONAL AIRPORT, NY US","2015-08-21","79","87","73",
"USW00094789","JFK INTERNATIONAL AIRPORT, NY US","2015-08-22","78","86","70",
"USW00094789","JFK INTERNATIONAL AIRPORT, NY US","2015-08-23","76","83","69",
"USW00094789","JFK INTERNATIONAL AIRPORT, NY US","2015-08-24","77","84","71",
"USW00094789","JFK INTERNATIONAL AIRPORT, NY US","2015-08-25","79","85","75",
"USW00094789","JFK INTERNATIONAL AIRPORT, NY US","2015-08-26","77","84","68",
"USW00094789","JFK INTERNATIONAL AIRPORT, NY US","2015-08-27","76","83","68",
"USW00094789","JFK INTERNATIONAL AIRPORT, NY US","2015-08-28","73","82","64",
"USW00094789","JFK INTERNATIONAL AIRPORT, NY US","2015-08-29","76","84","68",
"USW00094789","JFK INTERNATIONAL AIRPORT, NY US","2015-08-30","77","84","69",
"USW00094789","JFK INTERNATIONAL AIRPORT, NY US","2015-08-31","81","91","75",
"USW00094789","JFK INTERNATIONAL AIRPORT, NY US","2015-09-01","81","87","73",
"USW00094789","JFK INTERNATIONAL AIRPORT, NY US","2015-09-02","78","86","71",
"USW00094789","JFK INTERNATIONAL AIRPORT, NY US","2015-09-03","81","93","73",
"USW00094789","JFK INTERNATIONAL AIRPORT, NY US","2015-09-04","78","85","70",
"USW00094789","JFK INTERNATIONAL AIRPORT, NY US","2015-09-05","72","81","63",
"USW00094789","JFK INTERNATIONAL AIRPORT, NY US","2015-09-06","71","80","62",
"USW00094789","JFK INTERNATIONAL AIRPORT, NY US","2015-09-07","76","86","70",
"USW00094789","JFK INTERNATIONAL AIRPORT, NY US","2015-09-08","80","91","73",
"USW00094789","JFK INTERNATIONAL AIRPORT, NY US","2015-09-09","79","87","75",
"USW00094789","JFK INTERNATIONAL AIRPORT, NY US","2015-09-10","76","79","71",
"USW00094789","JFK INTERNATIONAL AIRPORT, NY US","2015-09-11","73","82","66",
"USW00094789","JFK INTERNATIONAL AIRPORT, NY US","2015-09-12","74","80","68",
"USW00094789","JFK INTERNATIONAL AIRPORT, NY US","2015-09-13","72","79","62",
"USW00094789","JFK INTERNATIONAL AIRPORT, NY US","2015-09-14","68","78","60",
"USW00094789","JFK INTERNATIONAL AIRPORT, NY US","2015-09-15","72","80","62",
"USW00094789","JFK INTERNATIONAL AIRPORT, NY US","2015-09-16","74","84","62",
"USW00094789","JFK INTERNATIONAL AIRPORT, NY US","2015-09-17","74","84","64",
"USW00094789","JFK INTERNATIONAL AIRPORT, NY US","2015-09-18","74","83","65",
"USW00094789","JFK INTERNATIONAL AIRPORT, NY US","2015-09-19","73","80","68",
"USW00094789","JFK INTERNATIONAL AIRPORT, NY US","2015-09-20","74","80","64",
"USW00094789","JFK INTERNATIONAL AIRPORT, NY US","2015-09-21","66","72","59",
"USW00094789","JFK INTERNATIONAL AIRPORT, NY US","2015-09-22","67","73","63",
"USW00094789","JFK INTERNATIONAL AIRPORT, NY US","2015-09-23","68","80","58",
"USW00094789","JFK INTERNATIONAL AIRPORT, NY US","2015-09-24","69","83","59",
"USW00094789","JFK INTERNATIONAL AIRPORT, NY US","2015-09-25","68","75","63",
"USW00094789","JFK INTERNATIONAL AIRPORT, NY US","2015-09-26","66","73","59",
"USW00094789","JFK INTERNATIONAL AIRPORT, NY US","2015-09-27","63","72","56",
"USW00094789","JFK INTERNATIONAL AIRPORT, NY US","2015-09-28","68","79","61",
"USW00094789","JFK INTERNATIONAL AIRPORT, NY US","2015-09-29","73","80","69",
"USW00094789","JFK INTERNATIONAL AIRPORT, NY US","2015-09-30","73","78","60",
"USW00094789","JFK INTERNATIONAL AIRPORT, NY US","2015-10-01","60","61","56",
"USW00094789","JFK INTERNATIONAL AIRPORT, NY US","2015-10-02","54","57","50",
"USW00094789","JFK INTERNATIONAL AIRPORT, NY US","2015-10-03","53","57","51",
"USW00094789","JFK INTERNATIONAL AIRPORT, NY US","2015-10-04","58","66","54",
"USW00094789","JFK INTERNATIONAL AIRPORT, NY US","2015-10-05","58","67","53",
"USW00094789","JFK INTERNATIONAL AIRPORT, NY US","2015-10-06","61","74","51",
"USW00094789","JFK INTERNATIONAL AIRPORT, NY US","2015-10-07","64","71","57",
"USW00094789","JFK INTERNATIONAL AIRPORT, NY US","2015-10-08","64","70","55",
"USW00094789","JFK INTERNATIONAL AIRPORT, NY US","2015-10-09","66","74","61",
"USW00094789","JFK INTERNATIONAL AIRPORT, NY US","2015-10-10","61","66","52",
"USW00094789","JFK INTERNATIONAL AIRPORT, NY US","2015-10-11","58","68","50",
"USW00094789","JFK INTERNATIONAL AIRPORT, NY US","2015-10-12","62","72","53",
"USW00094789","JFK INTERNATIONAL AIRPORT, NY US","2015-10-13","66","74","60",
"USW00094789","JFK INTERNATIONAL AIRPORT, NY US","2015-10-14","65","70","58",
"USW00094789","JFK INTERNATIONAL AIRPORT, NY US","2015-10-15","59","65","52",
"USW00094789","JFK INTERNATIONAL AIRPORT, NY US","2015-10-16","60","66","54",
"USW00094789","JFK INTERNATIONAL AIRPORT, NY US","2015-10-17","54","58","43",
"USW00094789","JFK INTERNATIONAL AIRPORT, NY US","2015-10-18","45","53","38",
"USW00094789","JFK INTERNATIONAL AIRPORT, NY US","2015-10-19","43","52","36",
"USW00094789","JFK INTERNATIONAL AIRPORT, NY US","2015-10-20","56","70","49",
"USW00094789","JFK INTERNATIONAL AIRPORT, NY US","2015-10-21","61","71","52",
"USW00094789","JFK INTERNATIONAL AIRPORT, NY US","2015-10-22","61","70","53",
"USW00094789","JFK INTERNATIONAL AIRPORT, NY US","2015-10-23","60","66","44",
"USW00094789","JFK INTERNATIONAL AIRPORT, NY US","2015-10-24","49","59","42",
"USW00094789","JFK INTERNATIONAL AIRPORT, NY US","2015-10-25","61","70","49",
"USW00094789","JFK INTERNATIONAL AIRPORT, NY US","2015-10-26","53","60","45",
"USW00094789","JFK INTERNATIONAL AIRPORT, NY US","2015-10-27","51","59","42",
"USW00094789","JFK INTERNATIONAL AIRPORT, NY US","2015-10-28","57","68","52",
"USW00094789","JFK INTERNATIONAL AIRPORT, NY US","2015-10-29","67","74","59",
"USW00094789","JFK INTERNATIONAL AIRPORT, NY US","2015-10-30","58","63","47",
"USW00094789","JFK INTERNATIONAL AIRPORT, NY US","2015-10-31","49","55","40",
"USW00094789","JFK INTERNATIONAL AIRPORT, NY US","2015-11-01","58","64","54",
"USW00094789","JFK INTERNATIONAL AIRPORT, NY US","2015-11-02","59","65","51",
"USW00094789","JFK INTERNATIONAL AIRPORT, NY US","2015-11-03","56","70","45",
"USW00094789","JFK INTERNATIONAL AIRPORT, NY US","2015-11-04","60","69","50",
"USW00094789","JFK INTERNATIONAL AIRPORT, NY US","2015-11-05","60","69","53",
"USW00094789","JFK INTERNATIONAL AIRPORT, NY US","2015-11-06","65","75","62",
"USW00094789","JFK INTERNATIONAL AIRPORT, NY US","2015-11-07","65","70","55",
"USW00094789","JFK INTERNATIONAL AIRPORT, NY US","2015-11-08","54","60","43",
"USW00094789","JFK INTERNATIONAL AIRPORT, NY US","2015-11-09","50","59","39",
"USW00094789","JFK INTERNATIONAL AIRPORT, NY US","2015-11-10","57","59","53",
"USW00094789","JFK INTERNATIONAL AIRPORT, NY US","2015-11-11","54","59","50",
"USW00094789","JFK INTERNATIONAL AIRPORT, NY US","2015-11-12","56","60","52",
"USW00094789","JFK INTERNATIONAL AIRPORT, NY US","2015-11-13","57","61","48",
"USW00094789","JFK INTERNATIONAL AIRPORT, NY US","2015-11-14","49","51","42",
"USW00094789","JFK INTERNATIONAL AIRPORT, NY US","2015-11-15","48","59","40",
"USW00094789","JFK INTERNATIONAL AIRPORT, NY US","2015-11-16","56","69","45",
"USW00094789","JFK INTERNATIONAL AIRPORT, NY US","2015-11-17","50","53","40",
"USW00094789","JFK INTERNATIONAL AIRPORT, NY US","2015-11-18","50","60","43",
"USW00094789","JFK INTERNATIONAL AIRPORT, NY US","2015-11-19","60","63","58",
"USW00094789","JFK INTERNATIONAL AIRPORT, NY US","2015-11-20","59","63","45",
"USW00094789","JFK INTERNATIONAL AIRPORT, NY US","2015-11-21","48","55","42",
"USW00094789","JFK INTERNATIONAL AIRPORT, NY US","2015-11-22","53","58","44",
"USW00094789","JFK INTERNATIONAL AIRPORT, NY US","2015-11-23","42","46","35",
"USW00094789","JFK INTERNATIONAL AIRPORT, NY US","2015-11-24","39","48","31",
"USW00094789","JFK INTERNATIONAL AIRPORT, NY US","2015-11-25","42","51","32",
"USW00094789","JFK INTERNATIONAL AIRPORT, NY US","2015-11-26","46","60","35",
"USW00094789","JFK INTERNATIONAL AIRPORT, NY US","2015-11-27","54","63","43",
"USW00094789","JFK INTERNATIONAL AIRPORT, NY US","2015-11-28","55","65","46",
"USW00094789","JFK INTERNATIONAL AIRPORT, NY US","2015-11-29","44","50","38",
"USW00094789","JFK INTERNATIONAL AIRPORT, NY US","2015-11-30","41","50","34",
"USW00094789","JFK INTERNATIONAL AIRPORT, NY US","2015-12-01","48","53","46",
"USW00094789","JFK INTERNATIONAL AIRPORT, NY US","2015-12-02","50","57","47",
"USW00094789","JFK INTERNATIONAL AIRPORT, NY US","2015-12-03","52","56","45",
"USW00094789","JFK INTERNATIONAL AIRPORT, NY US","2015-12-04","47","53","41",
"USW00094789","JFK INTERNATIONAL AIRPORT, NY US","2015-12-05","45","53","35",
"USW00094789","JFK INTERNATIONAL AIRPORT, NY US","2015-12-06","45","51","38",
"USW00094789","JFK INTERNATIONAL AIRPORT, NY US","2015-12-07","47","55","40",
"USW00094789","JFK INTERNATIONAL AIRPORT, NY US","2015-12-08","46","51","40",
"USW00094789","JFK INTERNATIONAL AIRPORT, NY US","2015-12-09","44","55","34",
"USW00094789","JFK INTERNATIONAL AIRPORT, NY US","2015-12-10","54","59","48",
"USW00094789","JFK INTERNATIONAL AIRPORT, NY US","2015-12-11","52","58","46",
"USW00094789","JFK INTERNATIONAL AIRPORT, NY US","2015-12-12","56","64","49",
"USW00094789","JFK INTERNATIONAL AIRPORT, NY US","2015-12-13","58","70","53",
"USW00094789","JFK INTERNATIONAL AIRPORT, NY US","2015-12-14","55","61","53",
"USW00094789","JFK INTERNATIONAL AIRPORT, NY US","2015-12-15","60","64","53",
"USW00094789","JFK INTERNATIONAL AIRPORT, NY US","2015-12-16","51","53","45",
"USW00094789","JFK INTERNATIONAL AIRPORT, NY US","2015-12-17","54","59","50",
"USW00094789","JFK INTERNATIONAL AIRPORT, NY US","2015-12-18","52","58","39",
"USW00094789","JFK INTERNATIONAL AIRPORT, NY US","2015-12-19","39","41","36",
"USW00094789","JFK INTERNATIONAL AIRPORT, NY US","2015-12-20","40","44","35",
"USW00094789","JFK INTERNATIONAL AIRPORT, NY US","2015-12-21","46","55","38",
"USW00094789","JFK INTERNATIONAL AIRPORT, NY US","2015-12-22","54","60","52",
"USW00094789","JFK INTERNATIONAL AIRPORT, NY US","2015-12-23","54","63","48",
"USW00094789","JFK INTERNATIONAL AIRPORT, NY US","2015-12-24","62","69","57",
"USW00094789","JFK INTERNATIONAL AIRPORT, NY US","2015-12-25","59","64","52",
"USW00094789","JFK INTERNATIONAL AIRPORT, NY US","2015-12-26","56","60","49",
"USW00094789","JFK INTERNATIONAL AIRPORT, NY US","2015-12-27","54","63","48",
"USW00094789","JFK INTERNATIONAL AIRPORT, NY US","2015-12-28","45","48","35",
"USW00094789","JFK INTERNATIONAL AIRPORT, NY US","2015-12-29","42","49","34",
"USW00094789","JFK INTERNATIONAL AIRPORT, NY US","2015-12-30","43","51","41",
"USW00094789","JFK INTERNATIONAL AIRPORT, NY US","2015-12-31","48","52","43",
"USW00094789","JFK INTERNATIONAL AIRPORT, NY US","2016-01-01","42","44","36",
"USW00094789","JFK INTERNATIONAL AIRPORT, NY US","2016-01-02","38","41","34",
"USW00094789","JFK INTERNATIONAL AIRPORT, NY US","2016-01-03","40","48","35",
"USW00094789","JFK INTERNATIONAL AIRPORT, NY US","2016-01-04","34","38","15",
"USW00094789","JFK INTERNATIONAL AIRPORT, NY US","2016-01-05","19","29","12",
"USW00094789","JFK INTERNATIONAL AIRPORT, NY US","2016-01-06","29","40","21",
"USW00094789","JFK INTERNATIONAL AIRPORT, NY US","2016-01-07","37","46","27",
"USW00094789","JFK INTERNATIONAL AIRPORT, NY US","2016-01-08","40","47","32",
"USW00094789","JFK INTERNATIONAL AIRPORT, NY US","2016-01-09","45","53","40",
"USW00094789","JFK INTERNATIONAL AIRPORT, NY US","2016-01-10","52","58","41",
"USW00094789","JFK INTERNATIONAL AIRPORT, NY US","2016-01-11","38","41","26",
"USW00094789","JFK INTERNATIONAL AIRPORT, NY US","2016-01-12","33","45","22",
"USW00094789","JFK INTERNATIONAL AIRPORT, NY US","2016-01-13","29","31","24",
"USW00094789","JFK INTERNATIONAL AIRPORT, NY US","2016-01-14","29","39","24",
"USW00094789","JFK INTERNATIONAL AIRPORT, NY US","2016-01-15","40","51","31",
"USW00094789","JFK INTERNATIONAL AIRPORT, NY US","2016-01-16","48","54","43",
"USW00094789","JFK INTERNATIONAL AIRPORT, NY US","2016-01-17","39","43","31",
"USW00094789","JFK INTERNATIONAL AIRPORT, NY US","2016-01-18","29","33","20",
"USW00094789","JFK INTERNATIONAL AIRPORT, NY US","2016-01-19","23","31","18",
"USW00094789","JFK INTERNATIONAL AIRPORT, NY US","2016-01-20","32","40","28",
"USW00094789","JFK INTERNATIONAL AIRPORT, NY US","2016-01-21","33","39","27",
"USW00094789","JFK INTERNATIONAL AIRPORT, NY US","2016-01-22","27","30","21",
"USW00094789","JFK INTERNATIONAL AIRPORT, NY US","2016-01-23","29","31","26",
"USW00094789","JFK INTERNATIONAL AIRPORT, NY US","2016-01-24","27","35","19",
"USW00094789","JFK INTERNATIONAL AIRPORT, NY US","2016-01-25","31","39","20",
"USW00094789","JFK INTERNATIONAL AIRPORT, NY US","2016-01-26","39","45","35",
"USW00094789","JFK INTERNATIONAL AIRPORT, NY US","2016-01-27","43","45","31",
"USW00094789","JFK INTERNATIONAL AIRPORT, NY US","2016-01-28","35","42","25",
"USW00094789","JFK INTERNATIONAL AIRPORT, NY US","2016-01-29","38","42","31",
"USW00094789","JFK INTERNATIONAL AIRPORT, NY US","2016-01-30","33","39","28",
"USW00094789","JFK INTERNATIONAL AIRPORT, NY US","2016-01-31","40","48","33",
"USW00094789","JFK INTERNATIONAL AIRPORT, NY US","2016-02-01","48","60","40",
"USW00094789","JFK INTERNATIONAL AIRPORT, NY US","2016-02-02","44","52","36",
"USW00094789","JFK INTERNATIONAL AIRPORT, NY US","2016-02-03","47","56","39",
"USW00094789","JFK INTERNATIONAL AIRPORT, NY US","2016-02-04","53","55","43",
"USW00094789","JFK INTERNATIONAL AIRPORT, NY US","2016-02-05","39","43","32",
"USW00094789","JFK INTERNATIONAL AIRPORT, NY US","2016-02-06","33","38","23",
"USW00094789","JFK INTERNATIONAL AIRPORT, NY US","2016-02-07","37","45","29",
"USW00094789","JFK INTERNATIONAL AIRPORT, NY US","2016-02-08","36","39","28",
"USW00094789","JFK INTERNATIONAL AIRPORT, NY US","2016-02-09","30","37","26",
"USW00094789","JFK INTERNATIONAL AIRPORT, NY US","2016-02-10","35","40","32",
"USW00094789","JFK INTERNATIONAL AIRPORT, NY US","2016-02-11","28","32","20",
"USW00094789","JFK INTERNATIONAL AIRPORT, NY US","2016-02-12","22","26","17",
"USW00094789","JFK INTERNATIONAL AIRPORT, NY US","2016-02-13","22","25","7",
"USW00094789","JFK INTERNATIONAL AIRPORT, NY US","2016-02-14","8","17","1",
"USW00094789","JFK INTERNATIONAL AIRPORT, NY US","2016-02-15","19","44","13",
"USW00094789","JFK INTERNATIONAL AIRPORT, NY US","2016-02-16","46","54","39",
"USW00094789","JFK INTERNATIONAL AIRPORT, NY US","2016-02-17","40","41","36",
"USW00094789","JFK INTERNATIONAL AIRPORT, NY US","2016-02-18","35","37","27",
"USW00094789","JFK INTERNATIONAL AIRPORT, NY US","2016-02-19","30","41","24",
"USW00094789","JFK INTERNATIONAL AIRPORT, NY US","2016-02-20","46","59","40",
"USW00094789","JFK INTERNATIONAL AIRPORT, NY US","2016-02-21","49","58","39",
"USW00094789","JFK INTERNATIONAL AIRPORT, NY US","2016-02-22","45","50","35",
"USW00094789","JFK INTERNATIONAL AIRPORT, NY US","2016-02-23","39","43","36",
"USW00094789","JFK INTERNATIONAL AIRPORT, NY US","2016-02-24","44","58","38",
"USW00094789","JFK INTERNATIONAL AIRPORT, NY US","2016-02-25","50","59","38",
"USW00094789","JFK INTERNATIONAL AIRPORT, NY US","2016-02-26","38","40","29",
"USW00094789","JFK INTERNATIONAL AIRPORT, NY US","2016-02-27","33","40","28",
"USW00094789","JFK INTERNATIONAL AIRPORT, NY US","2016-02-28","43","58","35",
"USW00094789","JFK INTERNATIONAL AIRPORT, NY US","2016-02-29","48","62","42",
"USW00094789","JFK INTERNATIONAL AIRPORT, NY US","2016-03-01","46","53","41",
"USW00094789","JFK INTERNATIONAL AIRPORT, NY US","2016-03-02","47","53","30",
"USW00094789","JFK INTERNATIONAL AIRPORT, NY US","2016-03-03","32","37","27",
"USW00094789","JFK INTERNATIONAL AIRPORT, NY US","2016-03-04","33","39","30",
"USW00094789","JFK INTERNATIONAL AIRPORT, NY US","2016-03-05","35","42","29",
"USW00094789","JFK INTERNATIONAL AIRPORT, NY US","2016-03-06","37","45","31",
"USW00094789","JFK INTERNATIONAL AIRPORT, NY US","2016-03-07","42","53","35",
"USW00094789","JFK INTERNATIONAL AIRPORT, NY US","2016-03-08","51","61","40",
"USW00094789","JFK INTERNATIONAL AIRPORT, NY US","2016-03-09","50","62","41",
"USW00094789","JFK INTERNATIONAL AIRPORT, NY US","2016-03-10","59","70","53",
"USW00094789","JFK INTERNATIONAL AIRPORT, NY US","2016-03-11","61","68","50",
"USW00094789","JFK INTERNATIONAL AIRPORT, NY US","2016-03-12","49","54","40",
"USW00094789","JFK INTERNATIONAL AIRPORT, NY US","2016-03-13","55","63","47",
"USW00094789","JFK INTERNATIONAL AIRPORT, NY US","2016-03-14","48","51","43",
"USW00094789","JFK INTERNATIONAL AIRPORT, NY US","2016-03-15","49","57","45",
"USW00094789","JFK INTERNATIONAL AIRPORT, NY US","2016-03-16","50","58","42",
"USW00094789","JFK INTERNATIONAL AIRPORT, NY US","2016-03-17","51","63","44",
"USW00094789","JFK INTERNATIONAL AIRPORT, NY US","2016-03-18","52","61","44",
"USW00094789","JFK INTERNATIONAL AIRPORT, NY US","2016-03-19","44","47","36",
"USW00094789","JFK INTERNATIONAL AIRPORT, NY US","2016-03-20","40","45","34",
"USW00094789","JFK INTERNATIONAL AIRPORT, NY US","2016-03-21","40","51","33",
"USW00094789","JFK INTERNATIONAL AIRPORT, NY US","2016-03-22","43","53","36",
"USW00094789","JFK INTERNATIONAL AIRPORT, NY US","2016-03-23","55","72","45",
"USW00094789","JFK INTERNATIONAL AIRPORT, NY US","2016-03-24","49","56","45",
"USW00094789","JFK INTERNATIONAL AIRPORT, NY US","2016-03-25","52","68","45",
"USW00094789","JFK INTERNATIONAL AIRPORT, NY US","2016-03-26","47","52","38",
"USW00094789","JFK INTERNATIONAL AIRPORT, NY US","2016-03-27","44","49","40",
"USW00094789","JFK INTERNATIONAL AIRPORT, NY US","2016-03-28","49","64","43",
"USW00094789","JFK INTERNATIONAL AIRPORT, NY US","2016-03-29","51","55","40",
"USW00094789","JFK INTERNATIONAL AIRPORT, NY US","2016-03-30","44","49","36",
"USW00094789","JFK INTERNATIONAL AIRPORT, NY US","2016-03-31","53","65","46",
"USW00094789","JFK INTERNATIONAL AIRPORT, NY US","2016-04-01","56","66","52",
"USW00094789","JFK INTERNATIONAL AIRPORT, NY US","2016-04-02","53","60","47",
"USW00094789","JFK INTERNATIONAL AIRPORT, NY US","2016-04-03","42","49","36",
"USW00094789","JFK INTERNATIONAL AIRPORT, NY US","2016-04-04","42","49","31",
"USW00094789","JFK INTERNATIONAL AIRPORT, NY US","2016-04-05","34","43","26",
"USW00094789","JFK INTERNATIONAL AIRPORT, NY US","2016-04-06","37","48","27",
"USW00094789","JFK INTERNATIONAL AIRPORT, NY US","2016-04-07","51","59","48",
"USW00094789","JFK INTERNATIONAL AIRPORT, NY US","2016-04-08","48","50","39",
"USW00094789","JFK INTERNATIONAL AIRPORT, NY US","2016-04-09","40","45","33",
"USW00094789","JFK INTERNATIONAL AIRPORT, NY US","2016-04-10","40","49","31",
"USW00094789","JFK INTERNATIONAL AIRPORT, NY US","2016-04-11","48","55","44",
"USW00094789","JFK INTERNATIONAL AIRPORT, NY US","2016-04-12","52","60","43",
"USW00094789","JFK INTERNATIONAL AIRPORT, NY US","2016-04-13","47","55","37",
"USW00094789","JFK INTERNATIONAL AIRPORT, NY US","2016-04-14","47","57","38",
"USW00094789","JFK INTERNATIONAL AIRPORT, NY US","2016-04-15","48","58","38",
"USW00094789","JFK INTERNATIONAL AIRPORT, NY US","2016-04-16","50","67","39",
"USW00094789","JFK INTERNATIONAL AIRPORT, NY US","2016-04-17","53","69","43",
"USW00094789","JFK INTERNATIONAL AIRPORT, NY US","2016-04-18","60","78","45",
"USW00094789","JFK INTERNATIONAL AIRPORT, NY US","2016-04-19","63","72","52",
"USW00094789","JFK INTERNATIONAL AIRPORT, NY US","2016-04-20","58","67","48",
"USW00094789","JFK INTERNATIONAL AIRPORT, NY US","2016-04-21","54","64","47",
"USW00094789","JFK INTERNATIONAL AIRPORT, NY US","2016-04-22","61","71","53",
"USW00094789","JFK INTERNATIONAL AIRPORT, NY US","2016-04-23","64","71","54",
"USW00094789","JFK INTERNATIONAL AIRPORT, NY US","2016-04-24","56","64","47",
"USW00094789","JFK INTERNATIONAL AIRPORT, NY US","2016-04-25","55","62","47",
"USW00094789","JFK INTERNATIONAL AIRPORT, NY US","2016-04-26","56","65","47",
"USW00094789","JFK INTERNATIONAL AIRPORT, NY US","2016-04-27","50","54","46",
"USW00094789","JFK INTERNATIONAL AIRPORT, NY US","2016-04-28","52","59","47",
"USW00094789","JFK INTERNATIONAL AIRPORT, NY US","2016-04-29","51","57","47",
"USW00094789","JFK INTERNATIONAL AIRPORT, NY US","2016-04-30","51","60","47",
"USW00094789","JFK INTERNATIONAL AIRPORT, NY US","2016-05-01","49","50","45",
"USW00094789","JFK INTERNATIONAL AIRPORT, NY US","2016-05-02","49","56","46",
"USW00094789","JFK INTERNATIONAL AIRPORT, NY US","2016-05-03","53","54","50",
"USW00094789","JFK INTERNATIONAL AIRPORT, NY US","2016-05-04","51","53","49",
"USW00094789","JFK INTERNATIONAL AIRPORT, NY US","2016-05-05","51","57","47",
"USW00094789","JFK INTERNATIONAL AIRPORT, NY US","2016-05-06","51","53","48",
"USW00094789","JFK INTERNATIONAL AIRPORT, NY US","2016-05-07","51","56","48",
"USW00094789","JFK INTERNATIONAL AIRPORT, NY US","2016-05-08","54","68","48",
"USW00094789","JFK INTERNATIONAL AIRPORT, NY US","2016-05-09","61","73","47",
"USW00094789","JFK INTERNATIONAL AIRPORT, NY US","2016-05-10","57","61","48",
"USW00094789","JFK INTERNATIONAL AIRPORT, NY US","2016-05-11","60","71","48",
"USW00094789","JFK INTERNATIONAL AIRPORT, NY US","2016-05-12","62","75","51",
"USW00094789","JFK INTERNATIONAL AIRPORT, NY US","2016-05-13","57","65","52",
"USW00094789","JFK INTERNATIONAL AIRPORT, NY US","2016-05-14","63","70","56",
"USW00094789","JFK INTERNATIONAL AIRPORT, NY US","2016-05-15","56","60","47",
"USW00094789","JFK INTERNATIONAL AIRPORT, NY US","2016-05-16","53","68","44",
"USW00094789","JFK INTERNATIONAL AIRPORT, NY US","2016-05-17","59","64","53",
"USW00094789","JFK INTERNATIONAL AIRPORT, NY US","2016-05-18","57","66","52",
"USW00094789","JFK INTERNATIONAL AIRPORT, NY US","2016-05-19","57","64","53",
"USW00094789","JFK INTERNATIONAL AIRPORT, NY US","2016-05-20","61","75","49",
"USW00094789","JFK INTERNATIONAL AIRPORT, NY US","2016-05-21","58","62","50",
"USW00094789","JFK INTERNATIONAL AIRPORT, NY US","2016-05-22","59","70","54",
"USW00094789","JFK INTERNATIONAL AIRPORT, NY US","2016-05-23","61","70","52",
"USW00094789","JFK INTERNATIONAL AIRPORT, NY US","2016-05-24","65","77","60",
"USW00094789","JFK INTERNATIONAL AIRPORT, NY US","2016-05-25","71","87","57",
"USW00094789","JFK INTERNATIONAL AIRPORT, NY US","2016-05-26","74","84","62",
"USW00094789","JFK INTERNATIONAL AIRPORT, NY US","2016-05-27","69","77","63",
"USW00094789","JFK INTERNATIONAL AIRPORT, NY US","2016-05-28","71","79","64",
"USW00094789","JFK INTERNATIONAL AIRPORT, NY US","2016-05-29","70","78","64",
"USW00094789","JFK INTERNATIONAL AIRPORT, NY US","2016-05-30","68","77","64",
"USW00094789","JFK INTERNATIONAL AIRPORT, NY US","2016-05-31","70","79","66",
"USW00094789","JFK INTERNATIONAL AIRPORT, NY US","2016-06-01","73","85","64",
"USW00094789","JFK INTERNATIONAL AIRPORT, NY US","2016-06-02","66","72","61",
"USW00094789","JFK INTERNATIONAL AIRPORT, NY US","2016-06-03","65","67","63",
"USW00094789","JFK INTERNATIONAL AIRPORT, NY US","2016-06-04","69","78","63",
"USW00094789","JFK INTERNATIONAL AIRPORT, NY US","2016-06-05","68","71","66",
"USW00094789","JFK INTERNATIONAL AIRPORT, NY US","2016-06-06","73","84","67",
"USW00094789","JFK INTERNATIONAL AIRPORT, NY US","2016-06-07","75","84","66",
"USW00094789","JFK INTERNATIONAL AIRPORT, NY US","2016-06-08","65","70","54",
"USW00094789","JFK INTERNATIONAL AIRPORT, NY US","2016-06-09","64","74","55",
"USW00094789","JFK INTERNATIONAL AIRPORT, NY US","2016-06-10","68","79","59",
"USW00094789","JFK INTERNATIONAL AIRPORT, NY US","2016-06-11","70","87","58",
"USW00094789","JFK INTERNATIONAL AIRPORT, NY US","2016-06-12","81","87","63",
"USW00094789","JFK INTERNATIONAL AIRPORT, NY US","2016-06-13","67","77","58",
"USW00094789","JFK INTERNATIONAL AIRPORT, NY US","2016-06-14","70","82","60",
"USW00094789","JFK INTERNATIONAL AIRPORT, NY US","2016-06-15","73","83","62",
"USW00094789","JFK INTERNATIONAL AIRPORT, NY US","2016-06-16","69","72","63",
"USW00094789","JFK INTERNATIONAL AIRPORT, NY US","2016-06-17","70","77","59",
"USW00094789","JFK INTERNATIONAL AIRPORT, NY US","2016-06-18","69","78","60",
"USW00094789","JFK INTERNATIONAL AIRPORT, NY US","2016-06-19","71","81","63",
"USW00094789","JFK INTERNATIONAL AIRPORT, NY US","2016-06-20","69","76","63",
"USW00094789","JFK INTERNATIONAL AIRPORT, NY US","2016-06-21","78","88","70",
"USW00094789","JFK INTERNATIONAL AIRPORT, NY US","2016-06-22","80","92","67",
"USW00094789","JFK INTERNATIONAL AIRPORT, NY US","2016-06-23","77","84","69",
"USW00094789","JFK INTERNATIONAL AIRPORT, NY US","2016-06-24","76","85","68",
"USW00094789","JFK INTERNATIONAL AIRPORT, NY US","2016-06-25","73","81","65",
"USW00094789","JFK INTERNATIONAL AIRPORT, NY US","2016-06-26","73","80","66",
"USW00094789","JFK INTERNATIONAL AIRPORT, NY US","2016-06-27","73","81","66",
"USW00094789","JFK INTERNATIONAL AIRPORT, NY US","2016-06-28","72","76","70",
"USW00094789","JFK INTERNATIONAL AIRPORT, NY US","2016-06-29","78","89","70",
"USW00094789","JFK INTERNATIONAL AIRPORT, NY US","2016-06-30","78","85","70",
"USW00094789","JFK INTERNATIONAL AIRPORT, NY US","2016-07-01","74","80","68",
"USW00094789","JFK INTERNATIONAL AIRPORT, NY US","2016-07-02","74","81","69",
"USW00094789","JFK INTERNATIONAL AIRPORT, NY US","2016-07-03","75","81","67",
"USW00094789","JFK INTERNATIONAL AIRPORT, NY US","2016-07-04","74","82","66",
"USW00094789","JFK INTERNATIONAL AIRPORT, NY US","2016-07-05","78","90","72",
"USW00094789","JFK INTERNATIONAL AIRPORT, NY US","2016-07-06","82","88","72",
"USW00094789","JFK INTERNATIONAL AIRPORT, NY US","2016-07-07","79","88","75",
"USW00094789","JFK INTERNATIONAL AIRPORT, NY US","2016-07-08","78","87","68",
"USW00094789","JFK INTERNATIONAL AIRPORT, NY US","2016-07-09","69","72","66",
"USW00094789","JFK INTERNATIONAL AIRPORT, NY US","2016-07-10","73","84","68",
"USW00094789","JFK INTERNATIONAL AIRPORT, NY US","2016-07-11","74","82","67",
"USW00094789","JFK INTERNATIONAL AIRPORT, NY US","2016-07-12","73","80","66",
"USW00094789","JFK INTERNATIONAL AIRPORT, NY US","2016-07-13","75","82","70",
"USW00094789","JFK INTERNATIONAL AIRPORT, NY US","2016-07-14","78","85","74",
"USW00094789","JFK INTERNATIONAL AIRPORT, NY US","2016-07-15","83","92","77",
"USW00094789","JFK INTERNATIONAL AIRPORT, NY US","2016-07-16","82","88","74",
"USW00094789","JFK INTERNATIONAL AIRPORT, NY US","2016-07-17","79","87","73",
"USW00094789","JFK INTERNATIONAL AIRPORT, NY US","2016-07-18","80","91","74",
"USW00094789","JFK INTERNATIONAL AIRPORT, NY US","2016-07-19","80","86","74",
"USW00094789","JFK INTERNATIONAL AIRPORT, NY US","2016-07-20","76","81","68",
"USW00094789","JFK INTERNATIONAL AIRPORT, NY US","2016-07-21","77","85","70",
"USW00094789","JFK INTERNATIONAL AIRPORT, NY US","2016-07-22","80","90","73",
"USW00094789","JFK INTERNATIONAL AIRPORT, NY US","2016-07-23","87","98","77",
"USW00094789","JFK INTERNATIONAL AIRPORT, NY US","2016-07-24","83","90","73",
"USW00094789","JFK INTERNATIONAL AIRPORT, NY US","2016-07-25","78","87","74",
"USW00094789","JFK INTERNATIONAL AIRPORT, NY US","2016-07-26","82","93","74",
"USW00094789","JFK INTERNATIONAL AIRPORT, NY US","2016-07-27","82","88","75",
"USW00094789","JFK INTERNATIONAL AIRPORT, NY US","2016-07-28","80","88","74",
"USW00094789","JFK INTERNATIONAL AIRPORT, NY US","2016-07-29","77","86","70",
"USW00094789","JFK INTERNATIONAL AIRPORT, NY US","2016-07-30","77","85","73",
"USW00094789","JFK INTERNATIONAL AIRPORT, NY US","2016-07-31","77","80","73",
"USW00094789","JFK INTERNATIONAL AIRPORT, NY US","2016-08-01","74","78","70",
"USW00094789","JFK INTERNATIONAL AIRPORT, NY US","2016-08-02","74","79","67",
"USW00094789","JFK INTERNATIONAL AIRPORT, NY US","2016-08-03","72","79","64",
"USW00094789","JFK INTERNATIONAL AIRPORT, NY US","2016-08-04","72","80","64",
"USW00094789","JFK INTERNATIONAL AIRPORT, NY US","2016-08-05","74","81","68",
"USW00094789","JFK INTERNATIONAL AIRPORT, NY US","2016-08-06","77","84","74",
"USW00094789","JFK INTERNATIONAL AIRPORT, NY US","2016-08-07","80","89","68",
"USW00094789","JFK INTERNATIONAL AIRPORT, NY US","2016-08-08","80","84","73",
"USW00094789","JFK INTERNATIONAL AIRPORT, NY US","2016-08-09","78","86","71",
"USW00094789","JFK INTERNATIONAL AIRPORT, NY US","2016-08-10","79","84","74",
"USW00094789","JFK INTERNATIONAL AIRPORT, NY US","2016-08-11","82","92","78",
"USW00094789","JFK INTERNATIONAL AIRPORT, NY US","2016-08-12","83","90","77",
"USW00094789","JFK INTERNATIONAL AIRPORT, NY US","2016-08-13","85","91","80",
"USW00094789","JFK INTERNATIONAL AIRPORT, NY US","2016-08-14","87","95","82",
"USW00094789","JFK INTERNATIONAL AIRPORT, NY US","2016-08-15","84","88","78",
"USW00094789","JFK INTERNATIONAL AIRPORT, NY US","2016-08-16","82","87","77",
"USW00094789","JFK INTERNATIONAL AIRPORT, NY US","2016-08-17","82","87","77",
"USW00094789","JFK INTERNATIONAL AIRPORT, NY US","2016-08-18","79","85","74",
"USW00094789","JFK INTERNATIONAL AIRPORT, NY US","2016-08-19","80","87","76",
"USW00094789","JFK INTERNATIONAL AIRPORT, NY US","2016-08-20","79","87","74",
"USW00094789","JFK INTERNATIONAL AIRPORT, NY US","2016-08-21","80","84","76",
"USW00094789","JFK INTERNATIONAL AIRPORT, NY US","2016-08-22","76","81","68",
"USW00094789","JFK INTERNATIONAL AIRPORT, NY US","2016-08-23","71","79","64",
"USW00094789","JFK INTERNATIONAL AIRPORT, NY US","2016-08-24","75","85","67",
"USW00094789","JFK INTERNATIONAL AIRPORT, NY US","2016-08-25","76","81","70",
"USW00094789","JFK INTERNATIONAL AIRPORT, NY US","2016-08-26","81","92","73",
"USW00094789","JFK INTERNATIONAL AIRPORT, NY US","2016-08-27","81","87","74",
"USW00094789","JFK INTERNATIONAL AIRPORT, NY US","2016-08-28","78","83","73",
"USW00094789","JFK INTERNATIONAL AIRPORT, NY US","2016-08-29","81","94","72",
"USW00094789","JFK INTERNATIONAL AIRPORT, NY US","2016-08-30","77","82","71",
"USW00094789","JFK INTERNATIONAL AIRPORT, NY US","2016-08-31","77","85","73",
"USW00094789","JFK INTERNATIONAL AIRPORT, NY US","2016-09-01","76","79","71",
"USW00094789","JFK INTERNATIONAL AIRPORT, NY US","2016-09-02","73","80","67",
"USW00094789","JFK INTERNATIONAL AIRPORT, NY US","2016-09-03","74","77","68",
"USW00094789","JFK INTERNATIONAL AIRPORT, NY US","2016-09-04","72","80","65",
"USW00094789","JFK INTERNATIONAL AIRPORT, NY US","2016-09-05","72","84","65",
"USW00094789","JFK INTERNATIONAL AIRPORT, NY US","2016-09-06","76","78","70",
"USW00094789","JFK INTERNATIONAL AIRPORT, NY US","2016-09-07","76","86","70",
"USW00094789","JFK INTERNATIONAL AIRPORT, NY US","2016-09-08","77","82","70",
"USW00094789","JFK INTERNATIONAL AIRPORT, NY US","2016-09-09","83","91","77",
"USW00094789","JFK INTERNATIONAL AIRPORT, NY US","2016-09-10","80","86","75",
"USW00094789","JFK INTERNATIONAL AIRPORT, NY US","2016-09-11","79","85","68",
"USW00094789","JFK INTERNATIONAL AIRPORT, NY US","2016-09-12","70","77","60",
"USW00094789","JFK INTERNATIONAL AIRPORT, NY US","2016-09-13","70","78","63",
"USW00094789","JFK INTERNATIONAL AIRPORT, NY US","2016-09-14","74","83","68",
"USW00094789","JFK INTERNATIONAL AIRPORT, NY US","2016-09-15","69","75","62",
"USW00094789","JFK INTERNATIONAL AIRPORT, NY US","2016-09-16","66","74","56",
"USW00094789","JFK INTERNATIONAL AIRPORT, NY US","2016-09-17","66","75","56",
"USW00094789","JFK INTERNATIONAL AIRPORT, NY US","2016-09-18","74","80","69",
"USW00094789","JFK INTERNATIONAL AIRPORT, NY US","2016-09-19","73","74","70",
"USW00094789","JFK INTERNATIONAL AIRPORT, NY US","2016-09-20","73","82","69",
"USW00094789","JFK INTERNATIONAL AIRPORT, NY US","2016-09-21","73","85","65",
"USW00094789","JFK INTERNATIONAL AIRPORT, NY US","2016-09-22","73","83","62",
"USW00094789","JFK INTERNATIONAL AIRPORT, NY US","2016-09-23","71","79","61",
"USW00094789","JFK INTERNATIONAL AIRPORT, NY US","2016-09-24","67","72","58",
"USW00094789","JFK INTERNATIONAL AIRPORT, NY US","2016-09-25","62","70","53",
"USW00094789","JFK INTERNATIONAL AIRPORT, NY US","2016-09-26","62","72","51",
"USW00094789","JFK INTERNATIONAL AIRPORT, NY US","2016-09-27","70","75","61",
"USW00094789","JFK INTERNATIONAL AIRPORT, NY US","2016-09-28","65","70","59",
"USW00094789","JFK INTERNATIONAL AIRPORT, NY US","2016-09-29","62","64","59",
"USW00094789","JFK INTERNATIONAL AIRPORT, NY US","2016-09-30","61","62","59",
"USW00094789","JFK INTERNATIONAL AIRPORT, NY US","2016-10-01","60","63","58",
"USW00094789","JFK INTERNATIONAL AIRPORT, NY US","2016-10-02","61","65","58",
"USW00094789","JFK INTERNATIONAL AIRPORT, NY US","2016-10-03","65","73","61",
"USW00094789","JFK INTERNATIONAL AIRPORT, NY US","2016-10-04","65","70","57",
"USW00094789","JFK INTERNATIONAL AIRPORT, NY US","2016-10-05","60","69","51",
"USW00094789","JFK INTERNATIONAL AIRPORT, NY US","2016-10-06","60","71","52",
"USW00094789","JFK INTERNATIONAL AIRPORT, NY US","2016-10-07","61","73","52",
"USW00094789","JFK INTERNATIONAL AIRPORT, NY US","2016-10-08","62","71","55",
"USW00094789","JFK INTERNATIONAL AIRPORT, NY US","2016-10-09","60","66","53",
"USW00094789","JFK INTERNATIONAL AIRPORT, NY US","2016-10-10","55","64","47",
"USW00094789","JFK INTERNATIONAL AIRPORT, NY US","2016-10-11","54","63","45",
"USW00094789","JFK INTERNATIONAL AIRPORT, NY US","2016-10-12","57","66","49",
"USW00094789","JFK INTERNATIONAL AIRPORT, NY US","2016-10-13","59","70","50",
"USW00094789","JFK INTERNATIONAL AIRPORT, NY US","2016-10-14","56","63","47",
"USW00094789","JFK INTERNATIONAL AIRPORT, NY US","2016-10-15","54","64","45",
"USW00094789","JFK INTERNATIONAL AIRPORT, NY US","2016-10-16","60","69","51",
"USW00094789","JFK INTERNATIONAL AIRPORT, NY US","2016-10-17","67","75","61",
"USW00094789","JFK INTERNATIONAL AIRPORT, NY US","2016-10-18","67","75","61",
"USW00094789","JFK INTERNATIONAL AIRPORT, NY US","2016-10-19","73","86","61",
"USW00094789","JFK INTERNATIONAL AIRPORT, NY US","2016-10-20","67","72","59",
"USW00094789","JFK INTERNATIONAL AIRPORT, NY US","2016-10-21","68","73","60",
"USW00094789","JFK INTERNATIONAL AIRPORT, NY US","2016-10-22","55","60","48",
"USW00094789","JFK INTERNATIONAL AIRPORT, NY US","2016-10-23","54","64","46",
"USW00094789","JFK INTERNATIONAL AIRPORT, NY US","2016-10-24","59","66","48",
"USW00094789","JFK INTERNATIONAL AIRPORT, NY US","2016-10-25","51","54","44",
"USW00094789","JFK INTERNATIONAL AIRPORT, NY US","2016-10-26","46","53","40",
"USW00094789","JFK INTERNATIONAL AIRPORT, NY US","2016-10-27","46","62","42",
"USW00094789","JFK INTERNATIONAL AIRPORT, NY US","2016-10-28","51","57","43",
"USW00094789","JFK INTERNATIONAL AIRPORT, NY US","2016-10-29","49","63","39",
"USW00094789","JFK INTERNATIONAL AIRPORT, NY US","2016-10-30","66","73","56",
"USW00094789","JFK INTERNATIONAL AIRPORT, NY US","2016-10-31","53","57","44",
"USW00094789","JFK INTERNATIONAL AIRPORT, NY US","2016-11-01","49","59","40",
"USW00094789","JFK INTERNATIONAL AIRPORT, NY US","2016-11-02","59","68","53",
"USW00094789","JFK INTERNATIONAL AIRPORT, NY US","2016-11-03","63","73","57",
"USW00094789","JFK INTERNATIONAL AIRPORT, NY US","2016-11-04","58","63","49",
"USW00094789","JFK INTERNATIONAL AIRPORT, NY US","2016-11-05","54","65","44",
"USW00094789","JFK INTERNATIONAL AIRPORT, NY US","2016-11-06","56","61","45",
"USW00094789","JFK INTERNATIONAL AIRPORT, NY US","2016-11-07","48","55","39",
"USW00094789","JFK INTERNATIONAL AIRPORT, NY US","2016-11-08","52","67","39",
"USW00094789","JFK INTERNATIONAL AIRPORT, NY US","2016-11-09","55","60","50",
"USW00094789","JFK INTERNATIONAL AIRPORT, NY US","2016-11-10","50","58","41",
"USW00094789","JFK INTERNATIONAL AIRPORT, NY US","2016-11-11","55","66","42",
"USW00094789","JFK INTERNATIONAL AIRPORT, NY US","2016-11-12","44","52","37",
"USW00094789","JFK INTERNATIONAL AIRPORT, NY US","2016-11-13","49","62","40",
"USW00094789","JFK INTERNATIONAL AIRPORT, NY US","2016-11-14","51","59","41",
"USW00094789","JFK INTERNATIONAL AIRPORT, NY US","2016-11-15","51","54","48",
"USW00094789","JFK INTERNATIONAL AIRPORT, NY US","2016-11-16","52","62","45",
"USW00094789","JFK INTERNATIONAL AIRPORT, NY US","2016-11-17","56","63","49",
"USW00094789","JFK INTERNATIONAL AIRPORT, NY US","2016-11-18","54","67","44",
"USW00094789","JFK INTERNATIONAL AIRPORT, NY US","2016-11-19","53","60","42",
"USW00094789","JFK INTERNATIONAL AIRPORT, NY US","2016-11-20","44","44","37",
"USW00094789","JFK INTERNATIONAL AIRPORT, NY US","2016-11-21","40","42","38",
"USW00094789","JFK INTERNATIONAL AIRPORT, NY US","2016-11-22","40","44","38",
"USW00094789","JFK INTERNATIONAL AIRPORT, NY US","2016-11-23","40","47","36",
"USW00094789","JFK INTERNATIONAL AIRPORT, NY US","2016-11-24","44","51","38",
"USW00094789","JFK INTERNATIONAL AIRPORT, NY US","2016-11-25","49","55","46",
"USW00094789","JFK INTERNATIONAL AIRPORT, NY US","2016-11-26","50","53","43",
"USW00094789","JFK INTERNATIONAL AIRPORT, NY US","2016-11-27","45","53","41",
"USW00094789","JFK INTERNATIONAL AIRPORT, NY US","2016-11-28","45","52","37",
"USW00094789","JFK INTERNATIONAL AIRPORT, NY US","2016-11-29","55","60","52",
"USW00094789","JFK INTERNATIONAL AIRPORT, NY US","2016-11-30","56","59","51",
"USW00094789","JFK INTERNATIONAL AIRPORT, NY US","2016-12-01","55","57","44",
"USW00094789","JFK INTERNATIONAL AIRPORT, NY US","2016-12-02","47","53","41",
"USW00094789","JFK INTERNATIONAL AIRPORT, NY US","2016-12-03","46","50","42",
"USW00094789","JFK INTERNATIONAL AIRPORT, NY US","2016-12-04","44","48","39",
"USW00094789","JFK INTERNATIONAL AIRPORT, NY US","2016-12-05","44","52","40",
"USW00094789","JFK INTERNATIONAL AIRPORT, NY US","2016-12-06","43","47","37",
"USW00094789","JFK INTERNATIONAL AIRPORT, NY US","2016-12-07","44","47","41",
"USW00094789","JFK INTERNATIONAL AIRPORT, NY US","2016-12-08","43","45","35",
"USW00094789","JFK INTERNATIONAL AIRPORT, NY US","2016-12-09","37","43","31",
"USW00094789","JFK INTERNATIONAL AIRPORT, NY US","2016-12-10","33","39","30",
"USW00094789","JFK INTERNATIONAL AIRPORT, NY US","2016-12-11","33","36","28",
"USW00094789","JFK INTERNATIONAL AIRPORT, NY US","2016-12-12","42","48","34",
"USW00094789","JFK INTERNATIONAL AIRPORT, NY US","2016-12-13","41","44","37",
"USW00094789","JFK INTERNATIONAL AIRPORT, NY US","2016-12-14","41","45","35",
"USW00094789","JFK INTERNATIONAL AIRPORT, NY US","2016-12-15","30","36","21",
"USW00094789","JFK INTERNATIONAL AIRPORT, NY US","2016-12-16","22","29","19",
"USW00094789","JFK INTERNATIONAL AIRPORT, NY US","2016-12-17","31","40","27",
"USW00094789","JFK INTERNATIONAL AIRPORT, NY US","2016-12-18","47","60","33",
"USW00094789","JFK INTERNATIONAL AIRPORT, NY US","2016-12-19","31","33","26",
"USW00094789","JFK INTERNATIONAL AIRPORT, NY US","2016-12-20","27","35","20",
"USW00094789","JFK INTERNATIONAL AIRPORT, NY US","2016-12-21","35","41","30",
"USW00094789","JFK INTERNATIONAL AIRPORT, NY US","2016-12-22","42","51","34",
"USW00094789","JFK INTERNATIONAL AIRPORT, NY US","2016-12-23","43","48","38",
"USW00094789","JFK INTERNATIONAL AIRPORT, NY US","2016-12-24","42","47","39",
"USW00094789","JFK INTERNATIONAL AIRPORT, NY US","2016-12-25","45","52","36",
"USW00094789","JFK INTERNATIONAL AIRPORT, NY US","2016-12-26","39","49","31",
"USW00094789","JFK INTERNATIONAL AIRPORT, NY US","2016-12-27","54","62","41",
"USW00094789","JFK INTERNATIONAL AIRPORT, NY US","2016-12-28","43","43","32",
"USW00094789","JFK INTERNATIONAL AIRPORT, NY US","2016-12-29","39","48","28",
"USW00094789","JFK INTERNATIONAL AIRPORT, NY US","2016-12-30","39","43","35",
"USW00094789","JFK INTERNATIONAL AIRPORT, NY US","2016-12-31","38","45","33",
"USW00094789","JFK INTERNATIONAL AIRPORT, NY US","2017-01-01","46","52","34",
"USW00094789","JFK INTERNATIONAL AIRPORT, NY US","2017-01-02","40","43","34",
"USW00094789","JFK INTERNATIONAL AIRPORT, NY US","2017-01-03","43","46","41",
"USW00094789","JFK INTERNATIONAL AIRPORT, NY US","2017-01-04","46","55","35",
"USW00094789","JFK INTERNATIONAL AIRPORT, NY US","2017-01-05","34","35","28",
"USW00094789","JFK INTERNATIONAL AIRPORT, NY US","2017-01-06","32","36","27",
"USW00094789","JFK INTERNATIONAL AIRPORT, NY US","2017-01-07","25","27","21",
"USW00094789","JFK INTERNATIONAL AIRPORT, NY US","2017-01-08","21","26","18",
"USW00094789","JFK INTERNATIONAL AIRPORT, NY US","2017-01-09","20","24","13",
"USW00094789","JFK INTERNATIONAL AIRPORT, NY US","2017-01-10","27","47","20",
"USW00094789","JFK INTERNATIONAL AIRPORT, NY US","2017-01-11","45","51","41",
"USW00094789","JFK INTERNATIONAL AIRPORT, NY US","2017-01-12","50","61","46",
"USW00094789","JFK INTERNATIONAL AIRPORT, NY US","2017-01-13","50","58","34",
"USW00094789","JFK INTERNATIONAL AIRPORT, NY US","2017-01-14","32","34","28",
"USW00094789","JFK INTERNATIONAL AIRPORT, NY US","2017-01-15","35","41","30",
"USW00094789","JFK INTERNATIONAL AIRPORT, NY US","2017-01-16","35","42","28",
"USW00094789","JFK INTERNATIONAL AIRPORT, NY US","2017-01-17","40","43","39",
"USW00094789","JFK INTERNATIONAL AIRPORT, NY US","2017-01-18","41","42","40",
"USW00094789","JFK INTERNATIONAL AIRPORT, NY US","2017-01-19","43","54","37",
"USW00094789","JFK INTERNATIONAL AIRPORT, NY US","2017-01-20","44","46","42",
"USW00094789","JFK INTERNATIONAL AIRPORT, NY US","2017-01-21","44","47","42",
"USW00094789","JFK INTERNATIONAL AIRPORT, NY US","2017-01-22","46","54","43",
"USW00094789","JFK INTERNATIONAL AIRPORT, NY US","2017-01-23","44","47","38",
"USW00094789","JFK INTERNATIONAL AIRPORT, NY US","2017-01-24","38","40","38",
"USW00094789","JFK INTERNATIONAL AIRPORT, NY US","2017-01-25","42","51","37",
"USW00094789","JFK INTERNATIONAL AIRPORT, NY US","2017-01-26","45","55","42",
"USW00094789","JFK INTERNATIONAL AIRPORT, NY US","2017-01-27","42","46","36",
"USW00094789","JFK INTERNATIONAL AIRPORT, NY US","2017-01-28","37","40","34",
"USW00094789","JFK INTERNATIONAL AIRPORT, NY US","2017-01-29","38","46","30",
"USW00094789","JFK INTERNATIONAL AIRPORT, NY US","2017-01-30","36","39","30",
"USW00094789","JFK INTERNATIONAL AIRPORT, NY US","2017-01-31","30","32","26",
"USW00094789","JFK INTERNATIONAL AIRPORT, NY US","2017-02-01","38","48","27",
"USW00094789","JFK INTERNATIONAL AIRPORT, NY US","2017-02-02","40","47","32",
"USW00094789","JFK INTERNATIONAL AIRPORT, NY US","2017-02-03","32","34","26",
"USW00094789","JFK INTERNATIONAL AIRPORT, NY US","2017-02-04","29","35","23",
"USW00094789","JFK INTERNATIONAL AIRPORT, NY US","2017-02-05","35","42","30",
"USW00094789","JFK INTERNATIONAL AIRPORT, NY US","2017-02-06","42","48","36",
"USW00094789","JFK INTERNATIONAL AIRPORT, NY US","2017-02-07","40","44","35",
"USW00094789","JFK INTERNATIONAL AIRPORT, NY US","2017-02-08","48","65","39",
"USW00094789","JFK INTERNATIONAL AIRPORT, NY US","2017-02-09","35","44","19",
"USW00094789","JFK INTERNATIONAL AIRPORT, NY US","2017-02-10","24","31","20",
"USW00094789","JFK INTERNATIONAL AIRPORT, NY US","2017-02-11","37","45","30",
"USW00094789","JFK INTERNATIONAL AIRPORT, NY US","2017-02-12","36","37","32",
"USW00094789","JFK INTERNATIONAL AIRPORT, NY US","2017-02-13","37","39","31",
"USW00094789","JFK INTERNATIONAL AIRPORT, NY US","2017-02-14","33","38","28",
"USW00094789","JFK INTERNATIONAL AIRPORT, NY US","2017-02-15","38","46","31",
"USW00094789","JFK INTERNATIONAL AIRPORT, NY US","2017-02-16","35","39","29",
"USW00094789","JFK INTERNATIONAL AIRPORT, NY US","2017-02-17","33","44","27",
"USW00094789","JFK INTERNATIONAL AIRPORT, NY US","2017-02-18","41","53","30",
"USW00094789","JFK INTERNATIONAL AIRPORT, NY US","2017-02-19","55","68","46",
"USW00094789","JFK INTERNATIONAL AIRPORT, NY US","2017-02-20","52","56","38",
"USW00094789","JFK INTERNATIONAL AIRPORT, NY US","2017-02-21","40","45","31",
"USW00094789","JFK INTERNATIONAL AIRPORT, NY US","2017-02-22","44","51","39",
"USW00094789","JFK INTERNATIONAL AIRPORT, NY US","2017-02-23","45","57","38",
"USW00094789","JFK INTERNATIONAL AIRPORT, NY US","2017-02-24","52","62","45",
"USW00094789","JFK INTERNATIONAL AIRPORT, NY US","2017-02-25","53","63","47",
"USW00094789","JFK INTERNATIONAL AIRPORT, NY US","2017-02-26","44","47","37",
"USW00094789","JFK INTERNATIONAL AIRPORT, NY US","2017-02-27","41","52","32",
"USW00094789","JFK INTERNATIONAL AIRPORT, NY US","2017-02-28","48","58","43",
"USW00094789","JFK INTERNATIONAL AIRPORT, NY US","2017-03-01","51","61","48",
"USW00094789","JFK INTERNATIONAL AIRPORT, NY US","2017-03-02","52","62","37",
"USW00094789","JFK INTERNATIONAL AIRPORT, NY US","2017-03-03","37","42","25",
"USW00094789","JFK INTERNATIONAL AIRPORT, NY US","2017-03-04","27","34","18",
"USW00094789","JFK INTERNATIONAL AIRPORT, NY US","2017-03-05","24","38","16",
"USW00094789","JFK INTERNATIONAL AIRPORT, NY US","2017-03-06","32","42","22",
"USW00094789","JFK INTERNATIONAL AIRPORT, NY US","2017-03-07","44","50","42",
"USW00094789","JFK INTERNATIONAL AIRPORT, NY US","2017-03-08","52","61","46",
"USW00094789","JFK INTERNATIONAL AIRPORT, NY US","2017-03-09","55","64","46",
"USW00094789","JFK INTERNATIONAL AIRPORT, NY US","2017-03-10","42","49","24",
"USW00094789","JFK INTERNATIONAL AIRPORT, NY US","2017-03-11","25","29","18",
"USW00094789","JFK INTERNATIONAL AIRPORT, NY US","2017-03-12","25","32","20",
"USW00094789","JFK INTERNATIONAL AIRPORT, NY US","2017-03-13","26","34","20",
"USW00094789","JFK INTERNATIONAL AIRPORT, NY US","2017-03-14","32","36","23",
"USW00094789","JFK INTERNATIONAL AIRPORT, NY US","2017-03-15","25","28","22",
"USW00094789","JFK INTERNATIONAL AIRPORT, NY US","2017-03-16","30","40","25",
"USW00094789","JFK INTERNATIONAL AIRPORT, NY US","2017-03-17","36","45","30",
"USW00094789","JFK INTERNATIONAL AIRPORT, NY US","2017-03-18","36","40","28",
"USW00094789","JFK INTERNATIONAL AIRPORT, NY US","2017-03-19","40","48","35",
"USW00094789","JFK INTERNATIONAL AIRPORT, NY US","2017-03-20","43","55","35",
"USW00094789","JFK INTERNATIONAL AIRPORT, NY US","2017-03-21","49","57","42",
"USW00094789","JFK INTERNATIONAL AIRPORT, NY US","2017-03-22","42","50","24",
"USW00094789","JFK INTERNATIONAL AIRPORT, NY US","2017-03-23","31","44","23",
"USW00094789","JFK INTERNATIONAL AIRPORT, NY US","2017-03-24","40","49","32",
"USW00094789","JFK INTERNATIONAL AIRPORT, NY US","2017-03-25","51","62","42",
"USW00094789","JFK INTERNATIONAL AIRPORT, NY US","2017-03-26","42","43","39",
"USW00094789","JFK INTERNATIONAL AIRPORT, NY US","2017-03-27","45","58","40",
"USW00094789","JFK INTERNATIONAL AIRPORT, NY US","2017-03-28","47","49","42",
"USW00094789","JFK INTERNATIONAL AIRPORT, NY US","2017-03-29","49","61","42",
"USW00094789","JFK INTERNATIONAL AIRPORT, NY US","2017-03-30","43","50","37",
"USW00094789","JFK INTERNATIONAL AIRPORT, NY US","2017-03-31","41","42","39",
"USW00094789","JFK INTERNATIONAL AIRPORT, NY US","2017-04-01","42","47","38",
"USW00094789","JFK INTERNATIONAL AIRPORT, NY US","2017-04-02","50","65","40",
"USW00094789","JFK INTERNATIONAL AIRPORT, NY US","2017-04-03","53","59","42",
"USW00094789","JFK INTERNATIONAL AIRPORT, NY US","2017-04-04","50","54","46",
"USW00094789","JFK INTERNATIONAL AIRPORT, NY US","2017-04-05","49","60","44",
"USW00094789","JFK INTERNATIONAL AIRPORT, NY US","2017-04-06","46","54","42",
"USW00094789","JFK INTERNATIONAL AIRPORT, NY US","2017-04-07","48","52","41",
"USW00094789","JFK INTERNATIONAL AIRPORT, NY US","2017-04-08","47","58","41",
"USW00094789","JFK INTERNATIONAL AIRPORT, NY US","2017-04-09","51","61","40",
"USW00094789","JFK INTERNATIONAL AIRPORT, NY US","2017-04-10","52","62","43",
"USW00094789","JFK INTERNATIONAL AIRPORT, NY US","2017-04-11","56","66","47",
"USW00094789","JFK INTERNATIONAL AIRPORT, NY US","2017-04-12","60","73","52",
"USW00094789","JFK INTERNATIONAL AIRPORT, NY US","2017-04-13","56","66","49",
"USW00094789","JFK INTERNATIONAL AIRPORT, NY US","2017-04-14","54","60","47",
"USW00094789","JFK INTERNATIONAL AIRPORT, NY US","2017-04-15","51","58","44",
"USW00094789","JFK INTERNATIONAL AIRPORT, NY US","2017-04-16","64","83","51",
"USW00094789","JFK INTERNATIONAL AIRPORT, NY US","2017-04-17","70","76","58",
"USW00094789","JFK INTERNATIONAL AIRPORT, NY US","2017-04-18","58","62","47",
"USW00094789","JFK INTERNATIONAL AIRPORT, NY US","2017-04-19","48","52","45",
"USW00094789","JFK INTERNATIONAL AIRPORT, NY US","2017-04-20","54","64","50",
"USW00094789","JFK INTERNATIONAL AIRPORT, NY US","2017-04-21","53","58","49",
"USW00094789","JFK INTERNATIONAL AIRPORT, NY US","2017-04-22","53","58","50",
"USW00094789","JFK INTERNATIONAL AIRPORT, NY US","2017-04-23","53","61","47",
"USW00094789","JFK INTERNATIONAL AIRPORT, NY US","2017-04-24","51","57","44",
"USW00094789","JFK INTERNATIONAL AIRPORT, NY US","2017-04-25","54","59","51",
"USW00094789","JFK INTERNATIONAL AIRPORT, NY US","2017-04-26","57","62","54",
"USW00094789","JFK INTERNATIONAL AIRPORT, NY US","2017-04-27","60","65","56",
"USW00094789","JFK INTERNATIONAL AIRPORT, NY US","2017-04-28","62","74","55",
"USW00094789","JFK INTERNATIONAL AIRPORT, NY US","2017-04-29","69","85","60",
"USW00094789","JFK INTERNATIONAL AIRPORT, NY US","2017-04-30","64","70","51",
"USW00094789","JFK INTERNATIONAL AIRPORT, NY US","2017-05-01","55","67","50",
"USW00094789","JFK INTERNATIONAL AIRPORT, NY US","2017-05-02","66","77","59",
"USW00094789","JFK INTERNATIONAL AIRPORT, NY US","2017-05-03","64","68","52",
"USW00094789","JFK INTERNATIONAL AIRPORT, NY US","2017-05-04","55","61","44",
"USW00094789","JFK INTERNATIONAL AIRPORT, NY US","2017-05-05","55","61","51",
"USW00094789","JFK INTERNATIONAL AIRPORT, NY US","2017-05-06","58","62","54",
"USW00094789","JFK INTERNATIONAL AIRPORT, NY US","2017-05-07","54","57","49",
"USW00094789","JFK INTERNATIONAL AIRPORT, NY US","2017-05-08","53","61","42",
"USW00094789","JFK INTERNATIONAL AIRPORT, NY US","2017-05-09","54","63","47",
"USW00094789","JFK INTERNATIONAL AIRPORT, NY US","2017-05-10","54","60","50",
"USW00094789","JFK INTERNATIONAL AIRPORT, NY US","2017-05-11","54","61","48",
"USW00094789","JFK INTERNATIONAL AIRPORT, NY US","2017-05-12","53","61","47",
"USW00094789","JFK INTERNATIONAL AIRPORT, NY US","2017-05-13","51","53","47",
"USW00094789","JFK INTERNATIONAL AIRPORT, NY US","2017-05-14","54","70","47",
"USW00094789","JFK INTERNATIONAL AIRPORT, NY US","2017-05-15","61","69","54",
"USW00094789","JFK INTERNATIONAL AIRPORT, NY US","2017-05-16","66","78","58",
"USW00094789","JFK INTERNATIONAL AIRPORT, NY US","2017-05-17","67","77","57",
"USW00094789","JFK INTERNATIONAL AIRPORT, NY US","2017-05-18","74","85","65",
"USW00094789","JFK INTERNATIONAL AIRPORT, NY US","2017-05-19","79","92","67",
"USW00094789","JFK INTERNATIONAL AIRPORT, NY US","2017-05-20","65","67","53",
"USW00094789","JFK INTERNATIONAL AIRPORT, NY US","2017-05-21","58","65","49",
"USW00094789","JFK INTERNATIONAL AIRPORT, NY US","2017-05-22","57","63","55",
"USW00094789","JFK INTERNATIONAL AIRPORT, NY US","2017-05-23","63","70","59",
"USW00094789","JFK INTERNATIONAL AIRPORT, NY US","2017-05-24","62","69","57",
"USW00094789","JFK INTERNATIONAL AIRPORT, NY US","2017-05-25","58","61","56",
"USW00094789","JFK INTERNATIONAL AIRPORT, NY US","2017-05-26","64","77","57",
"USW00094789","JFK INTERNATIONAL AIRPORT, NY US","2017-05-27","67","73","60",
"USW00094789","JFK INTERNATIONAL AIRPORT, NY US","2017-05-28","63","68","58",
"USW00094789","JFK INTERNATIONAL AIRPORT, NY US","2017-05-29","59","61","56",
"USW00094789","JFK INTERNATIONAL AIRPORT, NY US","2017-05-30","57","60","55",
"USW00094789","JFK INTERNATIONAL AIRPORT, NY US","2017-05-31","62","73","58",
"USW00094789","JFK INTERNATIONAL AIRPORT, NY US","2017-06-01","68","82","60",
"USW00094789","JFK INTERNATIONAL AIRPORT, NY US","2017-06-02","68","77","57",
"USW00094789","JFK INTERNATIONAL AIRPORT, NY US","2017-06-03","66","76","56",
"USW00094789","JFK INTERNATIONAL AIRPORT, NY US","2017-06-04","65","70","54",
"USW00094789","JFK INTERNATIONAL AIRPORT, NY US","2017-06-05","65","71","60",
"USW00094789","JFK INTERNATIONAL AIRPORT, NY US","2017-06-06","58","60","53",
"USW00094789","JFK INTERNATIONAL AIRPORT, NY US","2017-06-07","58","68","52",
"USW00094789","JFK INTERNATIONAL AIRPORT, NY US","2017-06-08","61","67","54",
"USW00094789","JFK INTERNATIONAL AIRPORT, NY US","2017-06-09","66","84","51",
"USW00094789","JFK INTERNATIONAL AIRPORT, NY US","2017-06-10","74","81","62",
"USW00094789","JFK INTERNATIONAL AIRPORT, NY US","2017-06-11","74","87","66",
"USW00094789","JFK INTERNATIONAL AIRPORT, NY US","2017-06-12","80","92","69",
"USW00094789","JFK INTERNATIONAL AIRPORT, NY US","2017-06-13","82","94","72",
"USW00094789","JFK INTERNATIONAL AIRPORT, NY US","2017-06-14","77","82","64",
"USW00094789","JFK INTERNATIONAL AIRPORT, NY US","2017-06-15","67","72","61",
"USW00094789","JFK INTERNATIONAL AIRPORT, NY US","2017-06-16","66","70","63",
"USW00094789","JFK INTERNATIONAL AIRPORT, NY US","2017-06-17","68","73","66",
"USW00094789","JFK INTERNATIONAL AIRPORT, NY US","2017-06-18","72","79","69",
"USW00094789","JFK INTERNATIONAL AIRPORT, NY US","2017-06-19","74","79","68",
"USW00094789","JFK INTERNATIONAL AIRPORT, NY US","2017-06-20","75","86","67",
"USW00094789","JFK INTERNATIONAL AIRPORT, NY US","2017-06-21","78","86","69",
"USW00094789","JFK INTERNATIONAL AIRPORT, NY US","2017-06-22","74","79","66",
"USW00094789","JFK INTERNATIONAL AIRPORT, NY US","2017-06-23","75","83","71",
"USW00094789","JFK INTERNATIONAL AIRPORT, NY US","2017-06-24","78","87","70",
"USW00094789","JFK INTERNATIONAL AIRPORT, NY US","2017-06-25","76","82","69",
"USW00094789","JFK INTERNATIONAL AIRPORT, NY US","2017-06-26","72","78","64",
"USW00094789","JFK INTERNATIONAL AIRPORT, NY US","2017-06-27","70","77","62",
"USW00094789","JFK INTERNATIONAL AIRPORT, NY US","2017-06-28","71","82","63",
"USW00094789","JFK INTERNATIONAL AIRPORT, NY US","2017-06-29","71","77","67",
"USW00094789","JFK INTERNATIONAL AIRPORT, NY US","2017-06-30","72","80","68",
"USW00094789","JFK INTERNATIONAL AIRPORT, NY US","2017-07-01","72","78","67",
"USW00094789","JFK INTERNATIONAL AIRPORT, NY US","2017-07-02","77","89","71",
"USW00094789","JFK INTERNATIONAL AIRPORT, NY US","2017-07-03","79","89","71",
"USW00094789","JFK INTERNATIONAL AIRPORT, NY US","2017-07-04","77","85","70",
"USW00094789","JFK INTERNATIONAL AIRPORT, NY US","2017-07-05","76","83","69",
"USW00094789","JFK INTERNATIONAL AIRPORT, NY US","2017-07-06","73","77","69",
"USW00094789","JFK INTERNATIONAL AIRPORT, NY US","2017-07-07","73","83","69",
"USW00094789","JFK INTERNATIONAL AIRPORT, NY US","2017-07-08","77","87","70",
"USW00094789","JFK INTERNATIONAL AIRPORT, NY US","2017-07-09","77","83","69",
"USW00094789","JFK INTERNATIONAL AIRPORT, NY US","2017-07-10","75","83","66",
"USW00094789","JFK INTERNATIONAL AIRPORT, NY US","2017-07-11","78","88","73",
"USW00094789","JFK INTERNATIONAL AIRPORT, NY US","2017-07-12","81","91","75",
"USW00094789","JFK INTERNATIONAL AIRPORT, NY US","2017-07-13","84","93","70",
"USW00094789","JFK INTERNATIONAL AIRPORT, NY US","2017-07-14","70","70","65",
"USW00094789","JFK INTERNATIONAL AIRPORT, NY US","2017-07-15","73","84","68",
"USW00094789","JFK INTERNATIONAL AIRPORT, NY US","2017-07-16","77","83","68",
"USW00094789","JFK INTERNATIONAL AIRPORT, NY US","2017-07-17","77","84","71",
"USW00094789","JFK INTERNATIONAL AIRPORT, NY US","2017-07-18","78","85","72",
"USW00094789","JFK INTERNATIONAL AIRPORT, NY US","2017-07-19","80","91","75",
"USW00094789","JFK INTERNATIONAL AIRPORT, NY US","2017-07-20","84","94","77",
"USW00094789","JFK INTERNATIONAL AIRPORT, NY US","2017-07-21","86","95","79",
"USW00094789","JFK INTERNATIONAL AIRPORT, NY US","2017-07-22","84","88","73",
"USW00094789","JFK INTERNATIONAL AIRPORT, NY US","2017-07-23","76","81","71",
"USW00094789","JFK INTERNATIONAL AIRPORT, NY US","2017-07-24","71","74","64",
"USW00094789","JFK INTERNATIONAL AIRPORT, NY US","2017-07-25","67","72","63",
"USW00094789","JFK INTERNATIONAL AIRPORT, NY US","2017-07-26","70","76","63",
"USW00094789","JFK INTERNATIONAL AIRPORT, NY US","2017-07-27","71","78","65",
"USW00094789","JFK INTERNATIONAL AIRPORT, NY US","2017-07-28","76","83","70",
"USW00094789","JFK INTERNATIONAL AIRPORT, NY US","2017-07-29","73","76","66",
"USW00094789","JFK INTERNATIONAL AIRPORT, NY US","2017-07-30","72","83","62",
"USW00094789","JFK INTERNATIONAL AIRPORT, NY US","2017-07-31","75","86","66",
"USW00094789","JFK INTERNATIONAL AIRPORT, NY US","2017-08-01","78","88","69",
"USW00094789","JFK INTERNATIONAL AIRPORT, NY US","2017-08-02","77","85","71",
"USW00094789","JFK INTERNATIONAL AIRPORT, NY US","2017-08-03","75","83","68",
"USW00094789","JFK INTERNATIONAL AIRPORT, NY US","2017-08-04","77","83","73",
"USW00094789","JFK INTERNATIONAL AIRPORT, NY US","2017-08-05","76","82","71",
"USW00094789","JFK INTERNATIONAL AIRPORT, NY US","2017-08-06","73","80","66",
"USW00094789","JFK INTERNATIONAL AIRPORT, NY US","2017-08-07","70","72","66",
"USW00094789","JFK INTERNATIONAL AIRPORT, NY US","2017-08-08","71","82","66",
"USW00094789","JFK INTERNATIONAL AIRPORT, NY US","2017-08-09","74","83","65",
"USW00094789","JFK INTERNATIONAL AIRPORT, NY US","2017-08-10","74","82","67",
"USW00094789","JFK INTERNATIONAL AIRPORT, NY US","2017-08-11","74","81","67",
"USW00094789","JFK INTERNATIONAL AIRPORT, NY US","2017-08-12","71","78","65",
"USW00094789","JFK INTERNATIONAL AIRPORT, NY US","2017-08-13","78","87","71",
"USW00094789","JFK INTERNATIONAL AIRPORT, NY US","2017-08-14","76","81","68",
"USW00094789","JFK INTERNATIONAL AIRPORT, NY US","2017-08-15","73","76","68",
"USW00094789","JFK INTERNATIONAL AIRPORT, NY US","2017-08-16","77","88","70",
"USW00094789","JFK INTERNATIONAL AIRPORT, NY US","2017-08-17","75","80","69",
"USW00094789","JFK INTERNATIONAL AIRPORT, NY US","2017-08-18","76","81","73",
"USW00094789","JFK INTERNATIONAL AIRPORT, NY US","2017-08-19","78","87","73",
"USW00094789","JFK INTERNATIONAL AIRPORT, NY US","2017-08-20","78","85","71",
"USW00094789","JFK INTERNATIONAL AIRPORT, NY US","2017-08-21","78","87","70",
"USW00094789","JFK INTERNATIONAL AIRPORT, NY US","2017-08-22","78","86","74",
"USW00094789","JFK INTERNATIONAL AIRPORT, NY US","2017-08-23","78","84","69",
"USW00094789","JFK INTERNATIONAL AIRPORT, NY US","2017-08-24","74","84","65",
"USW00094789","JFK INTERNATIONAL AIRPORT, NY US","2017-08-25","71","80","64",
"USW00094789","JFK INTERNATIONAL AIRPORT, NY US","2017-08-26","71","80","62",
"USW00094789","JFK INTERNATIONAL AIRPORT, NY US","2017-08-27","69","80","60",
"USW00094789","JFK INTERNATIONAL AIRPORT, NY US","2017-08-28","68","78","60",
"USW00094789","JFK INTERNATIONAL AIRPORT, NY US","2017-08-29","65","69","62",
"USW00094789","JFK INTERNATIONAL AIRPORT, NY US","2017-08-30","67","80","60",
"USW00094789","JFK INTERNATIONAL AIRPORT, NY US","2017-08-31","74","86","65",
"USW00094789","JFK INTERNATIONAL AIRPORT, NY US","2017-09-01","66","74","56",
"USW00094789","JFK INTERNATIONAL AIRPORT, NY US","2017-09-02","63","68","54",
"USW00094789","JFK INTERNATIONAL AIRPORT, NY US","2017-09-03","63","73","59",
"USW00094789","JFK INTERNATIONAL AIRPORT, NY US","2017-09-04","70","79","63",
"USW00094789","JFK INTERNATIONAL AIRPORT, NY US","2017-09-05","74","81","68",
"USW00094789","JFK INTERNATIONAL AIRPORT, NY US","2017-09-06","70","74","62",
"USW00094789","JFK INTERNATIONAL AIRPORT, NY US","2017-09-07","66","74","61",
"USW00094789","JFK INTERNATIONAL AIRPORT, NY US","2017-09-08","67","75","59",
"USW00094789","JFK INTERNATIONAL AIRPORT, NY US","2017-09-09","65","72","56",
"USW00094789","JFK INTERNATIONAL AIRPORT, NY US","2017-09-10","65","75","57",
"USW00094789","JFK INTERNATIONAL AIRPORT, NY US","2017-09-11","67","80","56",
"USW00094789","JFK INTERNATIONAL AIRPORT, NY US","2017-09-12","69","80","59",
"USW00094789","JFK INTERNATIONAL AIRPORT, NY US","2017-09-13","70","80","61",
"USW00094789","JFK INTERNATIONAL AIRPORT, NY US","2017-09-14","72","79","67",
"USW00094789","JFK INTERNATIONAL AIRPORT, NY US","2017-09-15","73","81","66",
"USW00094789","JFK INTERNATIONAL AIRPORT, NY US","2017-09-16","73","79","68",
"USW00094789","JFK INTERNATIONAL AIRPORT, NY US","2017-09-17","71","78","67",
"USW00094789","JFK INTERNATIONAL AIRPORT, NY US","2017-09-18","71","77","67",
"USW00094789","JFK INTERNATIONAL AIRPORT, NY US","2017-09-19","72","77","69",
"USW00094789","JFK INTERNATIONAL AIRPORT, NY US","2017-09-20","75","81","71",
"USW00094789","JFK INTERNATIONAL AIRPORT, NY US","2017-09-21","76","81","71",
"USW00094789","JFK INTERNATIONAL AIRPORT, NY US","2017-09-22","75","83","67",
"USW00094789","JFK INTERNATIONAL AIRPORT, NY US","2017-09-23","77","88","68",
"USW00094789","JFK INTERNATIONAL AIRPORT, NY US","2017-09-24","77","92","65",
"USW00094789","JFK INTERNATIONAL AIRPORT, NY US","2017-09-25","74","85","65",
"USW00094789","JFK INTERNATIONAL AIRPORT, NY US","2017-09-26","71","78","67",
"USW00094789","JFK INTERNATIONAL AIRPORT, NY US","2017-09-27","75","87","69",
"USW00094789","JFK INTERNATIONAL AIRPORT, NY US","2017-09-28","75","80","60",
"USW00094789","JFK INTERNATIONAL AIRPORT, NY US","2017-09-29","62","69","54",
"USW00094789","JFK INTERNATIONAL AIRPORT, NY US","2017-09-30","61","67","54",
"USW00094789","JFK INTERNATIONAL AIRPORT, NY US","2017-10-01","58","69","50",
"USW00094789","JFK INTERNATIONAL AIRPORT, NY US","2017-10-02","62","73","52",
"USW00094789","JFK INTERNATIONAL AIRPORT, NY US","2017-10-03","60","70","51",
"USW00094789","JFK INTERNATIONAL AIRPORT, NY US","2017-10-04","62","72","55",
"USW00094789","JFK INTERNATIONAL AIRPORT, NY US","2017-10-05","69","83","63",
"USW00094789","JFK INTERNATIONAL AIRPORT, NY US","2017-10-06","72","81","66",
"USW00094789","JFK INTERNATIONAL AIRPORT, NY US","2017-10-07","70","79","63",
"USW00094789","JFK INTERNATIONAL AIRPORT, NY US","2017-10-08","71","73","70",
"USW00094789","JFK INTERNATIONAL AIRPORT, NY US","2017-10-09","71","76","70",
"USW00094789","JFK INTERNATIONAL AIRPORT, NY US","2017-10-10","74","84","66",
"USW00094789","JFK INTERNATIONAL AIRPORT, NY US","2017-10-11","68","77","62",
"USW00094789","JFK INTERNATIONAL AIRPORT, NY US","2017-10-12","61","66","54",
"USW00094789","JFK INTERNATIONAL AIRPORT, NY US","2017-10-13","59","67","53",
"USW00094789","JFK INTERNATIONAL AIRPORT, NY US","2017-10-14","65","74","60",
"USW00094789","JFK INTERNATIONAL AIRPORT, NY US","2017-10-15","68","74","65",
"USW00094789","JFK INTERNATIONAL AIRPORT, NY US","2017-10-16","62","69","46",
"USW00094789","JFK INTERNATIONAL AIRPORT, NY US","2017-10-17","50","60","42",
"USW00094789","JFK INTERNATIONAL AIRPORT, NY US","2017-10-18","58","71","50",
"USW00094789","JFK INTERNATIONAL AIRPORT, NY US","2017-10-19","61","70","51",
"USW00094789","JFK INTERNATIONAL AIRPORT, NY US","2017-10-20","65","75","56",
"USW00094789","JFK INTERNATIONAL AIRPORT, NY US","2017-10-21","63","76","48",
"USW00094789","JFK INTERNATIONAL AIRPORT, NY US","2017-10-22","61","72","49",
"USW00094789","JFK INTERNATIONAL AIRPORT, NY US","2017-10-23","63","73","55",
"USW00094789","JFK INTERNATIONAL AIRPORT, NY US","2017-10-24","69","74","65",
"USW00094789","JFK INTERNATIONAL AIRPORT, NY US","2017-10-25","63","66","58",
"USW00094789","JFK INTERNATIONAL AIRPORT, NY US","2017-10-26","57","59","50",
"USW00094789","JFK INTERNATIONAL AIRPORT, NY US","2017-10-27","54","61","46",
"USW00094789","JFK INTERNATIONAL AIRPORT, NY US","2017-10-28","60","68","50",
"USW00094789","JFK INTERNATIONAL AIRPORT, NY US","2017-10-29","63","67","60",
"USW00094789","JFK INTERNATIONAL AIRPORT, NY US","2017-10-30","57","62","47",
"USW00094789","JFK INTERNATIONAL AIRPORT, NY US","2017-10-31","53","59","44",
"USW00094789","JFK INTERNATIONAL AIRPORT, NY US","2017-11-01","49","61","38",
"USW00094789","JFK INTERNATIONAL AIRPORT, NY US","2017-11-02","63","71","60",
"USW00094789","JFK INTERNATIONAL AIRPORT, NY US","2017-11-03","64","73","51",
"USW00094789","JFK INTERNATIONAL AIRPORT, NY US","2017-11-04","53","57","44",
"USW00094789","JFK INTERNATIONAL AIRPORT, NY US","2017-11-05","55","61","51",
"USW00094789","JFK INTERNATIONAL AIRPORT, NY US","2017-11-06","62","66","47",
"USW00094789","JFK INTERNATIONAL AIRPORT, NY US","2017-11-07","48","50","41",
"USW00094789","JFK INTERNATIONAL AIRPORT, NY US","2017-11-08","43","48","41",
"USW00094789","JFK INTERNATIONAL AIRPORT, NY US","2017-11-09","46","55","38",
"USW00094789","JFK INTERNATIONAL AIRPORT, NY US","2017-11-10","44","53","25",
"USW00094789","JFK INTERNATIONAL AIRPORT, NY US","2017-11-11","29","38","24",
"USW00094789","JFK INTERNATIONAL AIRPORT, NY US","2017-11-12","36","46","29",
"USW00094789","JFK INTERNATIONAL AIRPORT, NY US","2017-11-13","43","47","38",
"USW00094789","JFK INTERNATIONAL AIRPORT, NY US","2017-11-14","41","46","36",
"USW00094789","JFK INTERNATIONAL AIRPORT, NY US","2017-11-15","43","51","36",
"USW00094789","JFK INTERNATIONAL AIRPORT, NY US","2017-11-16","52","57","44",
"USW00094789","JFK INTERNATIONAL AIRPORT, NY US","2017-11-17","45","48","38",
"USW00094789","JFK INTERNATIONAL AIRPORT, NY US","2017-11-18","42","57","28",
"USW00094789","JFK INTERNATIONAL AIRPORT, NY US","2017-11-19","53","58","40",
"USW00094789","JFK INTERNATIONAL AIRPORT, NY US","2017-11-20","42","47","37",
"USW00094789","JFK INTERNATIONAL AIRPORT, NY US","2017-11-21","47","57","40",
"USW00094789","JFK INTERNATIONAL AIRPORT, NY US","2017-11-22","50","54","35",
"USW00094789","JFK INTERNATIONAL AIRPORT, NY US","2017-11-23","37","43","31",
"USW00094789","JFK INTERNATIONAL AIRPORT, NY US","2017-11-24","40","48","33",
"USW00094789","JFK INTERNATIONAL AIRPORT, NY US","2017-11-25","45","54","37",
"USW00094789","JFK INTERNATIONAL AIRPORT, NY US","2017-11-26","48","52","40",
"USW00094789","JFK INTERNATIONAL AIRPORT, NY US","2017-11-27","44","52","38",
"USW00094789","JFK INTERNATIONAL AIRPORT, NY US","2017-11-28","42","52","31",
"USW00094789","JFK INTERNATIONAL AIRPORT, NY US","2017-11-29","52","64","40",
"USW00094789","JFK INTERNATIONAL AIRPORT, NY US","2017-11-30","43","53","35",
"USW00094789","JFK INTERNATIONAL AIRPORT, NY US","2017-12-01","49","53","38",
"USW00094789","JFK INTERNATIONAL AIRPORT, NY US","2017-12-02","42","49","35",
"USW00094789","JFK INTERNATIONAL AIRPORT, NY US","2017-12-03","43","49","37",
"USW00094789","JFK INTERNATIONAL AIRPORT, NY US","2017-12-04","44","51","35",
"USW00094789","JFK INTERNATIONAL AIRPORT, NY US","2017-12-05","53","58","50",
"USW00094789","JFK INTERNATIONAL AIRPORT, NY US","2017-12-06","49","56","40",
"USW00094789","JFK INTERNATIONAL AIRPORT, NY US","2017-12-07","42","45","38",
"USW00094789","JFK INTERNATIONAL AIRPORT, NY US","2017-12-08","38","40","35",
"USW00094789","JFK INTERNATIONAL AIRPORT, NY US","2017-12-09","35","37","30",
"USW00094789","JFK INTERNATIONAL AIRPORT, NY US","2017-12-10","33","38","30",
"USW00094789","JFK INTERNATIONAL AIRPORT, NY US","2017-12-11","36","41","33",
"USW00094789","JFK INTERNATIONAL AIRPORT, NY US","2017-12-12","44","53","31",
"USW00094789","JFK INTERNATIONAL AIRPORT, NY US","2017-12-13","28","32","20",
"USW00094789","JFK INTERNATIONAL AIRPORT, NY US","2017-12-14","27","32","22",
"USW00094789","JFK INTERNATIONAL AIRPORT, NY US","2017-12-15","24","28","20",
"USW00094789","JFK INTERNATIONAL AIRPORT, NY US","2017-12-16","30","39","24",
"USW00094789","JFK INTERNATIONAL AIRPORT, NY US","2017-12-17","35","37","32",
"USW00094789","JFK INTERNATIONAL AIRPORT, NY US","2017-12-18","38","48","33",
"USW00094789","JFK INTERNATIONAL AIRPORT, NY US","2017-12-19","47","55","41",
"USW00094789","JFK INTERNATIONAL AIRPORT, NY US","2017-12-20","46","51","34",
"USW00094789","JFK INTERNATIONAL AIRPORT, NY US","2017-12-21","36","41","30",
"USW00094789","JFK INTERNATIONAL AIRPORT, NY US","2017-12-22","39","49","33",
"USW00094789","JFK INTERNATIONAL AIRPORT, NY US","2017-12-23","44","52","39",
"USW00094789","JFK INTERNATIONAL AIRPORT, NY US","2017-12-24","41","42","36",
"USW00094789","JFK INTERNATIONAL AIRPORT, NY US","2017-12-25","37","40","28",
"USW00094789","JFK INTERNATIONAL AIRPORT, NY US","2017-12-26","27","29","24",
"USW00094789","JFK INTERNATIONAL AIRPORT, NY US","2017-12-27","23","25","17",
"USW00094789","JFK INTERNATIONAL AIRPORT, NY US","2017-12-28","17","19","11",
"USW00094789","JFK INTERNATIONAL AIRPORT, NY US","2017-12-29","16","23","12",
"USW00094789","JFK INTERNATIONAL AIRPORT, NY US","2017-12-30","20","23","17",
"USW00094789","JFK INTERNATIONAL AIRPORT, NY US","2017-12-31","17","21","9",
"USW00094789","JFK INTERNATIONAL AIRPORT, NY US","2018-01-01","12","18","7",
"USW00094789","JFK INTERNATIONAL AIRPORT, NY US","2018-01-02","18","26","13",
"USW00094789","JFK INTERNATIONAL AIRPORT, NY US","2018-01-03","21","28","12",
"USW00094789","JFK INTERNATIONAL AIRPORT, NY US","2018-01-04","25","29","19",
"USW00094789","JFK INTERNATIONAL AIRPORT, NY US","2018-01-05","15","19","9",
"USW00094789","JFK INTERNATIONAL AIRPORT, NY US","2018-01-06","11","14","7",
"USW00094789","JFK INTERNATIONAL AIRPORT, NY US","2018-01-07","9","18","4",
"USW00094789","JFK INTERNATIONAL AIRPORT, NY US","2018-01-08","22","32","17",
"USW00094789","JFK INTERNATIONAL AIRPORT, NY US","2018-01-09","34","43","26",
"USW00094789","JFK INTERNATIONAL AIRPORT, NY US","2018-01-10","32","39","21",
"USW00094789","JFK INTERNATIONAL AIRPORT, NY US","2018-01-11","41","48","37",
"USW00094789","JFK INTERNATIONAL AIRPORT, NY US","2018-01-12","47","54","42",
"USW00094789","JFK INTERNATIONAL AIRPORT, NY US","2018-01-13","41","53","20",
"USW00094789","JFK INTERNATIONAL AIRPORT, NY US","2018-01-14","20","25","15",
"USW00094789","JFK INTERNATIONAL AIRPORT, NY US","2018-01-15","22","30","17",
"USW00094789","JFK INTERNATIONAL AIRPORT, NY US","2018-01-16","29","39","21",
"USW00094789","JFK INTERNATIONAL AIRPORT, NY US","2018-01-17","35","37","23",
"USW00094789","JFK INTERNATIONAL AIRPORT, NY US","2018-01-18","26","34","19",
"USW00094789","JFK INTERNATIONAL AIRPORT, NY US","2018-01-19","30","38","22",
"USW00094789","JFK INTERNATIONAL AIRPORT, NY US","2018-01-20","40","54","29",
"USW00094789","JFK INTERNATIONAL AIRPORT, NY US","2018-01-21","41","51","30",
"USW00094789","JFK INTERNATIONAL AIRPORT, NY US","2018-01-22","44","52","40",
"USW00094789","JFK INTERNATIONAL AIRPORT, NY US","2018-01-23","46","54","40",
"USW00094789","JFK INTERNATIONAL AIRPORT, NY US","2018-01-24","42","44","27",
"USW00094789","JFK INTERNATIONAL AIRPORT, NY US","2018-01-25","29","35","23",
"USW00094789","JFK INTERNATIONAL AIRPORT, NY US","2018-01-26","30","36","24",
"USW00094789","JFK INTERNATIONAL AIRPORT, NY US","2018-01-27","38","49","31",
"USW00094789","JFK INTERNATIONAL AIRPORT, NY US","2018-01-28","46","50","42",
"USW00094789","JFK INTERNATIONAL AIRPORT, NY US","2018-01-29","42","44","32",
"USW00094789","JFK INTERNATIONAL AIRPORT, NY US","2018-01-30","33","36","24",
"USW00094789","JFK INTERNATIONAL AIRPORT, NY US","2018-01-31","25","32","18",
"USW00094789","JFK INTERNATIONAL AIRPORT, NY US","2018-02-01","35","41","31",
"USW00094789","JFK INTERNATIONAL AIRPORT, NY US","2018-02-02","33","40","17",
"USW00094789","JFK INTERNATIONAL AIRPORT, NY US","2018-02-03","22","30","16",
"USW00094789","JFK INTERNATIONAL AIRPORT, NY US","2018-02-04","35","47","30",
"USW00094789","JFK INTERNATIONAL AIRPORT, NY US","2018-02-05","38","43","23",
"USW00094789","JFK INTERNATIONAL AIRPORT, NY US","2018-02-06","30","36","25",
"USW00094789","JFK INTERNATIONAL AIRPORT, NY US","2018-02-07","33","46","27",
"USW00094789","JFK INTERNATIONAL AIRPORT, NY US","2018-02-08","33","34","26",
"USW00094789","JFK INTERNATIONAL AIRPORT, NY US","2018-02-09","29","38","24",
"USW00094789","JFK INTERNATIONAL AIRPORT, NY US","2018-02-10","41","49","35",
"USW00094789","JFK INTERNATIONAL AIRPORT, NY US","2018-02-11","47","51","44",
"USW00094789","JFK INTERNATIONAL AIRPORT, NY US","2018-02-12","46","58","33",
"USW00094789","JFK INTERNATIONAL AIRPORT, NY US","2018-02-13","32","36","25",
"USW00094789","JFK INTERNATIONAL AIRPORT, NY US","2018-02-14","37","47","33",
"USW00094789","JFK INTERNATIONAL AIRPORT, NY US","2018-02-15","45","52","41",
"USW00094789","JFK INTERNATIONAL AIRPORT, NY US","2018-02-16","51","59","36",
"USW00094789","JFK INTERNATIONAL AIRPORT, NY US","2018-02-17","35","38","28",
"USW00094789","JFK INTERNATIONAL AIRPORT, NY US","2018-02-18","37","45","32",
"USW00094789","JFK INTERNATIONAL AIRPORT, NY US","2018-02-19","39","47","30",
"USW00094789","JFK INTERNATIONAL AIRPORT, NY US","2018-02-20","49","64","43",
"USW00094789","JFK INTERNATIONAL AIRPORT, NY US","2018-02-21","51","65","44",
"USW00094789","JFK INTERNATIONAL AIRPORT, NY US","2018-02-22","49","58","37",
"USW00094789","JFK INTERNATIONAL AIRPORT, NY US","2018-02-23","38","40","36",
"USW00094789","JFK INTERNATIONAL AIRPORT, NY US","2018-02-24","45","54","40",
"USW00094789","JFK INTERNATIONAL AIRPORT, NY US","2018-02-25","44","45","41",
"USW00094789","JFK INTERNATIONAL AIRPORT, NY US","2018-02-26","45","52","39",
"USW00094789","JFK INTERNATIONAL AIRPORT, NY US","2018-02-27","45","54","36",
"USW00094789","JFK INTERNATIONAL AIRPORT, NY US","2018-02-28","43","53","36",
"USW00094789","JFK INTERNATIONAL AIRPORT, NY US","2018-03-01","49","58","41",
"USW00094789","JFK INTERNATIONAL AIRPORT, NY US","2018-03-02","41","45","34",
"USW00094789","JFK INTERNATIONAL AIRPORT, NY US","2018-03-03","40","48","36",
"USW00094789","JFK INTERNATIONAL AIRPORT, NY US","2018-03-04","41","45","34",
"USW00094789","JFK INTERNATIONAL AIRPORT, NY US","2018-03-05","37","42","32",
"USW00094789","JFK INTERNATIONAL AIRPORT, NY US","2018-03-06","37","43","30",
"USW00094789","JFK INTERNATIONAL AIRPORT, NY US","2018-03-07","36","37","32",
"USW00094789","JFK INTERNATIONAL AIRPORT, NY US","2018-03-08","36","41","33",
"USW00094789","JFK INTERNATIONAL AIRPORT, NY US","2018-03-09","36","44","30",
"USW00094789","JFK INTERNATIONAL AIRPORT, NY US","2018-03-10","36","42","32",
"USW00094789","JFK INTERNATIONAL AIRPORT, NY US","2018-03-11","38","46","32",
"USW00094789","JFK INTERNATIONAL AIRPORT, NY US","2018-03-12","38","45","30",
"USW00094789","JFK INTERNATIONAL AIRPORT, NY US","2018-03-13","36","42","33",
"USW00094789","JFK INTERNATIONAL AIRPORT, NY US","2018-03-14","35","42","31",
"USW00094789","JFK INTERNATIONAL AIRPORT, NY US","2018-03-15","38","48","32",
"USW00094789","JFK INTERNATIONAL AIRPORT, NY US","2018-03-16","37","41","31",
"USW00094789","JFK INTERNATIONAL AIRPORT, NY US","2018-03-17","36","50","27",
"USW00094789","JFK INTERNATIONAL AIRPORT, NY US","2018-03-18","36","44","28",
"USW00094789","JFK INTERNATIONAL AIRPORT, NY US","2018-03-19","38","47","29",
"USW00094789","JFK INTERNATIONAL AIRPORT, NY US","2018-03-20","34","37","30",
"USW00094789","JFK INTERNATIONAL AIRPORT, NY US","2018-03-21","35","38","31",
"USW00094789","JFK INTERNATIONAL AIRPORT, NY US","2018-03-22","37","48","31",
"USW00094789","JFK INTERNATIONAL AIRPORT, NY US","2018-03-23","41","49","33",
"USW00094789","JFK INTERNATIONAL AIRPORT, NY US","2018-03-24","42","51","35",
"USW00094789","JFK INTERNATIONAL AIRPORT, NY US","2018-03-25","40","45","32",
"USW00094789","JFK INTERNATIONAL AIRPORT, NY US","2018-03-26","38","47","29",
"USW00094789","JFK INTERNATIONAL AIRPORT, NY US","2018-03-27","36","42","30",
"USW00094789","JFK INTERNATIONAL AIRPORT, NY US","2018-03-28","41","49","37",
"USW00094789","JFK INTERNATIONAL AIRPORT, NY US","2018-03-29","46","49","44",
"USW00094789","JFK INTERNATIONAL AIRPORT, NY US","2018-03-30","49","62","43",
"USW00094789","JFK INTERNATIONAL AIRPORT, NY US","2018-03-31","45","52","37",
"USW00094789","JFK INTERNATIONAL AIRPORT, NY US","2018-04-01","48","63","41",
"USW00094789","JFK INTERNATIONAL AIRPORT, NY US","2018-04-02","39","42","32",
"USW00094789","JFK INTERNATIONAL AIRPORT, NY US","2018-04-03","39","42","34",
"USW00094789","JFK INTERNATIONAL AIRPORT, NY US","2018-04-04","46","57","40",
"USW00094789","JFK INTERNATIONAL AIRPORT, NY US","2018-04-05","41","46","33",
"USW00094789","JFK INTERNATIONAL AIRPORT, NY US","2018-04-06","41","53","32",
"USW00094789","JFK INTERNATIONAL AIRPORT, NY US","2018-04-07","44","48","37",
"USW00094789","JFK INTERNATIONAL AIRPORT, NY US","2018-04-08","38","46","32",
"USW00094789","JFK INTERNATIONAL AIRPORT, NY US","2018-04-09","37","45","30",
"USW00094789","JFK INTERNATIONAL AIRPORT, NY US","2018-04-10","42","51","37",
"USW00094789","JFK INTERNATIONAL AIRPORT, NY US","2018-04-11","42","49","31",
"USW00094789","JFK INTERNATIONAL AIRPORT, NY US","2018-04-12","46","54","40",
"USW00094789","JFK INTERNATIONAL AIRPORT, NY US","2018-04-13","56","70","48",
"USW00094789","JFK INTERNATIONAL AIRPORT, NY US","2018-04-14","55","67","45",
"USW00094789","JFK INTERNATIONAL AIRPORT, NY US","2018-04-15","43","45","38",
"USW00094789","JFK INTERNATIONAL AIRPORT, NY US","2018-04-16","47","57","40",
"USW00094789","JFK INTERNATIONAL AIRPORT, NY US","2018-04-17","45","48","39",
"USW00094789","JFK INTERNATIONAL AIRPORT, NY US","2018-04-18","44","53","37",
"USW00094789","JFK INTERNATIONAL AIRPORT, NY US","2018-04-19","45","48","38",
"USW00094789","JFK INTERNATIONAL AIRPORT, NY US","2018-04-20","43","52","36",
"USW00094789","JFK INTERNATIONAL AIRPORT, NY US","2018-04-21","47","61","38",
"USW00094789","JFK INTERNATIONAL AIRPORT, NY US","2018-04-22","51","61","41",
"USW00094789","JFK INTERNATIONAL AIRPORT, NY US","2018-04-23","50","61","39",
"USW00094789","JFK INTERNATIONAL AIRPORT, NY US","2018-04-24","51","62","41",
"USW00094789","JFK INTERNATIONAL AIRPORT, NY US","2018-04-25","54","57","51",
"USW00094789","JFK INTERNATIONAL AIRPORT, NY US","2018-04-26","58","68","51",
"USW00094789","JFK INTERNATIONAL AIRPORT, NY US","2018-04-27","54","56","48",
"USW00094789","JFK INTERNATIONAL AIRPORT, NY US","2018-04-28","52","60","45",
"USW00094789","JFK INTERNATIONAL AIRPORT, NY US","2018-04-29","54","59","47",
"USW00094789","JFK INTERNATIONAL AIRPORT, NY US","2018-04-30","49","53","46",
"USW00094789","JFK INTERNATIONAL AIRPORT, NY US","2018-05-01","58","76","47",
"USW00094789","JFK INTERNATIONAL AIRPORT, NY US","2018-05-02","67","83","53",
"USW00094789","JFK INTERNATIONAL AIRPORT, NY US","2018-05-03","70","84","59",
"USW00094789","JFK INTERNATIONAL AIRPORT, NY US","2018-05-04","68","78","58",
"USW00094789","JFK INTERNATIONAL AIRPORT, NY US","2018-05-05","66","76","56",
"USW00094789","JFK INTERNATIONAL AIRPORT, NY US","2018-05-06","60","66","56",
"USW00094789","JFK INTERNATIONAL AIRPORT, NY US","2018-05-07","61","73","52",
"USW00094789","JFK INTERNATIONAL AIRPORT, NY US","2018-05-08","58","67","50",
"USW00094789","JFK INTERNATIONAL AIRPORT, NY US","2018-05-09","56","63","49",
"USW00094789","JFK INTERNATIONAL AIRPORT, NY US","2018-05-10","56","62","53",
"USW00094789","JFK INTERNATIONAL AIRPORT, NY US","2018-05-11","65","74","58",
"USW00094789","JFK INTERNATIONAL AIRPORT, NY US","2018-05-12","60","65","52",
"USW00094789","JFK INTERNATIONAL AIRPORT, NY US","2018-05-13","53","54","51",
"USW00094789","JFK INTERNATIONAL AIRPORT, NY US","2018-05-14","55","64","51",
"USW00094789","JFK INTERNATIONAL AIRPORT, NY US","2018-05-15","63","76","56",
"USW00094789","JFK INTERNATIONAL AIRPORT, NY US","2018-05-16","62","65","56",
"USW00094789","JFK INTERNATIONAL AIRPORT, NY US","2018-05-17","59","67","55",
"USW00094789","JFK INTERNATIONAL AIRPORT, NY US","2018-05-18","61","64","55",
"USW00094789","JFK INTERNATIONAL AIRPORT, NY US","2018-05-19","54","57","50",
"USW00094789","JFK INTERNATIONAL AIRPORT, NY US","2018-05-20","67","83","57",
"USW00094789","JFK INTERNATIONAL AIRPORT, NY US","2018-05-21","67","73","57",
"USW00094789","JFK INTERNATIONAL AIRPORT, NY US","2018-05-22","60","65","56",
"USW00094789","JFK INTERNATIONAL AIRPORT, NY US","2018-05-23","66","82","57",
"USW00094789","JFK INTERNATIONAL AIRPORT, NY US","2018-05-24","74","82","61",
"USW00094789","JFK INTERNATIONAL AIRPORT, NY US","2018-05-25","69","82","60",
"USW00094789","JFK INTERNATIONAL AIRPORT, NY US","2018-05-26","73","81","67",
"USW00094789","JFK INTERNATIONAL AIRPORT, NY US","2018-05-27","65","71","55",
"USW00094789","JFK INTERNATIONAL AIRPORT, NY US","2018-05-28","57","63","54",
"USW00094789","JFK INTERNATIONAL AIRPORT, NY US","2018-05-29","66","79","60",
"USW00094789","JFK INTERNATIONAL AIRPORT, NY US","2018-05-30","64","69","57",
"USW00094789","JFK INTERNATIONAL AIRPORT, NY US","2018-05-31","63","67","60",
"USW00094789","JFK INTERNATIONAL AIRPORT, NY US","2018-06-01","67","75","63",
"USW00094789","JFK INTERNATIONAL AIRPORT, NY US","2018-06-02","75","86","64",
"USW00094789","JFK INTERNATIONAL AIRPORT, NY US","2018-06-03","63","64","51",
"USW00094789","JFK INTERNATIONAL AIRPORT, NY US","2018-06-04","57","71","51",
"USW00094789","JFK INTERNATIONAL AIRPORT, NY US","2018-06-05","64","76","53",
"USW00094789","JFK INTERNATIONAL AIRPORT, NY US","2018-06-06","63","71","56",
"USW00094789","JFK INTERNATIONAL AIRPORT, NY US","2018-06-07","60","66","58",
"USW00094789","JFK INTERNATIONAL AIRPORT, NY US","2018-06-08","65","74","58",
"USW00094789","JFK INTERNATIONAL AIRPORT, NY US","2018-06-09","71","79","65",
"USW00094789","JFK INTERNATIONAL AIRPORT, NY US","2018-06-10","68","72","57",
"USW00094789","JFK INTERNATIONAL AIRPORT, NY US","2018-06-11","62","69","56",
"USW00094789","JFK INTERNATIONAL AIRPORT, NY US","2018-06-12","61","69","52",
"USW00094789","JFK INTERNATIONAL AIRPORT, NY US","2018-06-13","65","73","62",
"USW00094789","JFK INTERNATIONAL AIRPORT, NY US","2018-06-14","76","85","68",
"USW00094789","JFK INTERNATIONAL AIRPORT, NY US","2018-06-15","71","77","61",
"USW00094789","JFK INTERNATIONAL AIRPORT, NY US","2018-06-16","71","82","60",
"USW00094789","JFK INTERNATIONAL AIRPORT, NY US","2018-06-17","74","87","63",
"USW00094789","JFK INTERNATIONAL AIRPORT, NY US","2018-06-18","73","80","67",
"USW00094789","JFK INTERNATIONAL AIRPORT, NY US","2018-06-19","80","89","72",
"USW00094789","JFK INTERNATIONAL AIRPORT, NY US","2018-06-20","73","78","67",
"USW00094789","JFK INTERNATIONAL AIRPORT, NY US","2018-06-21","72","82","66",
"USW00094789","JFK INTERNATIONAL AIRPORT, NY US","2018-06-22","68","71","63",
"USW00094789","JFK INTERNATIONAL AIRPORT, NY US","2018-06-23","65","67","63",
"USW00094789","JFK INTERNATIONAL AIRPORT, NY US","2018-06-24","69","77","65",
"USW00094789","JFK INTERNATIONAL AIRPORT, NY US","2018-06-25","75","82","65",
"USW00094789","JFK INTERNATIONAL AIRPORT, NY US","2018-06-26","68","73","61",
"USW00094789","JFK INTERNATIONAL AIRPORT, NY US","2018-06-27","69","73","63",
"USW00094789","JFK INTERNATIONAL AIRPORT, NY US","2018-06-28","72","80","70",
"USW00094789","JFK INTERNATIONAL AIRPORT, NY US","2018-06-29","78","91","70",
"USW00094789","JFK INTERNATIONAL AIRPORT, NY US","2018-06-30","82","88","70",
"USW00094789","JFK INTERNATIONAL AIRPORT, NY US","2018-07-01","82","94","73",
"USW00094789","JFK INTERNATIONAL AIRPORT, NY US","2018-07-02","82","91","74",
"USW00094789","JFK INTERNATIONAL AIRPORT, NY US","2018-07-03","78","86","74",
"USW00094789","JFK INTERNATIONAL AIRPORT, NY US","2018-07-04","79","86","75",
"USW00094789","JFK INTERNATIONAL AIRPORT, NY US","2018-07-05","79","86","75",
"USW00094789","JFK INTERNATIONAL AIRPORT, NY US","2018-07-06","78","84","69",
"USW00094789","JFK INTERNATIONAL AIRPORT, NY US","2018-07-07","71","75","61",
"USW00094789","JFK INTERNATIONAL AIRPORT, NY US","2018-07-08","69","78","59",
"USW00094789","JFK INTERNATIONAL AIRPORT, NY US","2018-07-09","72","83","64",
"USW00094789","JFK INTERNATIONAL AIRPORT, NY US","2018-07-10","77","89","67",
"USW00094789","JFK INTERNATIONAL AIRPORT, NY US","2018-07-11","78","88","70",
"USW00094789","JFK INTERNATIONAL AIRPORT, NY US","2018-07-12","74","83","68",
"USW00094789","JFK INTERNATIONAL AIRPORT, NY US","2018-07-13","74","81","65",
"USW00094789","JFK INTERNATIONAL AIRPORT, NY US","2018-07-14","76","85","67",
"USW00094789","JFK INTERNATIONAL AIRPORT, NY US","2018-07-15","75","82","69",
"USW00094789","JFK INTERNATIONAL AIRPORT, NY US","2018-07-16","78","87","73",
"USW00094789","JFK INTERNATIONAL AIRPORT, NY US","2018-07-17","76","83","71",
"USW00094789","JFK INTERNATIONAL AIRPORT, NY US","2018-07-18","76","87","68",
"USW00094789","JFK INTERNATIONAL AIRPORT, NY US","2018-07-19","75","81","66",
"USW00094789","JFK INTERNATIONAL AIRPORT, NY US","2018-07-20","74","80","66",
"USW00094789","JFK INTERNATIONAL AIRPORT, NY US","2018-07-21","72","77","66",
"USW00094789","JFK INTERNATIONAL AIRPORT, NY US","2018-07-22","73","78","71",
"USW00094789","JFK INTERNATIONAL AIRPORT, NY US","2018-07-23","75","79","73",
"USW00094789","JFK INTERNATIONAL AIRPORT, NY US","2018-07-24","77","83","74",
"USW00094789","JFK INTERNATIONAL AIRPORT, NY US","2018-07-25","76","81","72",
"USW00094789","JFK INTERNATIONAL AIRPORT, NY US","2018-07-26","77","85","72",
"USW00094789","JFK INTERNATIONAL AIRPORT, NY US","2018-07-27","78","86","69",
"USW00094789","JFK INTERNATIONAL AIRPORT, NY US","2018-07-28","76","85","71",
"USW00094789","JFK INTERNATIONAL AIRPORT, NY US","2018-07-29","77","83","71",
"USW00094789","JFK INTERNATIONAL AIRPORT, NY US","2018-07-30","75","81","69",
"USW00094789","JFK INTERNATIONAL AIRPORT, NY US","2018-07-31","73","79","67",
"USW00094789","JFK INTERNATIONAL AIRPORT, NY US","2018-08-01","78","84","75",
"USW00094789","JFK INTERNATIONAL AIRPORT, NY US","2018-08-02","80","85","76",
"USW00094789","JFK INTERNATIONAL AIRPORT, NY US","2018-08-03","78","84","73",
"USW00094789","JFK INTERNATIONAL AIRPORT, NY US","2018-08-04","77","86","73",
"USW00094789","JFK INTERNATIONAL AIRPORT, NY US","2018-08-05","81","88","73",
"USW00094789","JFK INTERNATIONAL AIRPORT, NY US","2018-08-06","82","89","75",
"USW00094789","JFK INTERNATIONAL AIRPORT, NY US","2018-08-07","80","85","72",
"USW00094789","JFK INTERNATIONAL AIRPORT, NY US","2018-08-08","78","85","73",
"USW00094789","JFK INTERNATIONAL AIRPORT, NY US","2018-08-09","82","90","74",
"USW00094789","JFK INTERNATIONAL AIRPORT, NY US","2018-08-10","80","86","69",
"USW00094789","JFK INTERNATIONAL AIRPORT, NY US","2018-08-11","75","79","70",
"USW00094789","JFK INTERNATIONAL AIRPORT, NY US","2018-08-12","76","83","71",
"USW00094789","JFK INTERNATIONAL AIRPORT, NY US","2018-08-13","74","77","71",
"USW00094789","JFK INTERNATIONAL AIRPORT, NY US","2018-08-14","75","82","70",
"USW00094789","JFK INTERNATIONAL AIRPORT, NY US","2018-08-15","78","89","71",
"USW00094789","JFK INTERNATIONAL AIRPORT, NY US","2018-08-16","82","89","74",
"USW00094789","JFK INTERNATIONAL AIRPORT, NY US","2018-08-17","80","85","74",
"USW00094789","JFK INTERNATIONAL AIRPORT, NY US","2018-08-18","79","86","71",
"USW00094789","JFK INTERNATIONAL AIRPORT, NY US","2018-08-19","71","73","67",
"USW00094789","JFK INTERNATIONAL AIRPORT, NY US","2018-08-20","70","74","67",
"USW00094789","JFK INTERNATIONAL AIRPORT, NY US","2018-08-21","70","76","64",
"USW00094789","JFK INTERNATIONAL AIRPORT, NY US","2018-08-22","77","86","71",
"USW00094789","JFK INTERNATIONAL AIRPORT, NY US","2018-08-23","74","80","66",
"USW00094789","JFK INTERNATIONAL AIRPORT, NY US","2018-08-24","74","81","62",
"USW00094789","JFK INTERNATIONAL AIRPORT, NY US","2018-08-25","73","79","64",
"USW00094789","JFK INTERNATIONAL AIRPORT, NY US","2018-08-26","73","81","66",
"USW00094789","JFK INTERNATIONAL AIRPORT, NY US","2018-08-27","79","87","73",
"USW00094789","JFK INTERNATIONAL AIRPORT, NY US","2018-08-28","82","90","76",
"USW00094789","JFK INTERNATIONAL AIRPORT, NY US","2018-08-29","84","92","73",
"USW00094789","JFK INTERNATIONAL AIRPORT, NY US","2018-08-30","83","92","77",
"USW00094789","JFK INTERNATIONAL AIRPORT, NY US","2018-08-31","76","77","71",
"USW00094789","JFK INTERNATIONAL AIRPORT, NY US","2018-09-01","72","77","68",
"USW00094789","JFK INTERNATIONAL AIRPORT, NY US","2018-09-02","72","80","64",
"USW00094789","JFK INTERNATIONAL AIRPORT, NY US","2018-09-03","78","84","75",
"USW00094789","JFK INTERNATIONAL AIRPORT, NY US","2018-09-04","83","93","76",
"USW00094789","JFK INTERNATIONAL AIRPORT, NY US","2018-09-05","80","87","74",
"USW00094789","JFK INTERNATIONAL AIRPORT, NY US","2018-09-06","80","89","73",
"USW00094789","JFK INTERNATIONAL AIRPORT, NY US","2018-09-07","74","77","70",
"USW00094789","JFK INTERNATIONAL AIRPORT, NY US","2018-09-08","69","72","62",
"USW00094789","JFK INTERNATIONAL AIRPORT, NY US","2018-09-09","61","63","56",
"USW00094789","JFK INTERNATIONAL AIRPORT, NY US","2018-09-10","60","65","56",
"USW00094789","JFK INTERNATIONAL AIRPORT, NY US","2018-09-11","68","76","64",
"USW00094789","JFK INTERNATIONAL AIRPORT, NY US","2018-09-12","74","79","71",
"USW00094789","JFK INTERNATIONAL AIRPORT, NY US","2018-09-13","72","78","69",
"USW00094789","JFK INTERNATIONAL AIRPORT, NY US","2018-09-14","71","78","67",
"USW00094789","JFK INTERNATIONAL AIRPORT, NY US","2018-09-15","71","79","65",
"USW00094789","JFK INTERNATIONAL AIRPORT, NY US","2018-09-16","72","80","64",
"USW00094789","JFK INTERNATIONAL AIRPORT, NY US","2018-09-17","72","79","65",
"USW00094789","JFK INTERNATIONAL AIRPORT, NY US","2018-09-18","75","81","70",
"USW00094789","JFK INTERNATIONAL AIRPORT, NY US","2018-09-19","74","84","67",
"USW00094789","JFK INTERNATIONAL AIRPORT, NY US","2018-09-20","68","73","64",
"USW00094789","JFK INTERNATIONAL AIRPORT, NY US","2018-09-21","69","73","67",
"USW00094789","JFK INTERNATIONAL AIRPORT, NY US","2018-09-22","72","75","63",
"USW00094789","JFK INTERNATIONAL AIRPORT, NY US","2018-09-23","63","69","61",
"USW00094789","JFK INTERNATIONAL AIRPORT, NY US","2018-09-24","63","71","57",
"USW00094789","JFK INTERNATIONAL AIRPORT, NY US","2018-09-25","65","73","58",
"USW00094789","JFK INTERNATIONAL AIRPORT, NY US","2018-09-26","73","79","64",
"USW00094789","JFK INTERNATIONAL AIRPORT, NY US","2018-09-27","69","75","61",
"USW00094789","JFK INTERNATIONAL AIRPORT, NY US","2018-09-28","62","65","56",
"USW00094789","JFK INTERNATIONAL AIRPORT, NY US","2018-09-29","65","76","58",
"USW00094789","JFK INTERNATIONAL AIRPORT, NY US","2018-09-30","63","70","54",
"USW00094789","JFK INTERNATIONAL AIRPORT, NY US","2018-10-01","68","75","63",
"USW00094789","JFK INTERNATIONAL AIRPORT, NY US","2018-10-02","70","77","65",
"USW00094789","JFK INTERNATIONAL AIRPORT, NY US","2018-10-03","70","78","63",
"USW00094789","JFK INTERNATIONAL AIRPORT, NY US","2018-10-04","67","75","59",
"USW00094789","JFK INTERNATIONAL AIRPORT, NY US","2018-10-05","67","71","61",
"USW00094789","JFK INTERNATIONAL AIRPORT, NY US","2018-10-06","64","69","63",
"USW00094789","JFK INTERNATIONAL AIRPORT, NY US","2018-10-07","71","80","69",
"USW00094789","JFK INTERNATIONAL AIRPORT, NY US","2018-10-08","67","71","64",
"USW00094789","JFK INTERNATIONAL AIRPORT, NY US","2018-10-09","69","74","67",
"USW00094789","JFK INTERNATIONAL AIRPORT, NY US","2018-10-10","70","77","66",
"USW00094789","JFK INTERNATIONAL AIRPORT, NY US","2018-10-11","72","76","67",
"USW00094789","JFK INTERNATIONAL AIRPORT, NY US","2018-10-12","64","70","51",
"USW00094789","JFK INTERNATIONAL AIRPORT, NY US","2018-10-13","53","58","48",
"USW00094789","JFK INTERNATIONAL AIRPORT, NY US","2018-10-14","53","59","46",
"USW00094789","JFK INTERNATIONAL AIRPORT, NY US","2018-10-15","59","68","52",
"USW00094789","JFK INTERNATIONAL AIRPORT, NY US","2018-10-16","56","62","47",
"USW00094789","JFK INTERNATIONAL AIRPORT, NY US","2018-10-17","55","63","47",
"USW00094789","JFK INTERNATIONAL AIRPORT, NY US","2018-10-18","48","52","41",
"USW00094789","JFK INTERNATIONAL AIRPORT, NY US","2018-10-19","50","60","41",
"USW00094789","JFK INTERNATIONAL AIRPORT, NY US","2018-10-20","58","63","52",
"USW00094789","JFK INTERNATIONAL AIRPORT, NY US","2018-10-21","49","53","40",
"USW00094789","JFK INTERNATIONAL AIRPORT, NY US","2018-10-22","44","52","39",
"USW00094789","JFK INTERNATIONAL AIRPORT, NY US","2018-10-23","54","63","47",
"USW00094789","JFK INTERNATIONAL AIRPORT, NY US","2018-10-24","51","56","44",
"USW00094789","JFK INTERNATIONAL AIRPORT, NY US","2018-10-25","47","53","40",
"USW00094789","JFK INTERNATIONAL AIRPORT, NY US","2018-10-26","43","49","36",
"USW00094789","JFK INTERNATIONAL AIRPORT, NY US","2018-10-27","48","58","43",
"USW00094789","JFK INTERNATIONAL AIRPORT, NY US","2018-10-28","50","54","46",
"USW00094789","JFK INTERNATIONAL AIRPORT, NY US","2018-10-29","53","58","47",
"USW00094789","JFK INTERNATIONAL AIRPORT, NY US","2018-10-30","50","57","43",
"USW00094789","JFK INTERNATIONAL AIRPORT, NY US","2018-10-31","51","63","38",
"USW00094789","JFK INTERNATIONAL AIRPORT, NY US","2018-11-01","58","66","51",
"USW00094789","JFK INTERNATIONAL AIRPORT, NY US","2018-11-02","63","66","62",
"USW00094789","JFK INTERNATIONAL AIRPORT, NY US","2018-11-03","59","64","49",
"USW00094789","JFK INTERNATIONAL AIRPORT, NY US","2018-11-04","50","57","43",
"USW00094789","JFK INTERNATIONAL AIRPORT, NY US","2018-11-05","49","55","44",
"USW00094789","JFK INTERNATIONAL AIRPORT, NY US","2018-11-06","53","61","50",
"USW00094789","JFK INTERNATIONAL AIRPORT, NY US","2018-11-07","57","63","50",
"USW00094789","JFK INTERNATIONAL AIRPORT, NY US","2018-11-08","53","58","43",
"USW00094789","JFK INTERNATIONAL AIRPORT, NY US","2018-11-09","47","52","39",
"USW00094789","JFK INTERNATIONAL AIRPORT, NY US","2018-11-10","47","51","35",
"USW00094789","JFK INTERNATIONAL AIRPORT, NY US","2018-11-11","40","47","34",
"USW00094789","JFK INTERNATIONAL AIRPORT, NY US","2018-11-12","41","49","30",
"USW00094789","JFK INTERNATIONAL AIRPORT, NY US","2018-11-13","48","58","43",
"USW00094789","JFK INTERNATIONAL AIRPORT, NY US","2018-11-14","40","44","32",
"USW00094789","JFK INTERNATIONAL AIRPORT, NY US","2018-11-15","33","37","31",
"USW00094789","JFK INTERNATIONAL AIRPORT, NY US","2018-11-16","40","47","35",
"USW00094789","JFK INTERNATIONAL AIRPORT, NY US","2018-11-17","43","50","38",
"USW00094789","JFK INTERNATIONAL AIRPORT, NY US","2018-11-18","42","44","39",
"USW00094789","JFK INTERNATIONAL AIRPORT, NY US","2018-11-19","44","52","38",
"USW00094789","JFK INTERNATIONAL AIRPORT, NY US","2018-11-20","46","49","38",
"USW00094789","JFK INTERNATIONAL AIRPORT, NY US","2018-11-21","41","46","27",
"USW00094789","JFK INTERNATIONAL AIRPORT, NY US","2018-11-22","27","29","18",
"USW00094789","JFK INTERNATIONAL AIRPORT, NY US","2018-11-23","22","32","15",
"USW00094789","JFK INTERNATIONAL AIRPORT, NY US","2018-11-24","36","51","27",
"USW00094789","JFK INTERNATIONAL AIRPORT, NY US","2018-11-25","50","56","45",
"USW00094789","JFK INTERNATIONAL AIRPORT, NY US","2018-11-26","48","52","40",
"USW00094789","JFK INTERNATIONAL AIRPORT, NY US","2018-11-27","44","48","37",
"USW00094789","JFK INTERNATIONAL AIRPORT, NY US","2018-11-28","39","42","36",
"USW00094789","JFK INTERNATIONAL AIRPORT, NY US","2018-11-29","42","48","38",
"USW00094789","JFK INTERNATIONAL AIRPORT, NY US","2018-11-30","39","42","35",
"USW00094789","JFK INTERNATIONAL AIRPORT, NY US","2018-12-01","40","46","34",
"USW00094789","JFK INTERNATIONAL AIRPORT, NY US","2018-12-02","48","55","44",
"USW00094789","JFK INTERNATIONAL AIRPORT, NY US","2018-12-03","53","56","46",
"USW00094789","JFK INTERNATIONAL AIRPORT, NY US","2018-12-04","42","46","30",
"USW00094789","JFK INTERNATIONAL AIRPORT, NY US","2018-12-05","32","36","26",
"USW00094789","JFK INTERNATIONAL AIRPORT, NY US","2018-12-06","35","40","30",
"USW00094789","JFK INTERNATIONAL AIRPORT, NY US","2018-12-07","37","40","26",
"USW00094789","JFK INTERNATIONAL AIRPORT, NY US","2018-12-08","30","37","24",
"USW00094789","JFK INTERNATIONAL AIRPORT, NY US","2018-12-09","31","36","24",
"USW00094789","JFK INTERNATIONAL AIRPORT, NY US","2018-12-10","33","40","28",
"USW00094789","JFK INTERNATIONAL AIRPORT, NY US","2018-12-11","33","40","27",
"USW00094789","JFK INTERNATIONAL AIRPORT, NY US","2018-12-12","36","42","30",
"USW00094789","JFK INTERNATIONAL AIRPORT, NY US","2018-12-13","35","44","32",
"USW00094789","JFK INTERNATIONAL AIRPORT, NY US","2018-12-14","45","51","42",
"USW00094789","JFK INTERNATIONAL AIRPORT, NY US","2018-12-15","49","52","47",
"USW00094789","JFK INTERNATIONAL AIRPORT, NY US","2018-12-16","44","47","37",
"USW00094789","JFK INTERNATIONAL AIRPORT, NY US","2018-12-17","41","49","38",
"USW00094789","JFK INTERNATIONAL AIRPORT, NY US","2018-12-18","37","41","28",
"USW00094789","JFK INTERNATIONAL AIRPORT, NY US","2018-12-19","32","41","24",
"USW00094789","JFK INTERNATIONAL AIRPORT, NY US","2018-12-20","38","52","30",
"USW00094789","JFK INTERNATIONAL AIRPORT, NY US","2018-12-21","53","57","51",
"USW00094789","JFK INTERNATIONAL AIRPORT, NY US","2018-12-22","48","51","40",
"USW00094789","JFK INTERNATIONAL AIRPORT, NY US","2018-12-23","40","44","36",
"USW00094789","JFK INTERNATIONAL AIRPORT, NY US","2018-12-24","39","44","35",
"USW00094789","JFK INTERNATIONAL AIRPORT, NY US","2018-12-25","38","43","32",
"USW00094789","JFK INTERNATIONAL AIRPORT, NY US","2018-12-26","37","44","32",
"USW00094789","JFK INTERNATIONAL AIRPORT, NY US","2018-12-27","40","44","37",
"USW00094789","JFK INTERNATIONAL AIRPORT, NY US","2018-12-28","46","55","43",
"USW00094789","JFK INTERNATIONAL AIRPORT, NY US","2018-12-29","50","54","39",
"USW00094789","JFK INTERNATIONAL AIRPORT, NY US","2018-12-30","37","39","32",
"USW00094789","JFK INTERNATIONAL AIRPORT, NY US","2018-12-31","37","49","30",
"USW00094789","JFK INTERNATIONAL AIRPORT, NY US","2019-01-01","51","59","40",
"USW00094789","JFK INTERNATIONAL AIRPORT, NY US","2019-01-02","38","41","34",
"USW00094789","JFK INTERNATIONAL AIRPORT, NY US","2019-01-03","41","46","34",
"USW00094789","JFK INTERNATIONAL AIRPORT, NY US","2019-01-04","39","45","34",
"USW00094789","JFK INTERNATIONAL AIRPORT, NY US","2019-01-05","44","46","41",
"USW00094789","JFK INTERNATIONAL AIRPORT, NY US","2019-01-06","44","51","31",
"USW00094789","JFK INTERNATIONAL AIRPORT, NY US","2019-01-07","30","35","25",
"USW00094789","JFK INTERNATIONAL AIRPORT, NY US","2019-01-08","40","46","35",
"USW00094789","JFK INTERNATIONAL AIRPORT, NY US","2019-01-09","43","47","34",
"USW00094789","JFK INTERNATIONAL AIRPORT, NY US","2019-01-10","34","36","28",
"USW00094789","JFK INTERNATIONAL AIRPORT, NY US","2019-01-11","28","32","22",
"USW00094789","JFK INTERNATIONAL AIRPORT, NY US","2019-01-12","26","35","20",
"USW00094789","JFK INTERNATIONAL AIRPORT, NY US","2019-01-13","29","33","24",
"USW00094789","JFK INTERNATIONAL AIRPORT, NY US","2019-01-14","27","33","24",
"USW00094789","JFK INTERNATIONAL AIRPORT, NY US","2019-01-15","29","36","23",
"USW00094789","JFK INTERNATIONAL AIRPORT, NY US","2019-01-16","32","39","25",
"USW00094789","JFK INTERNATIONAL AIRPORT, NY US","2019-01-17","31","34","25",
"USW00094789","JFK INTERNATIONAL AIRPORT, NY US","2019-01-18","33","39","28",
"USW00094789","JFK INTERNATIONAL AIRPORT, NY US","2019-01-19","35","39","29",
"USW00094789","JFK INTERNATIONAL AIRPORT, NY US","2019-01-20","38","50","15",
"USW00094789","JFK INTERNATIONAL AIRPORT, NY US","2019-01-21","12","15","5",
"USW00094789","JFK INTERNATIONAL AIRPORT, NY US","2019-01-22","19","31","14",
"USW00094789","JFK INTERNATIONAL AIRPORT, NY US","2019-01-23","34","47","29",
"USW00094789","JFK INTERNATIONAL AIRPORT, NY US","2019-01-24","47","54","35",
"USW00094789","JFK INTERNATIONAL AIRPORT, NY US","2019-01-25","36","40","28",
"USW00094789","JFK INTERNATIONAL AIRPORT, NY US","2019-01-26","29","33","24",
"USW00094789","JFK INTERNATIONAL AIRPORT, NY US","2019-01-27","37","45","28",
"USW00094789","JFK INTERNATIONAL AIRPORT, NY US","2019-01-28","32","39","23",
"USW00094789","JFK INTERNATIONAL AIRPORT, NY US","2019-01-29","31","43","22",
"USW00094789","JFK INTERNATIONAL AIRPORT, NY US","2019-01-30","29","35","7",
"USW00094789","JFK INTERNATIONAL AIRPORT, NY US","2019-01-31","9","17","3",
"USW00094789","JFK INTERNATIONAL AIRPORT, NY US","2019-02-01","16","22","11",
"USW00094789","JFK INTERNATIONAL AIRPORT, NY US","2019-02-02","23","32","16",
"USW00094789","JFK INTERNATIONAL AIRPORT, NY US","2019-02-03","35","49","25",
"USW00094789","JFK INTERNATIONAL AIRPORT, NY US","2019-02-04","40","53","30",
"USW00094789","JFK INTERNATIONAL AIRPORT, NY US","2019-02-05","43","60","32",
"USW00094789","JFK INTERNATIONAL AIRPORT, NY US","2019-02-06","42","45","33",
"USW00094789","JFK INTERNATIONAL AIRPORT, NY US","2019-02-07","41","44","39",
"USW00094789","JFK INTERNATIONAL AIRPORT, NY US","2019-02-08","43","55","32",
"USW00094789","JFK INTERNATIONAL AIRPORT, NY US","2019-02-09","31","34","24",
"USW00094789","JFK INTERNATIONAL AIRPORT, NY US","2019-02-10","28","35","22",
"USW00094789","JFK INTERNATIONAL AIRPORT, NY US","2019-02-11","33","37","29",
"USW00094789","JFK INTERNATIONAL AIRPORT, NY US","2019-02-12","31","37","26",
"USW00094789","JFK INTERNATIONAL AIRPORT, NY US","2019-02-13","37","42","33",
"USW00094789","JFK INTERNATIONAL AIRPORT, NY US","2019-02-14","37","46","33",
"USW00094789","JFK INTERNATIONAL AIRPORT, NY US","2019-02-15","43","54","38",
"USW00094789","JFK INTERNATIONAL AIRPORT, NY US","2019-02-16","42","52","32",
"USW00094789","JFK INTERNATIONAL AIRPORT, NY US","2019-02-17","31","36","25",
"USW00094789","JFK INTERNATIONAL AIRPORT, NY US","2019-02-18","36","43","26",
"USW00094789","JFK INTERNATIONAL AIRPORT, NY US","2019-02-19","29","36","23",
"USW00094789","JFK INTERNATIONAL AIRPORT, NY US","2019-02-20","29","34","26",
"USW00094789","JFK INTERNATIONAL AIRPORT, NY US","2019-02-21","39","51","33",
"USW00094789","JFK INTERNATIONAL AIRPORT, NY US","2019-02-22","43","45","37",
"USW00094789","JFK INTERNATIONAL AIRPORT, NY US","2019-02-23","37","40","31",
"USW00094789","JFK INTERNATIONAL AIRPORT, NY US","2019-02-24","42","47","38",
"USW00094789","JFK INTERNATIONAL AIRPORT, NY US","2019-02-25","41","44","28",
"USW00094789","JFK INTERNATIONAL AIRPORT, NY US","2019-02-26","31","39","26",
"USW00094789","JFK INTERNATIONAL AIRPORT, NY US","2019-02-27","26","30","24",
"USW00094789","JFK INTERNATIONAL AIRPORT, NY US","2019-02-28","31","37","27",
"USW00094789","JFK INTERNATIONAL AIRPORT, NY US","2019-03-01","31","37","27",
"USW00094789","JFK INTERNATIONAL AIRPORT, NY US","2019-03-02","34","40","31",
"USW00094789","JFK INTERNATIONAL AIRPORT, NY US","2019-03-03","38","43","32",
"USW00094789","JFK INTERNATIONAL AIRPORT, NY US","2019-03-04","35","39","29",
"USW00094789","JFK INTERNATIONAL AIRPORT, NY US","2019-03-05","28","33","20",
"USW00094789","JFK INTERNATIONAL AIRPORT, NY US","2019-03-06","24","28","19",
"USW00094789","JFK INTERNATIONAL AIRPORT, NY US","2019-03-07","25","33","18",
"USW00094789","JFK INTERNATIONAL AIRPORT, NY US","2019-03-08","29","37","22",
"USW00094789","JFK INTERNATIONAL AIRPORT, NY US","2019-03-09","38","47","33",
"USW00094789","JFK INTERNATIONAL AIRPORT, NY US","2019-03-10","39","44","35",
"USW00094789","JFK INTERNATIONAL AIRPORT, NY US","2019-03-11","47","54","39",
"USW00094789","JFK INTERNATIONAL AIRPORT, NY US","2019-03-12","41","45","34",
"USW00094789","JFK INTERNATIONAL AIRPORT, NY US","2019-03-13","36","42","29",
"USW00094789","JFK INTERNATIONAL AIRPORT, NY US","2019-03-14","44","52","38",
"USW00094789","JFK INTERNATIONAL AIRPORT, NY US","2019-03-15","49","59","47",
"USW00094789","JFK INTERNATIONAL AIRPORT, NY US","2019-03-16","50","57","37",
"USW00094789","JFK INTERNATIONAL AIRPORT, NY US","2019-03-17","39","45","33",
"USW00094789","JFK INTERNATIONAL AIRPORT, NY US","2019-03-18","37","45","28",
"USW00094789","JFK INTERNATIONAL AIRPORT, NY US","2019-03-19","39","50","32",
"USW00094789","JFK INTERNATIONAL AIRPORT, NY US","2019-03-20","40","50","31",
"USW00094789","JFK INTERNATIONAL AIRPORT, NY US","2019-03-21","44","48","41",
"USW00094789","JFK INTERNATIONAL AIRPORT, NY US","2019-03-22","45","51","39",
"USW00094789","JFK INTERNATIONAL AIRPORT, NY US","2019-03-23","41","50","35",
"USW00094789","JFK INTERNATIONAL AIRPORT, NY US","2019-03-24","45","58","37",
"USW00094789","JFK INTERNATIONAL AIRPORT, NY US","2019-03-25","51","54","42",
"USW00094789","JFK INTERNATIONAL AIRPORT, NY US","2019-03-26","42","48","32",
"USW00094789","JFK INTERNATIONAL AIRPORT, NY US","2019-03-27","38","42","32",
"USW00094789","JFK INTERNATIONAL AIRPORT, NY US","2019-03-28","40","48","33",
"USW00094789","JFK INTERNATIONAL AIRPORT, NY US","2019-03-29","47","56","44",
"USW00094789","JFK INTERNATIONAL AIRPORT, NY US","2019-03-30","51","57","47",
"USW00094789","JFK INTERNATIONAL AIRPORT, NY US","2019-03-31","50","56","39",
"USW00094789","JFK INTERNATIONAL AIRPORT, NY US","2019-04-01","40","47","32",
"USW00094789","JFK INTERNATIONAL AIRPORT, NY US","2019-04-02","40","49","31",
"USW00094789","JFK INTERNATIONAL AIRPORT, NY US","2019-04-03","50","66","40",
"USW00094789","JFK INTERNATIONAL AIRPORT, NY US","2019-04-04","53","61","42",
"USW00094789","JFK INTERNATIONAL AIRPORT, NY US","2019-04-05","42","43","38",
"USW00094789","JFK INTERNATIONAL AIRPORT, NY US","2019-04-06","47","63","40",
"USW00094789","JFK INTERNATIONAL AIRPORT, NY US","2019-04-07","54","59","45",
"USW00094789","JFK INTERNATIONAL AIRPORT, NY US","2019-04-08","56","68","48",
"USW00094789","JFK INTERNATIONAL AIRPORT, NY US","2019-04-09","48","48","43",
"USW00094789","JFK INTERNATIONAL AIRPORT, NY US","2019-04-10","51","61","40",
"USW00094789","JFK INTERNATIONAL AIRPORT, NY US","2019-04-11","44","48","38",
"USW00094789","JFK INTERNATIONAL AIRPORT, NY US","2019-04-12","51","62","45",
"USW00094789","JFK INTERNATIONAL AIRPORT, NY US","2019-04-13","57","69","53",
"USW00094789","JFK INTERNATIONAL AIRPORT, NY US","2019-04-14","56","63","51",
"USW00094789","JFK INTERNATIONAL AIRPORT, NY US","2019-04-15","56","61","46",
"USW00094789","JFK INTERNATIONAL AIRPORT, NY US","2019-04-16","52","66","44",
"USW00094789","JFK INTERNATIONAL AIRPORT, NY US","2019-04-17","53","57","47",
"USW00094789","JFK INTERNATIONAL AIRPORT, NY US","2019-04-18","52","58","49",
"USW00094789","JFK INTERNATIONAL AIRPORT, NY US","2019-04-19","58","70","54",
"USW00094789","JFK INTERNATIONAL AIRPORT, NY US","2019-04-20","58","62","53",
"USW00094789","JFK INTERNATIONAL AIRPORT, NY US","2019-04-21","55","62","51",
"USW00094789","JFK INTERNATIONAL AIRPORT, NY US","2019-04-22","55","62","50",
"USW00094789","JFK INTERNATIONAL AIRPORT, NY US","2019-04-23","61","70","56",
"USW00094789","JFK INTERNATIONAL AIRPORT, NY US","2019-04-24","63","70","53",
"USW00094789","JFK INTERNATIONAL AIRPORT, NY US","2019-04-25","54","58","47",
"USW00094789","JFK INTERNATIONAL AIRPORT, NY US","2019-04-26","54","59","52",
"USW00094789","JFK INTERNATIONAL AIRPORT, NY US","2019-04-27","55","61","47",
"USW00094789","JFK INTERNATIONAL AIRPORT, NY US","2019-04-28","50","55","45",
"USW00094789","JFK INTERNATIONAL AIRPORT, NY US","2019-04-29","49","55","39",
"USW00094789","JFK INTERNATIONAL AIRPORT, NY US","2019-04-30","51","59","48",
"USW00094789","JFK INTERNATIONAL AIRPORT, NY US","2019-05-01","52","54","49",
"USW00094789","JFK INTERNATIONAL AIRPORT, NY US","2019-05-02","54","70","49",
"USW00094789","JFK INTERNATIONAL AIRPORT, NY US","2019-05-03","52","56","49",
"USW00094789","JFK INTERNATIONAL AIRPORT, NY US","2019-05-04","56","65","53",
"USW00094789","JFK INTERNATIONAL AIRPORT, NY US","2019-05-05","55","57","51",
"USW00094789","JFK INTERNATIONAL AIRPORT, NY US","2019-05-06","56","68","50",
"USW00094789","JFK INTERNATIONAL AIRPORT, NY US","2019-05-07","56","62","51",
"USW00094789","JFK INTERNATIONAL AIRPORT, NY US","2019-05-08","60","68","52",
"USW00094789","JFK INTERNATIONAL AIRPORT, NY US","2019-05-09","54","56","50",
"USW00094789","JFK INTERNATIONAL AIRPORT, NY US","2019-05-10","58","67","54",
"USW00094789","JFK INTERNATIONAL AIRPORT, NY US","2019-05-11","62","70","56",
"USW00094789","JFK INTERNATIONAL AIRPORT, NY US","2019-05-12","51","56","43",
"USW00094789","JFK INTERNATIONAL AIRPORT, NY US","2019-05-13","46","49","43",
"USW00094789","JFK INTERNATIONAL AIRPORT, NY US","2019-05-14","47","51","44",
"USW00094789","JFK INTERNATIONAL AIRPORT, NY US","2019-05-15","53","66","45",
"USW00094789","JFK INTERNATIONAL AIRPORT, NY US","2019-05-16","60","68","52",
"USW00094789","JFK INTERNATIONAL AIRPORT, NY US","2019-05-17","62","71","54",
"USW00094789","JFK INTERNATIONAL AIRPORT, NY US","2019-05-18","64","71","56",
"USW00094789","JFK INTERNATIONAL AIRPORT, NY US","2019-05-19","62","69","56",
"USW00094789","JFK INTERNATIONAL AIRPORT, NY US","2019-05-20","69","86","61",
"USW00094789","JFK INTERNATIONAL AIRPORT, NY US","2019-05-21","68","73","58",
"USW00094789","JFK INTERNATIONAL AIRPORT, NY US","2019-05-22","65","74","55",
"USW00094789","JFK INTERNATIONAL AIRPORT, NY US","2019-05-23","62","69","55",
"USW00094789","JFK INTERNATIONAL AIRPORT, NY US","2019-05-24","69","75","62",
"USW00094789","JFK INTERNATIONAL AIRPORT, NY US","2019-05-25","62","66","53",
"USW00094789","JFK INTERNATIONAL AIRPORT, NY US","2019-05-26","68","85","59",
"USW00094789","JFK INTERNATIONAL AIRPORT, NY US","2019-05-27","73","81","64",
"USW00094789","JFK INTERNATIONAL AIRPORT, NY US","2019-05-28","65","71","62",
"USW00094789","JFK INTERNATIONAL AIRPORT, NY US","2019-05-29","64","71","56",
"USW00094789","JFK INTERNATIONAL AIRPORT, NY US","2019-05-30","59","64","56",
"USW00094789","JFK INTERNATIONAL AIRPORT, NY US","2019-05-31","69","80","61",
"USW00094789","JFK INTERNATIONAL AIRPORT, NY US","2019-06-01","68","78","61",
"USW00094789","JFK INTERNATIONAL AIRPORT, NY US","2019-06-02","68","79","62",
"USW00094789","JFK INTERNATIONAL AIRPORT, NY US","2019-06-03","67","72","57",
"USW00094789","JFK INTERNATIONAL AIRPORT, NY US","2019-06-04","62","70","55",
"USW00094789","JFK INTERNATIONAL AIRPORT, NY US","2019-06-05","67","75","62",
"USW00094789","JFK INTERNATIONAL AIRPORT, NY US","2019-06-06","73","84","64",
"USW00094789","JFK INTERNATIONAL AIRPORT, NY US","2019-06-07","71","77","61",
"USW00094789","JFK INTERNATIONAL AIRPORT, NY US","2019-06-08","68","78","60",
"USW00094789","JFK INTERNATIONAL AIRPORT, NY US","2019-06-09","65","74","57",
"USW00094789","JFK INTERNATIONAL AIRPORT, NY US","2019-06-10","63","70","56",
"USW00094789","JFK INTERNATIONAL AIRPORT, NY US","2019-06-11","70","79","65",
"USW00094789","JFK INTERNATIONAL AIRPORT, NY US","2019-06-12","67","73","57",
"USW00094789","JFK INTERNATIONAL AIRPORT, NY US","2019-06-13","62","66","57",
"USW00094789","JFK INTERNATIONAL AIRPORT, NY US","2019-06-14","65","75","59",
"USW00094789","JFK INTERNATIONAL AIRPORT, NY US","2019-06-15","68","75","55",
"USW00094789","JFK INTERNATIONAL AIRPORT, NY US","2019-06-16","69","76","65",
"USW00094789","JFK INTERNATIONAL AIRPORT, NY US","2019-06-17","71","76","67",
"USW00094789","JFK INTERNATIONAL AIRPORT, NY US","2019-06-18","69","76","66",
"USW00094789","JFK INTERNATIONAL AIRPORT, NY US","2019-06-19","67","69","65",
"USW00094789","JFK INTERNATIONAL AIRPORT, NY US","2019-06-20","69","76","66",
"USW00094789","JFK INTERNATIONAL AIRPORT, NY US","2019-06-21","72","80","66",
"USW00094789","JFK INTERNATIONAL AIRPORT, NY US","2019-06-22","73","82","63",
"USW00094789","JFK INTERNATIONAL AIRPORT, NY US","2019-06-23","74","85","64",
"USW00094789","JFK INTERNATIONAL AIRPORT, NY US","2019-06-24","75","83","63",
"USW00094789","JFK INTERNATIONAL AIRPORT, NY US","2019-06-25","73","81","69",
"USW00094789","JFK INTERNATIONAL AIRPORT, NY US","2019-06-26","76","86","69",
"USW00094789","JFK INTERNATIONAL AIRPORT, NY US","2019-06-27","78","91","69",
"USW00094789","JFK INTERNATIONAL AIRPORT, NY US","2019-06-28","79","88","69",
"USW00094789","JFK INTERNATIONAL AIRPORT, NY US","2019-06-29","78","89","71",
"USW00094789","JFK INTERNATIONAL AIRPORT, NY US","2019-06-30","78","87","69",
"USW00094789","JFK INTERNATIONAL AIRPORT, NY US","2019-07-01","75","86","65",
"USW00094789","JFK INTERNATIONAL AIRPORT, NY US","2019-07-02","78","89","67",
"USW00094789","JFK INTERNATIONAL AIRPORT, NY US","2019-07-03","79","86","72",
"USW00094789","JFK INTERNATIONAL AIRPORT, NY US","2019-07-04","78","87","70",
"USW00094789","JFK INTERNATIONAL AIRPORT, NY US","2019-07-05","76","83","72",
"USW00094789","JFK INTERNATIONAL AIRPORT, NY US","2019-07-06","79","87","75",
"USW00094789","JFK INTERNATIONAL AIRPORT, NY US","2019-07-07","78","85","70",
"USW00094789","JFK INTERNATIONAL AIRPORT, NY US","2019-07-08","72","78","68",
"USW00094789","JFK INTERNATIONAL AIRPORT, NY US","2019-07-09","76","89","68",
"USW00094789","JFK INTERNATIONAL AIRPORT, NY US","2019-07-10","78","88","70",
"USW00094789","JFK INTERNATIONAL AIRPORT, NY US","2019-07-11","77","83","71",
"USW00094789","JFK INTERNATIONAL AIRPORT, NY US","2019-07-12","79","90","73",
"USW00094789","JFK INTERNATIONAL AIRPORT, NY US","2019-07-13","78","85","71",
"USW00094789","JFK INTERNATIONAL AIRPORT, NY US","2019-07-14","81","93","73",
"USW00094789","JFK INTERNATIONAL AIRPORT, NY US","2019-07-15","78","86","69",
"USW00094789","JFK INTERNATIONAL AIRPORT, NY US","2019-07-16","78","87","70",
"USW00094789","JFK INTERNATIONAL AIRPORT, NY US","2019-07-17","80","90","73",
"USW00094789","JFK INTERNATIONAL AIRPORT, NY US","2019-07-18","78","86","71",
"USW00094789","JFK INTERNATIONAL AIRPORT, NY US","2019-07-19","76","84","71",
"USW00094789","JFK INTERNATIONAL AIRPORT, NY US","2019-07-20","86","99","78",
"USW00094789","JFK INTERNATIONAL AIRPORT, NY US","2019-07-21","89","99","80",
"USW00094789","JFK INTERNATIONAL AIRPORT, NY US","2019-07-22","84","87","73",
"USW00094789","JFK INTERNATIONAL AIRPORT, NY US","2019-07-23","73","76","67",
"USW00094789","JFK INTERNATIONAL AIRPORT, NY US","2019-07-24","73","84","65",
"USW00094789","JFK INTERNATIONAL AIRPORT, NY US","2019-07-25","76","85","67",
"USW00094789","JFK INTERNATIONAL AIRPORT, NY US","2019-07-26","77","85","67",
"USW00094789","JFK INTERNATIONAL AIRPORT, NY US","2019-07-27","76","82","70",
"USW00094789","JFK INTERNATIONAL AIRPORT, NY US","2019-07-28","78","87","71",
"USW00094789","JFK INTERNATIONAL AIRPORT, NY US","2019-07-29","81","89","72",
"USW00094789","JFK INTERNATIONAL AIRPORT, NY US","2019-07-30","81","87","75",
"USW00094789","JFK INTERNATIONAL AIRPORT, NY US","2019-07-31","78","86","72",
"USW00094789","JFK INTERNATIONAL AIRPORT, NY US","2019-08-01","78","89","71",
"USW00094789","JFK INTERNATIONAL AIRPORT, NY US","2019-08-02","77","82","72",
"USW00094789","JFK INTERNATIONAL AIRPORT, NY US","2019-08-03","77","84","70",
"USW00094789","JFK INTERNATIONAL AIRPORT, NY US","2019-08-04","79","89","70",
"USW00094789","JFK INTERNATIONAL AIRPORT, NY US","2019-08-05","76","82","70",
"USW00094789","JFK INTERNATIONAL AIRPORT, NY US","2019-08-06","74","79","71",
"USW00094789","JFK INTERNATIONAL AIRPORT, NY US","2019-08-07","76","84","70",
"USW00094789","JFK INTERNATIONAL AIRPORT, NY US","2019-08-08","75","86","69",
"USW00094789","JFK INTERNATIONAL AIRPORT, NY US","2019-08-09","76","85","70",
"USW00094789","JFK INTERNATIONAL AIRPORT, NY US","2019-08-10","76","83","66",
"USW00094789","JFK INTERNATIONAL AIRPORT, NY US","2019-08-11","73","82","64",
"USW00094789","JFK INTERNATIONAL AIRPORT, NY US","2019-08-12","76","85","67",
"USW00094789","JFK INTERNATIONAL AIRPORT, NY US","2019-08-13","75","77","73",
"USW00094789","JFK INTERNATIONAL AIRPORT, NY US","2019-08-14","74","80","70",
"USW00094789","JFK INTERNATIONAL AIRPORT, NY US","2019-08-15","73","80","68",
"USW00094789","JFK INTERNATIONAL AIRPORT, NY US","2019-08-16","72","79","67",
"USW00094789","JFK INTERNATIONAL AIRPORT, NY US","2019-08-17","77","84","73",
"USW00094789","JFK INTERNATIONAL AIRPORT, NY US","2019-08-18","78","87","73",
"USW00094789","JFK INTERNATIONAL AIRPORT, NY US","2019-08-19","78","86","72",
"USW00094789","JFK INTERNATIONAL AIRPORT, NY US","2019-08-20","79","86","74",
"USW00094789","JFK INTERNATIONAL AIRPORT, NY US","2019-08-21","78","88","74",
"USW00094789","JFK INTERNATIONAL AIRPORT, NY US","2019-08-22","80","89","69",
"USW00094789","JFK INTERNATIONAL AIRPORT, NY US","2019-08-23","72","75","66",
"USW00094789","JFK INTERNATIONAL AIRPORT, NY US","2019-08-24","70","78","63",
"USW00094789","JFK INTERNATIONAL AIRPORT, NY US","2019-08-25","69","77","62",
"USW00094789","JFK INTERNATIONAL AIRPORT, NY US","2019-08-26","67","73","60",
"USW00094789","JFK INTERNATIONAL AIRPORT, NY US","2019-08-27","66","72","60",
"USW00094789","JFK INTERNATIONAL AIRPORT, NY US","2019-08-28","69","83","65",
"USW00094789","JFK INTERNATIONAL AIRPORT, NY US","2019-08-29","74","83","67",
"USW00094789","JFK INTERNATIONAL AIRPORT, NY US","2019-08-30","74","85","64",
"USW00094789","JFK INTERNATIONAL AIRPORT, NY US","2019-08-31","75","82","66",
"USW00094789","JFK INTERNATIONAL AIRPORT, NY US","2019-09-01","70","76","62",
"USW00094789","JFK INTERNATIONAL AIRPORT, NY US","2019-09-02","71","77","68",
"USW00094789","JFK INTERNATIONAL AIRPORT, NY US","2019-09-03","74","81","67",
"USW00094789","JFK INTERNATIONAL AIRPORT, NY US","2019-09-04","73","81","67",
"USW00094789","JFK INTERNATIONAL AIRPORT, NY US","2019-09-05","71","74","64",
"USW00094789","JFK INTERNATIONAL AIRPORT, NY US","2019-09-06","64","67","59",
"USW00094789","JFK INTERNATIONAL AIRPORT, NY US","2019-09-07","65","76","57",
"USW00094789","JFK INTERNATIONAL AIRPORT, NY US","2019-09-08","69","77","63",
"USW00094789","JFK INTERNATIONAL AIRPORT, NY US","2019-09-09","70","77","64",
"USW00094789","JFK INTERNATIONAL AIRPORT, NY US","2019-09-10","70","76","65",
"USW00094789","JFK INTERNATIONAL AIRPORT, NY US","2019-09-11","73","84","68",
"USW00094789","JFK INTERNATIONAL AIRPORT, NY US","2019-09-12","76","82","62",
"USW00094789","JFK INTERNATIONAL AIRPORT, NY US","2019-09-13","64","71","57",
"USW00094789","JFK INTERNATIONAL AIRPORT, NY US","2019-09-14","68","76","63",
"USW00094789","JFK INTERNATIONAL AIRPORT, NY US","2019-09-15","74","81","69",
"USW00094789","JFK INTERNATIONAL AIRPORT, NY US","2019-09-16","72","78","65",
"USW00094789","JFK INTERNATIONAL AIRPORT, NY US","2019-09-17","69","77","59",
"USW00094789","JFK INTERNATIONAL AIRPORT, NY US","2019-09-18","63","71","55",
"USW00094789","JFK INTERNATIONAL AIRPORT, NY US","2019-09-19","58","68","49",
"USW00094789","JFK INTERNATIONAL AIRPORT, NY US","2019-09-20","65","78","55",
"USW00094789","JFK INTERNATIONAL AIRPORT, NY US","2019-09-21","70","80","59",
"USW00094789","JFK INTERNATIONAL AIRPORT, NY US","2019-09-22","70","79","64",
"USW00094789","JFK INTERNATIONAL AIRPORT, NY US","2019-09-23","74","82","69",
"USW00094789","JFK INTERNATIONAL AIRPORT, NY US","2019-09-24","74","78","63",
"USW00094789","JFK INTERNATIONAL AIRPORT, NY US","2019-09-25","68","76","57",
"USW00094789","JFK INTERNATIONAL AIRPORT, NY US","2019-09-26","69","78","61",
"USW00094789","JFK INTERNATIONAL AIRPORT, NY US","2019-09-27","66","74","56",
"USW00094789","JFK INTERNATIONAL AIRPORT, NY US","2019-09-28","69","77","63",
"USW00094789","JFK INTERNATIONAL AIRPORT, NY US","2019-09-29","74","81","65",
"USW00094789","JFK INTERNATIONAL AIRPORT, NY US","2019-09-30","66","71","62",
"USW00094789","JFK INTERNATIONAL AIRPORT, NY US","2019-10-01","68","78","62",
"USW00094789","JFK INTERNATIONAL AIRPORT, NY US","2019-10-02","77","95","64",
"USW00094789","JFK INTERNATIONAL AIRPORT, NY US","2019-10-03","60","64","53",
"USW00094789","JFK INTERNATIONAL AIRPORT, NY US","2019-10-04","62","68","50",
"USW00094789","JFK INTERNATIONAL AIRPORT, NY US","2019-10-05","52","59","45",
"USW00094789","JFK INTERNATIONAL AIRPORT, NY US","2019-10-06","63","69","58",
"USW00094789","JFK INTERNATIONAL AIRPORT, NY US","2019-10-07","70","76","60",
"USW00094789","JFK INTERNATIONAL AIRPORT, NY US","2019-10-08","62","64","58",
"USW00094789","JFK INTERNATIONAL AIRPORT, NY US","2019-10-09","57","60","53",
"USW00094789","JFK INTERNATIONAL AIRPORT, NY US","2019-10-10","60","72","53",
"USW00094789","JFK INTERNATIONAL AIRPORT, NY US","2019-10-11","60","64","55",
"USW00094789","JFK INTERNATIONAL AIRPORT, NY US","2019-10-12","59","68","55",
"USW00094789","JFK INTERNATIONAL AIRPORT, NY US","2019-10-13","60","65","53",
"USW00094789","JFK INTERNATIONAL AIRPORT, NY US","2019-10-14","62","70","55",
"USW00094789","JFK INTERNATIONAL AIRPORT, NY US","2019-10-15","59","64","49",
"USW00094789","JFK INTERNATIONAL AIRPORT, NY US","2019-10-16","59","66","48",
"USW00094789","JFK INTERNATIONAL AIRPORT, NY US","2019-10-17","56","59","52",
"USW00094789","JFK INTERNATIONAL AIRPORT, NY US","2019-10-18","55","61","46",
"USW00094789","JFK INTERNATIONAL AIRPORT, NY US","2019-10-19","50","59","40",
"USW00094789","JFK INTERNATIONAL AIRPORT, NY US","2019-10-20","53","61","44",
"USW00094789","JFK INTERNATIONAL AIRPORT, NY US","2019-10-21","57","68","51",
"USW00094789","JFK INTERNATIONAL AIRPORT, NY US","2019-10-22","56","64","53",
"USW00094789","JFK INTERNATIONAL AIRPORT, NY US","2019-10-23","62","67","54",
"USW00094789","JFK INTERNATIONAL AIRPORT, NY US","2019-10-24","57","65","45",
"USW00094789","JFK INTERNATIONAL AIRPORT, NY US","2019-10-25","56","63","46",
"USW00094789","JFK INTERNATIONAL AIRPORT, NY US","2019-10-26","58","64","50",
"USW00094789","JFK INTERNATIONAL AIRPORT, NY US","2019-10-27","60","69","53",
"USW00094789","JFK INTERNATIONAL AIRPORT, NY US","2019-10-28","58","65","51",
"USW00094789","JFK INTERNATIONAL AIRPORT, NY US","2019-10-29","56","61","52",
"USW00094789","JFK INTERNATIONAL AIRPORT, NY US","2019-10-30","61","65","58",
"USW00094789","JFK INTERNATIONAL AIRPORT, NY US","2019-10-31","64","68","61",
"USW00094789","JFK INTERNATIONAL AIRPORT, NY US","2019-11-01","56","68","43",
"USW00094789","JFK INTERNATIONAL AIRPORT, NY US","2019-11-02","45","52","37",
"USW00094789","JFK INTERNATIONAL AIRPORT, NY US","2019-11-03","48","56","43",
"USW00094789","JFK INTERNATIONAL AIRPORT, NY US","2019-11-04","48","56","34",
"USW00094789","JFK INTERNATIONAL AIRPORT, NY US","2019-11-05","56","63","50",
"USW00094789","JFK INTERNATIONAL AIRPORT, NY US","2019-11-06","52","56","44",
"USW00094789","JFK INTERNATIONAL AIRPORT, NY US","2019-11-07","52","57","41",
"USW00094789","JFK INTERNATIONAL AIRPORT, NY US","2019-11-08","40","41","29",
"USW00094789","JFK INTERNATIONAL AIRPORT, NY US","2019-11-09","33","41","25",
"USW00094789","JFK INTERNATIONAL AIRPORT, NY US","2019-11-10","44","52","37",
"USW00094789","JFK INTERNATIONAL AIRPORT, NY US","2019-11-11","51","58","41",
"USW00094789","JFK INTERNATIONAL AIRPORT, NY US","2019-11-12","47","56","25",
"USW00094789","JFK INTERNATIONAL AIRPORT, NY US","2019-11-13","28","35","23",
"USW00094789","JFK INTERNATIONAL AIRPORT, NY US","2019-11-14","33","46","24",
"USW00094789","JFK INTERNATIONAL AIRPORT, NY US","2019-11-15","43","51","34",
"USW00094789","JFK INTERNATIONAL AIRPORT, NY US","2019-11-16","40","42","32",
"USW00094789","JFK INTERNATIONAL AIRPORT, NY US","2019-11-17","36","44","31",
"USW00094789","JFK INTERNATIONAL AIRPORT, NY US","2019-11-18","40","43","38",
"USW00094789","JFK INTERNATIONAL AIRPORT, NY US","2019-11-19","44","51","41",
"USW00094789","JFK INTERNATIONAL AIRPORT, NY US","2019-11-20","44","48","41",
"USW00094789","JFK INTERNATIONAL AIRPORT, NY US","2019-11-21","44","53","34",
"USW00094789","JFK INTERNATIONAL AIRPORT, NY US","2019-11-22","49","52","38",
"USW00094789","JFK INTERNATIONAL AIRPORT, NY US","2019-11-23","40","45","34",
"USW00094789","JFK INTERNATIONAL AIRPORT, NY US","2019-11-24","44","49","41",
"USW00094789","JFK INTERNATIONAL AIRPORT, NY US","2019-11-25","44","52","39",
"USW00094789","JFK INTERNATIONAL AIRPORT, NY US","2019-11-26","47","56","39",
"USW00094789","JFK INTERNATIONAL AIRPORT, NY US","2019-11-27","50","56","44",
"USW00094789","JFK INTERNATIONAL AIRPORT, NY US","2019-11-28","50","53","37",
"USW00094789","JFK INTERNATIONAL AIRPORT, NY US","2019-11-29","37","41","30",
"USW00094789","JFK INTERNATIONAL AIRPORT, NY US","2019-11-30","36","44","30",
"USW00094789","JFK INTERNATIONAL AIRPORT, NY US","2019-12-01","33","41","29",
"USW00094789","JFK INTERNATIONAL AIRPORT, NY US","2019-12-02","38","40","31",
"USW00094789","JFK INTERNATIONAL AIRPORT, NY US","2019-12-03","33","38","31",
"USW00094789","JFK INTERNATIONAL AIRPORT, NY US","2019-12-04","36","39","33",
"USW00094789","JFK INTERNATIONAL AIRPORT, NY US","2019-12-05","39","44","36",
"USW00094789","JFK INTERNATIONAL AIRPORT, NY US","2019-12-06","40","50","34",
"USW00094789","JFK INTERNATIONAL AIRPORT, NY US","2019-12-07","38","40","29",
"USW00094789","JFK INTERNATIONAL AIRPORT, NY US","2019-12-08","33","45","23",
"USW00094789","JFK INTERNATIONAL AIRPORT, NY US","2019-12-09","46","54","42",
"USW00094789","JFK INTERNATIONAL AIRPORT, NY US","2019-12-10","53","57","40",
"USW00094789","JFK INTERNATIONAL AIRPORT, NY US","2019-12-11","38","40","31",
"USW00094789","JFK INTERNATIONAL AIRPORT, NY US","2019-12-12","31","35","26",
"USW00094789","JFK INTERNATIONAL AIRPORT, NY US","2019-12-13","39","54","31",
"USW00094789","JFK INTERNATIONAL AIRPORT, NY US","2019-12-14","53","56","44",
"USW00094789","JFK INTERNATIONAL AIRPORT, NY US","2019-12-15","46","50","37",
"USW00094789","JFK INTERNATIONAL AIRPORT, NY US","2019-12-16","36","37","33",
"USW00094789","JFK INTERNATIONAL AIRPORT, NY US","2019-12-17","34","36","32",
"USW00094789","JFK INTERNATIONAL AIRPORT, NY US","2019-12-18","34","39","22",
"USW00094789","JFK INTERNATIONAL AIRPORT, NY US","2019-12-19","23","26","17",
"USW00094789","JFK INTERNATIONAL AIRPORT, NY US","2019-12-20","27","34","23",
"USW00094789","JFK INTERNATIONAL AIRPORT, NY US","2019-12-21","28","37","22",
"USW00094789","JFK INTERNATIONAL AIRPORT, NY US","2019-12-22","35","45","28",
"USW00094789","JFK INTERNATIONAL AIRPORT, NY US","2019-12-23","41","53","33",
"USW00094789","JFK INTERNATIONAL AIRPORT, NY US","2019-12-24","43","49","33",
"USW00094789","JFK INTERNATIONAL AIRPORT, NY US","2019-12-25","37","47","29",
"USW00094789","JFK INTERNATIONAL AIRPORT, NY US","2019-12-26","38","47","32",
"USW00094789","JFK INTERNATIONAL AIRPORT, NY US","2019-12-27","48","52","44",
"USW00094789","JFK INTERNATIONAL AIRPORT, NY US","2019-12-28","47","52","37",
"USW00094789","JFK INTERNATIONAL AIRPORT, NY US","2019-12-29","41","44","33",
"USW00094789","JFK INTERNATIONAL AIRPORT, NY US","2019-12-30","42","44","38",
"USW00094789","JFK INTERNATIONAL AIRPORT, NY US","2019-12-31","40","44","38",
"USW00094789","JFK INTERNATIONAL AIRPORT, NY US","2020-01-01","40","42","34",
"USW00094789","JFK INTERNATIONAL AIRPORT, NY US","2020-01-02","38","48","31",
"USW00094789","JFK INTERNATIONAL AIRPORT, NY US","2020-01-03","44","48","42",
"USW00094789","JFK INTERNATIONAL AIRPORT, NY US","2020-01-04","47","51","43",
"USW00094789","JFK INTERNATIONAL AIRPORT, NY US","2020-01-05","41","49","35",
"USW00094789","JFK INTERNATIONAL AIRPORT, NY US","2020-01-06","38","45","32",
"USW00094789","JFK INTERNATIONAL AIRPORT, NY US","2020-01-07","40","44","35",
"USW00094789","JFK INTERNATIONAL AIRPORT, NY US","2020-01-08","37","43","28",
"USW00094789","JFK INTERNATIONAL AIRPORT, NY US","2020-01-09","29","34","24",
"USW00094789","JFK INTERNATIONAL AIRPORT, NY US","2020-01-10","39","51","32",
"USW00094789","JFK INTERNATIONAL AIRPORT, NY US","2020-01-11","50","57","46",
"USW00094789","JFK INTERNATIONAL AIRPORT, NY US","2020-01-12","58","68","43",
"USW00094789","JFK INTERNATIONAL AIRPORT, NY US","2020-01-13","44","48","35",
"USW00094789","JFK INTERNATIONAL AIRPORT, NY US","2020-01-14","42","46","37",
"USW00094789","JFK INTERNATIONAL AIRPORT, NY US","2020-01-15","46","52","40",
"USW00094789","JFK INTERNATIONAL AIRPORT, NY US","2020-01-16","45","50","34",
"USW00094789","JFK INTERNATIONAL AIRPORT, NY US","2020-01-17","30","34","22",
"USW00094789","JFK INTERNATIONAL AIRPORT, NY US","2020-01-18","25","39","20",
"USW00094789","JFK INTERNATIONAL AIRPORT, NY US","2020-01-19","40","46","29",
"USW00094789","JFK INTERNATIONAL AIRPORT, NY US","2020-01-20","28","33","20",
"USW00094789","JFK INTERNATIONAL AIRPORT, NY US","2020-01-21","26","34","19",
"USW00094789","JFK INTERNATIONAL AIRPORT, NY US","2020-01-22","30","38","22",
"USW00094789","JFK INTERNATIONAL AIRPORT, NY US","2020-01-23","35","44","26",
"USW00094789","JFK INTERNATIONAL AIRPORT, NY US","2020-01-24","41","53","30",
"USW00094789","JFK INTERNATIONAL AIRPORT, NY US","2020-01-25","42","50","37",
"USW00094789","JFK INTERNATIONAL AIRPORT, NY US","2020-01-26","42","48","36",
"USW00094789","JFK INTERNATIONAL AIRPORT, NY US","2020-01-27","40","45","35",
"USW00094789","JFK INTERNATIONAL AIRPORT, NY US","2020-01-28","41","45","37",
"USW00094789","JFK INTERNATIONAL AIRPORT, NY US","2020-01-29","37","41","29",
"USW00094789","JFK INTERNATIONAL AIRPORT, NY US","2020-01-30","31","37","24",
"USW00094789","JFK INTERNATIONAL AIRPORT, NY US","2020-01-31","36","45","32",
"USW00094789","JFK INTERNATIONAL AIRPORT, NY US","2020-02-01","39","43","35",
"USW00094789","JFK INTERNATIONAL AIRPORT, NY US","2020-02-02","39","44","29",
"USW00094789","JFK INTERNATIONAL AIRPORT, NY US","2020-02-03","42","55","36",
"USW00094789","JFK INTERNATIONAL AIRPORT, NY US","2020-02-04","45","53","39",
"USW00094789","JFK INTERNATIONAL AIRPORT, NY US","2020-02-05","44","51","39",
"USW00094789","JFK INTERNATIONAL AIRPORT, NY US","2020-02-06","40","43","37",
"USW00094789","JFK INTERNATIONAL AIRPORT, NY US","2020-02-07","42","54","33",
"USW00094789","JFK INTERNATIONAL AIRPORT, NY US","2020-02-08","35","43","30",
"USW00094789","JFK INTERNATIONAL AIRPORT, NY US","2020-02-09","37","47","29",
"USW00094789","JFK INTERNATIONAL AIRPORT, NY US","2020-02-10","43","47","42",
"USW00094789","JFK INTERNATIONAL AIRPORT, NY US","2020-02-11","45","49","43",
"USW00094789","JFK INTERNATIONAL AIRPORT, NY US","2020-02-12","43","45","38",
"USW00094789","JFK INTERNATIONAL AIRPORT, NY US","2020-02-13","40","44","36",
"USW00094789","JFK INTERNATIONAL AIRPORT, NY US","2020-02-14","36","40","19",
"USW00094789","JFK INTERNATIONAL AIRPORT, NY US","2020-02-15","21","30","14",
"USW00094789","JFK INTERNATIONAL AIRPORT, NY US","2020-02-16","35","45","30",
"USW00094789","JFK INTERNATIONAL AIRPORT, NY US","2020-02-17","41","51","34",
"USW00094789","JFK INTERNATIONAL AIRPORT, NY US","2020-02-18","42","49","36",
"USW00094789","JFK INTERNATIONAL AIRPORT, NY US","2020-02-19","45","51","33",
"USW00094789","JFK INTERNATIONAL AIRPORT, NY US","2020-02-20","34","37","26",
"USW00094789","JFK INTERNATIONAL AIRPORT, NY US","2020-02-21","28","36","20",
"USW00094789","JFK INTERNATIONAL AIRPORT, NY US","2020-02-22","37","50","30",
"USW00094789","JFK INTERNATIONAL AIRPORT, NY US","2020-02-23","42","54","30",
"USW00094789","JFK INTERNATIONAL AIRPORT, NY US","2020-02-24","43","54","34",
"USW00094789","JFK INTERNATIONAL AIRPORT, NY US","2020-02-25","45","49","42",
"USW00094789","JFK INTERNATIONAL AIRPORT, NY US","2020-02-26","46","48","43",
"USW00094789","JFK INTERNATIONAL AIRPORT, NY US","2020-02-27","43","48","31",
"USW00094789","JFK INTERNATIONAL AIRPORT, NY US","2020-02-28","34","42","29",
"USW00094789","JFK INTERNATIONAL AIRPORT, NY US","2020-02-29","33","37","26",
"USW00094789","JFK INTERNATIONAL AIRPORT, NY US","2020-03-01","32","44","25",
"USW00094789","JFK INTERNATIONAL AIRPORT, NY US","2020-03-02","42","51","32",
"USW00094789","JFK INTERNATIONAL AIRPORT, NY US","2020-03-03","48","53","42",
"USW00094789","JFK INTERNATIONAL AIRPORT, NY US","2020-03-04","50","57","44",
"USW00094789","JFK INTERNATIONAL AIRPORT, NY US","2020-03-05","46","50","39",
"USW00094789","JFK INTERNATIONAL AIRPORT, NY US","2020-03-06","41","47","33",
"USW00094789","JFK INTERNATIONAL AIRPORT, NY US","2020-03-07","40","48","36",
"USW00094789","JFK INTERNATIONAL AIRPORT, NY US","2020-03-08","43","57","33",
"USW00094789","JFK INTERNATIONAL AIRPORT, NY US","2020-03-09","50","64","39",
"USW00094789","JFK INTERNATIONAL AIRPORT, NY US","2020-03-10","52","64","43",
"USW00094789","JFK INTERNATIONAL AIRPORT, NY US","2020-03-11","51","57","41",
"USW00094789","JFK INTERNATIONAL AIRPORT, NY US","2020-03-12","44","47","37",
"USW00094789","JFK INTERNATIONAL AIRPORT, NY US","2020-03-13","53","71","46",
"USW00094789","JFK INTERNATIONAL AIRPORT, NY US","2020-03-14","51","57","43",
"USW00094789","JFK INTERNATIONAL AIRPORT, NY US","2020-03-15","47","54","40",
"USW00094789","JFK INTERNATIONAL AIRPORT, NY US","2020-03-16","39","45","32",
"USW00094789","JFK INTERNATIONAL AIRPORT, NY US","2020-03-17","44","54","41",
"USW00094789","JFK INTERNATIONAL AIRPORT, NY US","2020-03-18","47","50","40",
"USW00094789","JFK INTERNATIONAL AIRPORT, NY US","2020-03-19","46","53","43",
"USW00094789","JFK INTERNATIONAL AIRPORT, NY US","2020-03-20","50","73","36",
"USW00094789","JFK INTERNATIONAL AIRPORT, NY US","2020-03-21","54","67","40",
"USW00094789","JFK INTERNATIONAL AIRPORT, NY US","2020-03-22","40","44","34",
"USW00094789","JFK INTERNATIONAL AIRPORT, NY US","2020-03-23","39","46","37",
"USW00094789","JFK INTERNATIONAL AIRPORT, NY US","2020-03-24","43","54","36",
"USW00094789","JFK INTERNATIONAL AIRPORT, NY US","2020-03-25","44","48","39",
"USW00094789","JFK INTERNATIONAL AIRPORT, NY US","2020-03-26","44","55","36",
"USW00094789","JFK INTERNATIONAL AIRPORT, NY US","2020-03-27","53","68","46",
"USW00094789","JFK INTERNATIONAL AIRPORT, NY US","2020-03-28","49","50","46",
"USW00094789","JFK INTERNATIONAL AIRPORT, NY US","2020-03-29","48","51","45",
"USW00094789","JFK INTERNATIONAL AIRPORT, NY US","2020-03-30","45","49","42",
"USW00094789","JFK INTERNATIONAL AIRPORT, NY US","2020-03-31","43","45","41",
"USW00094789","JFK INTERNATIONAL AIRPORT, NY US","2020-04-01","44","56","37",
"USW00094789","JFK INTERNATIONAL AIRPORT, NY US","2020-04-02","49","60","38",
"USW00094789","JFK INTERNATIONAL AIRPORT, NY US","2020-04-03","49","52","44",
"USW00094789","JFK INTERNATIONAL AIRPORT, NY US","2020-04-04","50","58","44",
"USW00094789","JFK INTERNATIONAL AIRPORT, NY US","2020-04-05","48","58","42",
"USW00094789","JFK INTERNATIONAL AIRPORT, NY US","2020-04-06","53","63","46",
"USW00094789","JFK INTERNATIONAL AIRPORT, NY US","2020-04-07","54","63","48",
"USW00094789","JFK INTERNATIONAL AIRPORT, NY US","2020-04-08","55","64","45",
"USW00094789","JFK INTERNATIONAL AIRPORT, NY US","2020-04-09","50","58","42",
"USW00094789","JFK INTERNATIONAL AIRPORT, NY US","2020-04-10","45","49","38",
"USW00094789","JFK INTERNATIONAL AIRPORT, NY US","2020-04-11","46","55","38",
"USW00094789","JFK INTERNATIONAL AIRPORT, NY US","2020-04-12","49","58","34",
"USW00094789","JFK INTERNATIONAL AIRPORT, NY US","2020-04-13","54","66","51",
"USW00094789","JFK INTERNATIONAL AIRPORT, NY US","2020-04-14","54","57","47",
"USW00094789","JFK INTERNATIONAL AIRPORT, NY US","2020-04-15","48","54","42",
"USW00094789","JFK INTERNATIONAL AIRPORT, NY US","2020-04-16","46","50","38",
"USW00094789","JFK INTERNATIONAL AIRPORT, NY US","2020-04-17","42","50","36",
"USW00094789","JFK INTERNATIONAL AIRPORT, NY US","2020-04-18","44","47","40",
"USW00094789","JFK INTERNATIONAL AIRPORT, NY US","2020-04-19","47","59","36",
"USW00094789","JFK INTERNATIONAL AIRPORT, NY US","2020-04-20","52","55","43",
"USW00094789","JFK INTERNATIONAL AIRPORT, NY US","2020-04-21","49","56","39",
"USW00094789","JFK INTERNATIONAL AIRPORT, NY US","2020-04-22","44","52","36",
"USW00094789","JFK INTERNATIONAL AIRPORT, NY US","2020-04-23","44","48","39",
"USW00094789","JFK INTERNATIONAL AIRPORT, NY US","2020-04-24","46","50","43",
"USW00094789","JFK INTERNATIONAL AIRPORT, NY US","2020-04-25","50","61","39",
"USW00094789","JFK INTERNATIONAL AIRPORT, NY US","2020-04-26","49","51","43",
"USW00094789","JFK INTERNATIONAL AIRPORT, NY US","2020-04-27","44","50","39",
"USW00094789","JFK INTERNATIONAL AIRPORT, NY US","2020-04-28","49","64","40",
"USW00094789","JFK INTERNATIONAL AIRPORT, NY US","2020-04-29","48","55","42",
"USW00094789","JFK INTERNATIONAL AIRPORT, NY US","2020-04-30","52","58","49",
"USW00094789","JFK INTERNATIONAL AIRPORT, NY US","2020-05-01","55","62","51",
"USW00094789","JFK INTERNATIONAL AIRPORT, NY US","2020-05-02","62","74","50",
"USW00094789","JFK INTERNATIONAL AIRPORT, NY US","2020-05-03","62","73","53",
"USW00094789","JFK INTERNATIONAL AIRPORT, NY US","2020-05-04","63","71","49",
"USW00094789","JFK INTERNATIONAL AIRPORT, NY US","2020-05-05","53","63","47",
"USW00094789","JFK INTERNATIONAL AIRPORT, NY US","2020-05-06","49","55","44",
"USW00094789","JFK INTERNATIONAL AIRPORT, NY US","2020-05-07","53","66","44",
"USW00094789","JFK INTERNATIONAL AIRPORT, NY US","2020-05-08","53","59","39",
"USW00094789","JFK INTERNATIONAL AIRPORT, NY US","2020-05-09","42","49","34",
"USW00094789","JFK INTERNATIONAL AIRPORT, NY US","2020-05-10","49","64","39",
"USW00094789","JFK INTERNATIONAL AIRPORT, NY US","2020-05-11","52","61","45",
"USW00094789","JFK INTERNATIONAL AIRPORT, NY US","2020-05-12","51","61","43",
"USW00094789","JFK INTERNATIONAL AIRPORT, NY US","2020-05-13","51","62","41",
"USW00094789","JFK INTERNATIONAL AIRPORT, NY US","2020-05-14","52","61","40",
"USW00094789","JFK INTERNATIONAL AIRPORT, NY US","2020-05-15","63","78","55",
"USW00094789","JFK INTERNATIONAL AIRPORT, NY US","2020-05-16","68","76","55",
"USW00094789","JFK INTERNATIONAL AIRPORT, NY US","2020-05-17","58","64","52",
"USW00094789","JFK INTERNATIONAL AIRPORT, NY US","2020-05-18","59","69","53",
"USW00094789","JFK INTERNATIONAL AIRPORT, NY US","2020-05-19","60","70","50",
"USW00094789","JFK INTERNATIONAL AIRPORT, NY US","2020-05-20","55","63","45",
"USW00094789","JFK INTERNATIONAL AIRPORT, NY US","2020-05-21","53","61","42",
"USW00094789","JFK INTERNATIONAL AIRPORT, NY US","2020-05-22","60","73","52",
"USW00094789","JFK INTERNATIONAL AIRPORT, NY US","2020-05-23","62","70","54",
"USW00094789","JFK INTERNATIONAL AIRPORT, NY US","2020-05-24","57","65","51",
"USW00094789","JFK INTERNATIONAL AIRPORT, NY US","2020-05-25","60","66","49",
"USW00094789","JFK INTERNATIONAL AIRPORT, NY US","2020-05-26","61","69","57",
"USW00094789","JFK INTERNATIONAL AIRPORT, NY US","2020-05-27","62","72","57",
"USW00094789","JFK INTERNATIONAL AIRPORT, NY US","2020-05-28","64","73","60",
"USW00094789","JFK INTERNATIONAL AIRPORT, NY US","2020-05-29","66","73","61",
"USW00094789","JFK INTERNATIONAL AIRPORT, NY US","2020-05-30","69","83","61",
"USW00094789","JFK INTERNATIONAL AIRPORT, NY US","2020-05-31","66","73","56",
"USW00094789","JFK INTERNATIONAL AIRPORT, NY US","2020-06-01","60","72","51",
"USW00094789","JFK INTERNATIONAL AIRPORT, NY US","2020-06-02","64","75","54",
"USW00094789","JFK INTERNATIONAL AIRPORT, NY US","2020-06-03","69","80","60",
"USW00094789","JFK INTERNATIONAL AIRPORT, NY US","2020-06-04","72","83","63",
"USW00094789","JFK INTERNATIONAL AIRPORT, NY US","2020-06-05","70","78","64",
"USW00094789","JFK INTERNATIONAL AIRPORT, NY US","2020-06-06","72","86","63",
"USW00094789","JFK INTERNATIONAL AIRPORT, NY US","2020-06-07","72","78","63",
"USW00094789","JFK INTERNATIONAL AIRPORT, NY US","2020-06-08","68","78","60",
"USW00094789","JFK INTERNATIONAL AIRPORT, NY US","2020-06-09","71","81","62",
"USW00094789","JFK INTERNATIONAL AIRPORT, NY US","2020-06-10","71","79","64",
"USW00094789","JFK INTERNATIONAL AIRPORT, NY US","2020-06-11","68","74","63",
"USW00094789","JFK INTERNATIONAL AIRPORT, NY US","2020-06-12","71","83","65",
"USW00094789","JFK INTERNATIONAL AIRPORT, NY US","2020-06-13","68","73","59",
"USW00094789","JFK INTERNATIONAL AIRPORT, NY US","2020-06-14","63","71","54",
"USW00094789","JFK INTERNATIONAL AIRPORT, NY US","2020-06-15","64","73","56",
"USW00094789","JFK INTERNATIONAL AIRPORT, NY US","2020-06-16","66","76","58",
"USW00094789","JFK INTERNATIONAL AIRPORT, NY US","2020-06-17","67","80","58",
"USW00094789","JFK INTERNATIONAL AIRPORT, NY US","2020-06-18","67","75","62",
"USW00094789","JFK INTERNATIONAL AIRPORT, NY US","2020-06-19","69","78","64",
"USW00094789","JFK INTERNATIONAL AIRPORT, NY US","2020-06-20","71","82","64",
"USW00094789","JFK INTERNATIONAL AIRPORT, NY US","2020-06-21","73","82","66",
"USW00094789","JFK INTERNATIONAL AIRPORT, NY US","2020-06-22","76","87","69",
"USW00094789","JFK INTERNATIONAL AIRPORT, NY US","2020-06-23","75","82","68",
"USW00094789","JFK INTERNATIONAL AIRPORT, NY US","2020-06-24","78","88","71",
"USW00094789","JFK INTERNATIONAL AIRPORT, NY US","2020-06-25","77","85","68",
"USW00094789","JFK INTERNATIONAL AIRPORT, NY US","2020-06-26","76","86","67",
"USW00094789","JFK INTERNATIONAL AIRPORT, NY US","2020-06-27","75","80","67",
"USW00094789","JFK INTERNATIONAL AIRPORT, NY US","2020-06-28","77","86","68",
"USW00094789","JFK INTERNATIONAL AIRPORT, NY US","2020-06-29","77","89","68",
"USW00094789","JFK INTERNATIONAL AIRPORT, NY US","2020-06-30","73","81","67",
"USW00094789","JFK INTERNATIONAL AIRPORT, NY US","2020-07-01","71","80","66",
"USW00094789","JFK INTERNATIONAL AIRPORT, NY US","2020-07-02","75","90","65",
"USW00094789","JFK INTERNATIONAL AIRPORT, NY US","2020-07-03","82","91","70",
"USW00094789","JFK INTERNATIONAL AIRPORT, NY US","2020-07-04","74","85","68",
"USW00094789","JFK INTERNATIONAL AIRPORT, NY US","2020-07-05","77","88","71",
"USW00094789","JFK INTERNATIONAL AIRPORT, NY US","2020-07-06","80","91","71",
"USW00094789","JFK INTERNATIONAL AIRPORT, NY US","2020-07-07","75","82","71",
"USW00094789","JFK INTERNATIONAL AIRPORT, NY US","2020-07-08","78","84","74",
"USW00094789","JFK INTERNATIONAL AIRPORT, NY US","2020-07-09","78","86","73",
"USW00094789","JFK INTERNATIONAL AIRPORT, NY US","2020-07-10","76","79","73",
"USW00094789","JFK INTERNATIONAL AIRPORT, NY US","2020-07-11","76","82","74",
"USW00094789","JFK INTERNATIONAL AIRPORT, NY US","2020-07-12","80","90","73",
"USW00094789","JFK INTERNATIONAL AIRPORT, NY US","2020-07-13","80","88","72",
"USW00094789","JFK INTERNATIONAL AIRPORT, NY US","2020-07-14","80","88","72",
"USW00094789","JFK INTERNATIONAL AIRPORT, NY US","2020-07-15","75","78","70",
"USW00094789","JFK INTERNATIONAL AIRPORT, NY US","2020-07-16","72","76","68",
"USW00094789","JFK INTERNATIONAL AIRPORT, NY US","2020-07-17","73","81","69",
"USW00094789","JFK INTERNATIONAL AIRPORT, NY US","2020-07-18","80","89","71",
"USW00094789","JFK INTERNATIONAL AIRPORT, NY US","2020-07-19","80","88","74",
"USW00094789","JFK INTERNATIONAL AIRPORT, NY US","2020-07-20","85","97","77",
"USW00094789","JFK INTERNATIONAL AIRPORT, NY US","2020-07-21","85","90","76",
"USW00094789","JFK INTERNATIONAL AIRPORT, NY US","2020-07-22","81","90","73",
"USW00094789","JFK INTERNATIONAL AIRPORT, NY US","2020-07-23","77","85","74",
"USW00094789","JFK INTERNATIONAL AIRPORT, NY US","2020-07-24","77","79","72",
"USW00094789","JFK INTERNATIONAL AIRPORT, NY US","2020-07-25","78","85","71",
"USW00094789","JFK INTERNATIONAL AIRPORT, NY US","2020-07-26","82","93","76",
"USW00094789","JFK INTERNATIONAL AIRPORT, NY US","2020-07-27","85","94","76",
"USW00094789","JFK INTERNATIONAL AIRPORT, NY US","2020-07-28","86","93","79",
"USW00094789","JFK INTERNATIONAL AIRPORT, NY US","2020-07-29","82","86","75",
"USW00094789","JFK INTERNATIONAL AIRPORT, NY US","2020-07-30","81","88","74",
"USW00094789","JFK INTERNATIONAL AIRPORT, NY US","2020-07-31","76","82","70",
"USW00094789","JFK INTERNATIONAL AIRPORT, NY US","2020-08-01","78","86","71",
"USW00094789","JFK INTERNATIONAL AIRPORT, NY US","2020-08-02","80","85","76",
"USW00094789","JFK INTERNATIONAL AIRPORT, NY US","2020-08-03","81","88","71",
"USW00094789","JFK INTERNATIONAL AIRPORT, NY US","2020-08-04","77","82","72",
"USW00094789","JFK INTERNATIONAL AIRPORT, NY US","2020-08-05","78","88","70",
"USW00094789","JFK INTERNATIONAL AIRPORT, NY US","2020-08-06","75","79","69",
"USW00094789","JFK INTERNATIONAL AIRPORT, NY US","2020-08-07","73","80","68",
"USW00094789","JFK INTERNATIONAL AIRPORT, NY US","2020-08-08","74","83","71",
"USW00094789","JFK INTERNATIONAL AIRPORT, NY US","2020-08-09","76","82","70",
"USW00094789","JFK INTERNATIONAL AIRPORT, NY US","2020-08-10","79","87","74",
"USW00094789","JFK INTERNATIONAL AIRPORT, NY US","2020-08-11","78","83","72",
"USW00094789","JFK INTERNATIONAL AIRPORT, NY US","2020-08-12","78","86","74",
"USW00094789","JFK INTERNATIONAL AIRPORT, NY US","2020-08-13","77","80","74",
"USW00094789","JFK INTERNATIONAL AIRPORT, NY US","2020-08-14","79","86","72",
"USW00094789","JFK INTERNATIONAL AIRPORT, NY US","2020-08-15","76","85","70",
"USW00094789","JFK INTERNATIONAL AIRPORT, NY US","2020-08-16","70","71","67",
"USW00094789","JFK INTERNATIONAL AIRPORT, NY US","2020-08-17","71","78","63",
"USW00094789","JFK INTERNATIONAL AIRPORT, NY US","2020-08-18","73","84","62",
"USW00094789","JFK INTERNATIONAL AIRPORT, NY US","2020-08-19","71","76","66",
"USW00094789","JFK INTERNATIONAL AIRPORT, NY US","2020-08-20","71","79","62",
"USW00094789","JFK INTERNATIONAL AIRPORT, NY US","2020-08-21","74","82","69",
"USW00094789","JFK INTERNATIONAL AIRPORT, NY US","2020-08-22","78","86","73",
"USW00094789","JFK INTERNATIONAL AIRPORT, NY US","2020-08-23","76","83","70",
"USW00094789","JFK INTERNATIONAL AIRPORT, NY US","2020-08-24","79","88","73",
"USW00094789","JFK INTERNATIONAL AIRPORT, NY US","2020-08-25","83","92","72",
"USW00094789","JFK INTERNATIONAL AIRPORT, NY US","2020-08-26","75","81","68",
"USW00094789","JFK INTERNATIONAL AIRPORT, NY US","2020-08-27","77","92","68",
"USW00094789","JFK INTERNATIONAL AIRPORT, NY US","2020-08-28","77","87","71",
"USW00094789","JFK INTERNATIONAL AIRPORT, NY US","2020-08-29","74","79","72",
"USW00094789","JFK INTERNATIONAL AIRPORT, NY US","2020-08-30","75","82","63",
"USW00094789","JFK INTERNATIONAL AIRPORT, NY US","2020-08-31","69","75","60",
"USW00094789","JFK INTERNATIONAL AIRPORT, NY US","2020-09-01","72","79","67",
"USW00094789","JFK INTERNATIONAL AIRPORT, NY US","2020-09-02","73","80","70",
"USW00094789","JFK INTERNATIONAL AIRPORT, NY US","2020-09-03","78","86","73",
"USW00094789","JFK INTERNATIONAL AIRPORT, NY US","2020-09-04","78","88","69",
"USW00094789","JFK INTERNATIONAL AIRPORT, NY US","2020-09-05","72","78","64",
"USW00094789","JFK INTERNATIONAL AIRPORT, NY US","2020-09-06","72","80","63",
"USW00094789","JFK INTERNATIONAL AIRPORT, NY US","2020-09-07","72","79","63",
"USW00094789","JFK INTERNATIONAL AIRPORT, NY US","2020-09-08","72","79","63",
"USW00094789","JFK INTERNATIONAL AIRPORT, NY US","2020-09-09","73","79","67",
"USW00094789","JFK INTERNATIONAL AIRPORT, NY US","2020-09-10","75","81","73",
"USW00094789","JFK INTERNATIONAL AIRPORT, NY US","2020-09-11","74","76","65",
"USW00094789","JFK INTERNATIONAL AIRPORT, NY US","2020-09-12","66","71","59",
"USW00094789","JFK INTERNATIONAL AIRPORT, NY US","2020-09-13","67","75","60",
"USW00094789","JFK INTERNATIONAL AIRPORT, NY US","2020-09-14","73","76","59",
"USW00094789","JFK INTERNATIONAL AIRPORT, NY US","2020-09-15","61","70","53",
"USW00094789","JFK INTERNATIONAL AIRPORT, NY US","2020-09-16","63","72","55",
"USW00094789","JFK INTERNATIONAL AIRPORT, NY US","2020-09-17","69","74","64",
"USW00094789","JFK INTERNATIONAL AIRPORT, NY US","2020-09-18","68","72","55",
"USW00094789","JFK INTERNATIONAL AIRPORT, NY US","2020-09-19","58","66","49",
"USW00094789","JFK INTERNATIONAL AIRPORT, NY US","2020-09-20","56","65","49",
"USW00094789","JFK INTERNATIONAL AIRPORT, NY US","2020-09-21","56","67","46",
"USW00094789","JFK INTERNATIONAL AIRPORT, NY US","2020-09-22","60","74","47",
"USW00094789","JFK INTERNATIONAL AIRPORT, NY US","2020-09-23","68","82","56",
"USW00094789","JFK INTERNATIONAL AIRPORT, NY US","2020-09-24","67","76","56",
"USW00094789","JFK INTERNATIONAL AIRPORT, NY US","2020-09-25","67","75","58",
"USW00094789","JFK INTERNATIONAL AIRPORT, NY US","2020-09-26","68","76","62",
"USW00094789","JFK INTERNATIONAL AIRPORT, NY US","2020-09-27","71","79","66",
"USW00094789","JFK INTERNATIONAL AIRPORT, NY US","2020-09-28","71","77","68",
"USW00094789","JFK INTERNATIONAL AIRPORT, NY US","2020-09-29","70","72","67",
"USW00094789","JFK INTERNATIONAL AIRPORT, NY US","2020-09-30","68","72","61",
"USW00094789","JFK INTERNATIONAL AIRPORT, NY US","2020-10-01","66","75","60",
"USW00094789","JFK INTERNATIONAL AIRPORT, NY US","2020-10-02","63","68","55",
"USW00094789","JFK INTERNATIONAL AIRPORT, NY US","2020-10-03","60","68","51",
"USW00094789","JFK INTERNATIONAL AIRPORT, NY US","2020-10-04","58","69","47",
"USW00094789","JFK INTERNATIONAL AIRPORT, NY US","2020-10-05","61","70","53",
"USW00094789","JFK INTERNATIONAL AIRPORT, NY US","2020-10-06","62","70","56",
"USW00094789","JFK INTERNATIONAL AIRPORT, NY US","2020-10-07","66","78","59",
"USW00094789","JFK INTERNATIONAL AIRPORT, NY US","2020-10-08","62","67","52",
"USW00094789","JFK INTERNATIONAL AIRPORT, NY US","2020-10-09","58","68","48",
"USW00094789","JFK INTERNATIONAL AIRPORT, NY US","2020-10-10","64","71","59",
"USW00094789","JFK INTERNATIONAL AIRPORT, NY US","2020-10-11","66","69","57",
"USW00094789","JFK INTERNATIONAL AIRPORT, NY US","2020-10-12","55","57","50",
"USW00094789","JFK INTERNATIONAL AIRPORT, NY US","2020-10-13","58","61","56",
"USW00094789","JFK INTERNATIONAL AIRPORT, NY US","2020-10-14","59","69","51",
"USW00094789","JFK INTERNATIONAL AIRPORT, NY US","2020-10-15","62","70","55",
"USW00094789","JFK INTERNATIONAL AIRPORT, NY US","2020-10-16","60","65","48",
"USW00094789","JFK INTERNATIONAL AIRPORT, NY US","2020-10-17","53","62","45",
"USW00094789","JFK INTERNATIONAL AIRPORT, NY US","2020-10-18","53","63","42",
"USW00094789","JFK INTERNATIONAL AIRPORT, NY US","2020-10-19","57","67","49",
"USW00094789","JFK INTERNATIONAL AIRPORT, NY US","2020-10-20","62","70","57",
"USW00094789","JFK INTERNATIONAL AIRPORT, NY US","2020-10-21","63","68","60",
"USW00094789","JFK INTERNATIONAL AIRPORT, NY US","2020-10-22","64","67","60",
"USW00094789","JFK INTERNATIONAL AIRPORT, NY US","2020-10-23","64","68","61",
"USW00094789","JFK INTERNATIONAL AIRPORT, NY US","2020-10-24","64","70","50",
"USW00094789","JFK INTERNATIONAL AIRPORT, NY US","2020-10-25","50","54","44",
"USW00094789","JFK INTERNATIONAL AIRPORT, NY US","2020-10-26","54","59","51",
"USW00094789","JFK INTERNATIONAL AIRPORT, NY US","2020-10-27","58","60","54",
"USW00094789","JFK INTERNATIONAL AIRPORT, NY US","2020-10-28","55","58","52",
"USW00094789","JFK INTERNATIONAL AIRPORT, NY US","2020-10-29","54","57","46",
"USW00094789","JFK INTERNATIONAL AIRPORT, NY US","2020-10-30","44","46","36",
"USW00094789","JFK INTERNATIONAL AIRPORT, NY US","2020-10-31","39","47","32",
"USW00094789","JFK INTERNATIONAL AIRPORT, NY US","2020-11-01","50","58","45",
"USW00094789","JFK INTERNATIONAL AIRPORT, NY US","2020-11-02","44","46","39",
"USW00094789","JFK INTERNATIONAL AIRPORT, NY US","2020-11-03","47","56","41",
"USW00094789","JFK INTERNATIONAL AIRPORT, NY US","2020-11-04","49","63","37",
"USW00094789","JFK INTERNATIONAL AIRPORT, NY US","2020-11-05","54","63","44",
"USW00094789","JFK INTERNATIONAL AIRPORT, NY US","2020-11-06","56","65","49",
"USW00094789","JFK INTERNATIONAL AIRPORT, NY US","2020-11-07","58","73","47",
"USW00094789","JFK INTERNATIONAL AIRPORT, NY US","2020-11-08","58","74","47",
"USW00094789","JFK INTERNATIONAL AIRPORT, NY US","2020-11-09","56","74","44",
"USW00094789","JFK INTERNATIONAL AIRPORT, NY US","2020-11-10","59","69","51",
"USW00094789","JFK INTERNATIONAL AIRPORT, NY US","2020-11-11","62","66","58",
"USW00094789","JFK INTERNATIONAL AIRPORT, NY US","2020-11-12","59","65","46",
"USW00094789","JFK INTERNATIONAL AIRPORT, NY US","2020-11-13","49","52","45",
"USW00094789","JFK INTERNATIONAL AIRPORT, NY US","2020-11-14","48","53","39",
"USW00094789","JFK INTERNATIONAL AIRPORT, NY US","2020-11-15","47","63","34",
"USW00094789","JFK INTERNATIONAL AIRPORT, NY US","2020-11-16","53","55","44",
"USW00094789","JFK INTERNATIONAL AIRPORT, NY US","2020-11-17","46","50","36",
"USW00094789","JFK INTERNATIONAL AIRPORT, NY US","2020-11-18","36","37","28",
"USW00094789","JFK INTERNATIONAL AIRPORT, NY US","2020-11-19","36","49","26",
"USW00094789","JFK INTERNATIONAL AIRPORT, NY US","2020-11-20","49","60","44",
"USW00094789","JFK INTERNATIONAL AIRPORT, NY US","2020-11-21","54","66","44",
"USW00094789","JFK INTERNATIONAL AIRPORT, NY US","2020-11-22","50","59","44",
"USW00094789","JFK INTERNATIONAL AIRPORT, NY US","2020-11-23","54","59","41",
"USW00094789","JFK INTERNATIONAL AIRPORT, NY US","2020-11-24","44","50","39",
"USW00094789","JFK INTERNATIONAL AIRPORT, NY US","2020-11-25","47","55","42",
"USW00094789","JFK INTERNATIONAL AIRPORT, NY US","2020-11-26","57","66","47",
"USW00094789","JFK INTERNATIONAL AIRPORT, NY US","2020-11-27","53","63","44",
"USW00094789","JFK INTERNATIONAL AIRPORT, NY US","2020-11-28","51","57","42",
"USW00094789","JFK INTERNATIONAL AIRPORT, NY US","2020-11-29","45","52","38",
"USW00094789","JFK INTERNATIONAL AIRPORT, NY US","2020-11-30","54","63","47",
"USW00094789","JFK INTERNATIONAL AIRPORT, NY US","2020-12-01","53","60","38",
"USW00094789","JFK INTERNATIONAL AIRPORT, NY US","2020-12-02","41","46","37",
"USW00094789","JFK INTERNATIONAL AIRPORT, NY US","2020-12-03","41","49","35",
"USW00094789","JFK INTERNATIONAL AIRPORT, NY US","2020-12-04","47","52","44",
"USW00094789","JFK INTERNATIONAL AIRPORT, NY US","2020-12-05","44","47","39",
"USW00094789","JFK INTERNATIONAL AIRPORT, NY US","2020-12-06","39","42","33",
"USW00094789","JFK INTERNATIONAL AIRPORT, NY US","2020-12-07","35","42","30",
"USW00094789","JFK INTERNATIONAL AIRPORT, NY US","2020-12-08","33","36","30",
"USW00094789","JFK INTERNATIONAL AIRPORT, NY US","2020-12-09","34","38","32",
"USW00094789","JFK INTERNATIONAL AIRPORT, NY US","2020-12-10","41","49","36",
"USW00094789","JFK INTERNATIONAL AIRPORT, NY US","2020-12-11","42","52","32",
"USW00094789","JFK INTERNATIONAL AIRPORT, NY US","2020-12-12","48","55","41",
"USW00094789","JFK INTERNATIONAL AIRPORT, NY US","2020-12-13","52","61","46",
"USW00094789","JFK INTERNATIONAL AIRPORT, NY US","2020-12-14","43","45","36",
"USW00094789","JFK INTERNATIONAL AIRPORT, NY US","2020-12-15","37","41","30",
"USW00094789","JFK INTERNATIONAL AIRPORT, NY US","2020-12-16","30","32","25",
"USW00094789","JFK INTERNATIONAL AIRPORT, NY US","2020-12-17","30","33","25",
"USW00094789","JFK INTERNATIONAL AIRPORT, NY US","2020-12-18","27","32","23",
"USW00094789","JFK INTERNATIONAL AIRPORT, NY US","2020-12-19","26","32","18",
"USW00094789","JFK INTERNATIONAL AIRPORT, NY US","2020-12-20","32","39","28",
"USW00094789","JFK INTERNATIONAL AIRPORT, NY US","2020-12-21","37","40","33",
"USW00094789","JFK INTERNATIONAL AIRPORT, NY US","2020-12-22","40","45","36",
"USW00094789","JFK INTERNATIONAL AIRPORT, NY US","2020-12-23","40","43","35",
"USW00094789","JFK INTERNATIONAL AIRPORT, NY US","2020-12-24","49","58","40",
"USW00094789","JFK INTERNATIONAL AIRPORT, NY US","2020-12-25","53","60","29",
"USW00094789","JFK INTERNATIONAL AIRPORT, NY US","2020-12-26","29","33","24",
"USW00094789","JFK INTERNATIONAL AIRPORT, NY US","2020-12-27","29","38","24",
"USW00094789","JFK INTERNATIONAL AIRPORT, NY US","2020-12-28","41","51","33",
"USW00094789","JFK INTERNATIONAL AIRPORT, NY US","2020-12-29","40","43","28",
"USW00094789","JFK INTERNATIONAL AIRPORT, NY US","2020-12-30","33","43","24",
"USW00094789","JFK INTERNATIONAL AIRPORT, NY US","2020-12-31","44","48","35",
"USW00094789","JFK INTERNATIONAL AIRPORT, NY US","2021-01-01","36","40","30",
"USW00094789","JFK INTERNATIONAL AIRPORT, NY US","2021-01-02","42","53","36",
"USW00094789","JFK INTERNATIONAL AIRPORT, NY US","2021-01-03","37","39","33",
"USW00094789","JFK INTERNATIONAL AIRPORT, NY US","2021-01-04","38","45","35",
"USW00094789","JFK INTERNATIONAL AIRPORT, NY US","2021-01-05","39","43","36",
"USW00094789","JFK INTERNATIONAL AIRPORT, NY US","2021-01-06","38","43","33",
"USW00094789","JFK INTERNATIONAL AIRPORT, NY US","2021-01-07","36","43","31",
"USW00094789","JFK INTERNATIONAL AIRPORT, NY US","2021-01-08","33","38","27",
"USW00094789","JFK INTERNATIONAL AIRPORT, NY US","2021-01-09","32","38","26",
"USW00094789","JFK INTERNATIONAL AIRPORT, NY US","2021-01-10","35","43","29",
"USW00094789","JFK INTERNATIONAL AIRPORT, NY US","2021-01-11","32","38","26",
"USW00094789","JFK INTERNATIONAL AIRPORT, NY US","2021-01-12","35","45","28",
"USW00094789","JFK INTERNATIONAL AIRPORT, NY US","2021-01-13","37","44","28",
"USW00094789","JFK INTERNATIONAL AIRPORT, NY US","2021-01-14","39","50","32",
"USW00094789","JFK INTERNATIONAL AIRPORT, NY US","2021-01-15","40","48","31",
"USW00094789","JFK INTERNATIONAL AIRPORT, NY US","2021-01-16","45","50","38",
"USW00094789","JFK INTERNATIONAL AIRPORT, NY US","2021-01-17","40","45","35",
"USW00094789","JFK INTERNATIONAL AIRPORT, NY US","2021-01-18","42","48","34",
"USW00094789","JFK INTERNATIONAL AIRPORT, NY US","2021-01-19","38","43","32",
"USW00094789","JFK INTERNATIONAL AIRPORT, NY US","2021-01-20","36","44","26",
"USW00094789","JFK INTERNATIONAL AIRPORT, NY US","2021-01-21","31","42","21",
"USW00094789","JFK INTERNATIONAL AIRPORT, NY US","2021-01-22","39","48","33",
"USW00094789","JFK INTERNATIONAL AIRPORT, NY US","2021-01-23","33","36","24",
"USW00094789","JFK INTERNATIONAL AIRPORT, NY US","2021-01-24","27","33","22",
"USW00094789","JFK INTERNATIONAL AIRPORT, NY US","2021-01-25","30","38","22",
"USW00094789","JFK INTERNATIONAL AIRPORT, NY US","2021-01-26","33","36","31",
"USW00094789","JFK INTERNATIONAL AIRPORT, NY US","2021-01-27","36","39","31",
"USW00094789","JFK INTERNATIONAL AIRPORT, NY US","2021-01-28","32","35","20",
"USW00094789","JFK INTERNATIONAL AIRPORT, NY US","2021-01-29","22","27","16",
"USW00094789","JFK INTERNATIONAL AIRPORT, NY US","2021-01-30","22","33","15",
"USW00094789","JFK INTERNATIONAL AIRPORT, NY US","2021-01-31","24","27","20",
"USW00094789","JFK INTERNATIONAL AIRPORT, NY US","2021-02-01","28","33","26",
"USW00094789","JFK INTERNATIONAL AIRPORT, NY US","2021-02-02","33","35","31",
"USW00094789","JFK INTERNATIONAL AIRPORT, NY US","2021-02-03","32","37","29",
"USW00094789","JFK INTERNATIONAL AIRPORT, NY US","2021-02-04","35","42","29",
"USW00094789","JFK INTERNATIONAL AIRPORT, NY US","2021-02-05","37","44","30",
"USW00094789","JFK INTERNATIONAL AIRPORT, NY US","2021-02-06","37","43","26",
"USW00094789","JFK INTERNATIONAL AIRPORT, NY US","2021-02-07","34","37","26",
"USW00094789","JFK INTERNATIONAL AIRPORT, NY US","2021-02-08","24","28","17",
"USW00094789","JFK INTERNATIONAL AIRPORT, NY US","2021-02-09","28","35","21",
"USW00094789","JFK INTERNATIONAL AIRPORT, NY US","2021-02-10","29","34","24",
"USW00094789","JFK INTERNATIONAL AIRPORT, NY US","2021-02-11","29","31","26",
"USW00094789","JFK INTERNATIONAL AIRPORT, NY US","2021-02-12","26","29","19",
"USW00094789","JFK INTERNATIONAL AIRPORT, NY US","2021-02-13","28","30","25",
"USW00094789","JFK INTERNATIONAL AIRPORT, NY US","2021-02-14","31","38","28",
"USW00094789","JFK INTERNATIONAL AIRPORT, NY US","2021-02-15","34","35","32",
"USW00094789","JFK INTERNATIONAL AIRPORT, NY US","2021-02-16","41","49","34",
"USW00094789","JFK INTERNATIONAL AIRPORT, NY US","2021-02-17","31","34","23",
"USW00094789","JFK INTERNATIONAL AIRPORT, NY US","2021-02-18","28","29","24",
"USW00094789","JFK INTERNATIONAL AIRPORT, NY US","2021-02-19","30","33","28",
"USW00094789","JFK INTERNATIONAL AIRPORT, NY US","2021-02-20","31","34","27",
"USW00094789","JFK INTERNATIONAL AIRPORT, NY US","2021-02-21","29","36","23",
"USW00094789","JFK INTERNATIONAL AIRPORT, NY US","2021-02-22","33","38","29",
"USW00094789","JFK INTERNATIONAL AIRPORT, NY US","2021-02-23","37","45","34",
"USW00094789","JFK INTERNATIONAL AIRPORT, NY US","2021-02-24","41","49","32",
"USW00094789","JFK INTERNATIONAL AIRPORT, NY US","2021-02-25","45","50","34",
"USW00094789","JFK INTERNATIONAL AIRPORT, NY US","2021-02-26","39","45","32",
"USW00094789","JFK INTERNATIONAL AIRPORT, NY US","2021-02-27","43","52","39",
"USW00094789","JFK INTERNATIONAL AIRPORT, NY US","2021-02-28","42","47","37",
"USW00094789","JFK INTERNATIONAL AIRPORT, NY US","2021-03-01","44","49","33",
"USW00094789","JFK INTERNATIONAL AIRPORT, NY US","2021-03-02","31","35","22",
"USW00094789","JFK INTERNATIONAL AIRPORT, NY US","2021-03-03","38","53","29",
"USW00094789","JFK INTERNATIONAL AIRPORT, NY US","2021-03-04","42","45","27",
"USW00094789","JFK INTERNATIONAL AIRPORT, NY US","2021-03-05","31","38","24",
"USW00094789","JFK INTERNATIONAL AIRPORT, NY US","2021-03-06","34","37","27",
"USW00094789","JFK INTERNATIONAL AIRPORT, NY US","2021-03-07","33","42","28",
"USW00094789","JFK INTERNATIONAL AIRPORT, NY US","2021-03-08","34","44","24",
"USW00094789","JFK INTERNATIONAL AIRPORT, NY US","2021-03-09","47","66","35",
"USW00094789","JFK INTERNATIONAL AIRPORT, NY US","2021-03-10","45","51","33",
"USW00094789","JFK INTERNATIONAL AIRPORT, NY US","2021-03-11","47","57","42",
"USW00094789","JFK INTERNATIONAL AIRPORT, NY US","2021-03-12","57","70","45",
"USW00094789","JFK INTERNATIONAL AIRPORT, NY US","2021-03-13","46","53","33",
"USW00094789","JFK INTERNATIONAL AIRPORT, NY US","2021-03-14","46","55","30",
"USW00094789","JFK INTERNATIONAL AIRPORT, NY US","2021-03-15","32","39","24",
"USW00094789","JFK INTERNATIONAL AIRPORT, NY US","2021-03-16","31","37","27",
"USW00094789","JFK INTERNATIONAL AIRPORT, NY US","2021-03-17","38","47","34",
"USW00094789","JFK INTERNATIONAL AIRPORT, NY US","2021-03-18","44","46","42",
"USW00094789","JFK INTERNATIONAL AIRPORT, NY US","2021-03-19","39","43","32",
"USW00094789","JFK INTERNATIONAL AIRPORT, NY US","2021-03-20","40","52","31",
"USW00094789","JFK INTERNATIONAL AIRPORT, NY US","2021-03-21","44","58","33",
"USW00094789","JFK INTERNATIONAL AIRPORT, NY US","2021-03-22","45","57","34",
"USW00094789","JFK INTERNATIONAL AIRPORT, NY US","2021-03-23","49","62","42",
"USW00094789","JFK INTERNATIONAL AIRPORT, NY US","2021-03-24","51","58","44",
"USW00094789","JFK INTERNATIONAL AIRPORT, NY US","2021-03-25","53","64","49",
"USW00094789","JFK INTERNATIONAL AIRPORT, NY US","2021-03-26","57","81","49",
"USW00094789","JFK INTERNATIONAL AIRPORT, NY US","2021-03-27","57","65","48",
"USW00094789","JFK INTERNATIONAL AIRPORT, NY US","2021-03-28","51","59","47",
"USW00094789","JFK INTERNATIONAL AIRPORT, NY US","2021-03-29","51","56","41",
"USW00094789","JFK INTERNATIONAL AIRPORT, NY US","2021-03-30","47","56","34",
"USW00094789","JFK INTERNATIONAL AIRPORT, NY US","2021-03-31","51","59","48",
"USW00094789","JFK INTERNATIONAL AIRPORT, NY US","2021-04-01","49","57","38",
"USW00094789","JFK INTERNATIONAL AIRPORT, NY US","2021-04-02","36","38","29",
"USW00094789","JFK INTERNATIONAL AIRPORT, NY US","2021-04-03","39","52","31",
"USW00094789","JFK INTERNATIONAL AIRPORT, NY US","2021-04-04","48","57","39",
"USW00094789","JFK INTERNATIONAL AIRPORT, NY US","2021-04-05","56","70","47",
"USW00094789","JFK INTERNATIONAL AIRPORT, NY US","2021-04-06","58","70","46",
"USW00094789","JFK INTERNATIONAL AIRPORT, NY US","2021-04-07","57","67","46",
"USW00094789","JFK INTERNATIONAL AIRPORT, NY US","2021-04-08","53","63","44",
"USW00094789","JFK INTERNATIONAL AIRPORT, NY US","2021-04-09","48","51","44",
"USW00094789","JFK INTERNATIONAL AIRPORT, NY US","2021-04-10","53","62","48",
"USW00094789","JFK INTERNATIONAL AIRPORT, NY US","2021-04-11","54","60","48",
"USW00094789","JFK INTERNATIONAL AIRPORT, NY US","2021-04-12","48","52","45",
"USW00094789","JFK INTERNATIONAL AIRPORT, NY US","2021-04-13","51","64","43",
"USW00094789","JFK INTERNATIONAL AIRPORT, NY US","2021-04-14","54","64","45",
"USW00094789","JFK INTERNATIONAL AIRPORT, NY US","2021-04-15","53","56","45",
"USW00094789","JFK INTERNATIONAL AIRPORT, NY US","2021-04-16","47","53","39",
"USW00094789","JFK INTERNATIONAL AIRPORT, NY US","2021-04-17","48","57","43",
"USW00094789","JFK INTERNATIONAL AIRPORT, NY US","2021-04-18","53","61","47",
"USW00094789","JFK INTERNATIONAL AIRPORT, NY US","2021-04-19","54","63","45",
"USW00094789","JFK INTERNATIONAL AIRPORT, NY US","2021-04-20","56","67","45",
"USW00094789","JFK INTERNATIONAL AIRPORT, NY US","2021-04-21","54","60","39",
"USW00094789","JFK INTERNATIONAL AIRPORT, NY US","2021-04-22","42","50","36",
"USW00094789","JFK INTERNATIONAL AIRPORT, NY US","2021-04-23","49","64","39",
"USW00094789","JFK INTERNATIONAL AIRPORT, NY US","2021-04-24","56","68","44",
"USW00094789","JFK INTERNATIONAL AIRPORT, NY US","2021-04-25","54","64","49",
"USW00094789","JFK INTERNATIONAL AIRPORT, NY US","2021-04-26","53","61","41",
"USW00094789","JFK INTERNATIONAL AIRPORT, NY US","2021-04-27","53","57","45",
"USW00094789","JFK INTERNATIONAL AIRPORT, NY US","2021-04-28","58","73","50",
"USW00094789","JFK INTERNATIONAL AIRPORT, NY US","2021-04-29","60","66","54",
"USW00094789","JFK INTERNATIONAL AIRPORT, NY US","2021-04-30","64","69","46",
"USW00094789","JFK INTERNATIONAL AIRPORT, NY US","2021-05-01","53","65","42",
"USW00094789","JFK INTERNATIONAL AIRPORT, NY US","2021-05-02","61","79","52",
"USW00094789","JFK INTERNATIONAL AIRPORT, NY US","2021-05-03","63","67","54",
"USW00094789","JFK INTERNATIONAL AIRPORT, NY US","2021-05-04","58","71","51",
"USW00094789","JFK INTERNATIONAL AIRPORT, NY US","2021-05-05","54","59","51",
"USW00094789","JFK INTERNATIONAL AIRPORT, NY US","2021-05-06","58","67","50",
"USW00094789","JFK INTERNATIONAL AIRPORT, NY US","2021-05-07","55","62","48",
"USW00094789","JFK INTERNATIONAL AIRPORT, NY US","2021-05-08","51","55","49",
"USW00094789","JFK INTERNATIONAL AIRPORT, NY US","2021-05-09","52","62","45",
"USW00094789","JFK INTERNATIONAL AIRPORT, NY US","2021-05-10","52","61","47",
"USW00094789","JFK INTERNATIONAL AIRPORT, NY US","2021-05-11","57","67","50",
"USW00094789","JFK INTERNATIONAL AIRPORT, NY US","2021-05-12","57","70","47",
"USW00094789","JFK INTERNATIONAL AIRPORT, NY US","2021-05-13","59","68","48",
"USW00094789","JFK INTERNATIONAL AIRPORT, NY US","2021-05-14","61","73","50",
"USW00094789","JFK INTERNATIONAL AIRPORT, NY US","2021-05-15","62","75","49",
"USW00094789","JFK INTERNATIONAL AIRPORT, NY US","2021-05-16","62","70","53",
"USW00094789","JFK INTERNATIONAL AIRPORT, NY US","2021-05-17","62","73","49",
"USW00094789","JFK INTERNATIONAL AIRPORT, NY US","2021-05-18","65","79","55",
"USW00094789","JFK INTERNATIONAL AIRPORT, NY US","2021-05-19","72","86","59",
"USW00094789","JFK INTERNATIONAL AIRPORT, NY US","2021-05-20","64","72","55",
"USW00094789","JFK INTERNATIONAL AIRPORT, NY US","2021-05-21","61","75","53",
"USW00094789","JFK INTERNATIONAL AIRPORT, NY US","2021-05-22","73","94","58",
"USW00094789","JFK INTERNATIONAL AIRPORT, NY US","2021-05-23","82","92","68",
"USW00094789","JFK INTERNATIONAL AIRPORT, NY US","2021-05-24","66","68","58",
"USW00094789","JFK INTERNATIONAL AIRPORT, NY US","2021-05-25","61","68","56",
"USW00094789","JFK INTERNATIONAL AIRPORT, NY US","2021-05-26","66","75","60",
"USW00094789","JFK INTERNATIONAL AIRPORT, NY US","2021-05-27","75","85","65",
"USW00094789","JFK INTERNATIONAL AIRPORT, NY US","2021-05-28","64","70","49",
"USW00094789","JFK INTERNATIONAL AIRPORT, NY US","2021-05-29","49","52","48",
"USW00094789","JFK INTERNATIONAL AIRPORT, NY US","2021-05-30","49","52","47",
"USW00094789","JFK INTERNATIONAL AIRPORT, NY US","2021-05-31","56","71","49",
"USW00094789","JFK INTERNATIONAL AIRPORT, NY US","2021-06-01","62","76","52",
"USW00094789","JFK INTERNATIONAL AIRPORT, NY US","2021-06-02","63","70","56",
"USW00094789","JFK INTERNATIONAL AIRPORT, NY US","2021-06-03","62","71","59",
"USW00094789","JFK INTERNATIONAL AIRPORT, NY US","2021-06-04","65","75","61",
"USW00094789","JFK INTERNATIONAL AIRPORT, NY US","2021-06-05","72","87","62",
"USW00094789","JFK INTERNATIONAL AIRPORT, NY US","2021-06-06","78","87","68",
"USW00094789","JFK INTERNATIONAL AIRPORT, NY US","2021-06-07","73","81","66",
"USW00094789","JFK INTERNATIONAL AIRPORT, NY US","2021-06-08","72","85","66",
"USW00094789","JFK INTERNATIONAL AIRPORT, NY US","2021-06-09","78","91","70",
"USW00094789","JFK INTERNATIONAL AIRPORT, NY US","2021-06-10","76","81","62",
"USW00094789","JFK INTERNATIONAL AIRPORT, NY US","2021-06-11","65","71","61",
"USW00094789","JFK INTERNATIONAL AIRPORT, NY US","2021-06-12","66","69","59",
"USW00094789","JFK INTERNATIONAL AIRPORT, NY US","2021-06-13","65","72","58",
"USW00094789","JFK INTERNATIONAL AIRPORT, NY US","2021-06-14","66","71","63",
"USW00094789","JFK INTERNATIONAL AIRPORT, NY US","2021-06-15","72","83","66",
"USW00094789","JFK INTERNATIONAL AIRPORT, NY US","2021-06-16","71","78","63",
"USW00094789","JFK INTERNATIONAL AIRPORT, NY US","2021-06-17","69","77","57",
"USW00094789","JFK INTERNATIONAL AIRPORT, NY US","2021-06-18","69","79","59",
"USW00094789","JFK INTERNATIONAL AIRPORT, NY US","2021-06-19","74","89","65",
"USW00094789","JFK INTERNATIONAL AIRPORT, NY US","2021-06-20","73","83","64",
"USW00094789","JFK INTERNATIONAL AIRPORT, NY US","2021-06-21","74","81","68",
"USW00094789","JFK INTERNATIONAL AIRPORT, NY US","2021-06-22","71","81","59",
"USW00094789","JFK INTERNATIONAL AIRPORT, NY US","2021-06-23","65","76","56",
"USW00094789","JFK INTERNATIONAL AIRPORT, NY US","2021-06-24","67","75","57",
"USW00094789","JFK INTERNATIONAL AIRPORT, NY US","2021-06-25","68","75","63",
"USW00094789","JFK INTERNATIONAL AIRPORT, NY US","2021-06-26","72","80","67",
"USW00094789","JFK INTERNATIONAL AIRPORT, NY US","2021-06-27","75","82","69",
"USW00094789","JFK INTERNATIONAL AIRPORT, NY US","2021-06-28","77","87","70",
"USW00094789","JFK INTERNATIONAL AIRPORT, NY US","2021-06-29","80","90","72",
"USW00094789","JFK INTERNATIONAL AIRPORT, NY US","2021-06-30","81","91","73",
"USW00094789","JFK INTERNATIONAL AIRPORT, NY US","2021-07-01","77","88","71",
"USW00094789","JFK INTERNATIONAL AIRPORT, NY US","2021-07-02","73","77","64",
"USW00094789","JFK INTERNATIONAL AIRPORT, NY US","2021-07-03","64","67","60",
"USW00094789","JFK INTERNATIONAL AIRPORT, NY US","2021-07-04","67","77","59",
"USW00094789","JFK INTERNATIONAL AIRPORT, NY US","2021-07-05","73","81","65",
"USW00094789","JFK INTERNATIONAL AIRPORT, NY US","2021-07-06","78","87","71",
"USW00094789","JFK INTERNATIONAL AIRPORT, NY US","2021-07-07","78","89","71",
"USW00094789","JFK INTERNATIONAL AIRPORT, NY US","2021-07-08","77","81","73",
"USW00094789","JFK INTERNATIONAL AIRPORT, NY US","2021-07-09","76","86","71",
"USW00094789","JFK INTERNATIONAL AIRPORT, NY US","2021-07-10","75","80","71",
"USW00094789","JFK INTERNATIONAL AIRPORT, NY US","2021-07-11","73","79","70",
"USW00094789","JFK INTERNATIONAL AIRPORT, NY US","2021-07-12","77","86","71",
"USW00094789","JFK INTERNATIONAL AIRPORT, NY US","2021-07-13","72","77","68",
"USW00094789","JFK INTERNATIONAL AIRPORT, NY US","2021-07-14","75","86","70",
"USW00094789","JFK INTERNATIONAL AIRPORT, NY US","2021-07-15","79","87","72",
"USW00094789","JFK INTERNATIONAL AIRPORT, NY US","2021-07-16","81","89","74",
"USW00094789","JFK INTERNATIONAL AIRPORT, NY US","2021-07-17","81","87","72",
"USW00094789","JFK INTERNATIONAL AIRPORT, NY US","2021-07-18","78","85","73",
"USW00094789","JFK INTERNATIONAL AIRPORT, NY US","2021-07-19","76","82","70",
"USW00094789","JFK INTERNATIONAL AIRPORT, NY US","2021-07-20","78","86","71",
"USW00094789","JFK INTERNATIONAL AIRPORT, NY US","2021-07-21","77","85","68",
"USW00094789","JFK INTERNATIONAL AIRPORT, NY US","2021-07-22","74","83","65",
"USW00094789","JFK INTERNATIONAL AIRPORT, NY US","2021-07-23","76","84","66",
"USW00094789","JFK INTERNATIONAL AIRPORT, NY US","2021-07-24","74","82","65",
"USW00094789","JFK INTERNATIONAL AIRPORT, NY US","2021-07-25","74","80","68",
"USW00094789","JFK INTERNATIONAL AIRPORT, NY US","2021-07-26","79","90","71",
"USW00094789","JFK INTERNATIONAL AIRPORT, NY US","2021-07-27","79","88","69",
"USW00094789","JFK INTERNATIONAL AIRPORT, NY US","2021-07-28","76","83","71",
"USW00094789","JFK INTERNATIONAL AIRPORT, NY US","2021-07-29","74","78","71",
"USW00094789","JFK INTERNATIONAL AIRPORT, NY US","2021-07-30","76","86","66",
"USW00094789","JFK INTERNATIONAL AIRPORT, NY US","2021-07-31","70","76","59",
"USW00094789","JFK INTERNATIONAL AIRPORT, NY US","2021-08-01","71","77","65",
"USW00094789","JFK INTERNATIONAL AIRPORT, NY US","2021-08-02","72","82","62",
"USW00094789","JFK INTERNATIONAL AIRPORT, NY US","2021-08-03","72","80","65",
"USW00094789","JFK INTERNATIONAL AIRPORT, NY US","2021-08-04","71","76","66",
"USW00094789","JFK INTERNATIONAL AIRPORT, NY US","2021-08-05","72","81","68",
"USW00094789","JFK INTERNATIONAL AIRPORT, NY US","2021-08-06","75","84","67",
"USW00094789","JFK INTERNATIONAL AIRPORT, NY US","2021-08-07","76","83","69",
"USW00094789","JFK INTERNATIONAL AIRPORT, NY US","2021-08-08","71","74","66",
"USW00094789","JFK INTERNATIONAL AIRPORT, NY US","2021-08-09","72","78","70",
"USW00094789","JFK INTERNATIONAL AIRPORT, NY US","2021-08-10","74","81","70",
"USW00094789","JFK INTERNATIONAL AIRPORT, NY US","2021-08-11","78","85","73",
"USW00094789","JFK INTERNATIONAL AIRPORT, NY US","2021-08-12","81","89","75",
"USW00094789","JFK INTERNATIONAL AIRPORT, NY US","2021-08-13","84","91","77",
"USW00094789","JFK INTERNATIONAL AIRPORT, NY US","2021-08-14","83","91","76",
"USW00094789","JFK INTERNATIONAL AIRPORT, NY US","2021-08-15","77","82","70",
"USW00094789","JFK INTERNATIONAL AIRPORT, NY US","2021-08-16","74","81","68",
"USW00094789","JFK INTERNATIONAL AIRPORT, NY US","2021-08-17","75","81","71",
"USW00094789","JFK INTERNATIONAL AIRPORT, NY US","2021-08-18","76","83","72",
"USW00094789","JFK INTERNATIONAL AIRPORT, NY US","2021-08-19","80","88","77",
"USW00094789","JFK INTERNATIONAL AIRPORT, NY US","2021-08-20","80","83","74",
"USW00094789","JFK INTERNATIONAL AIRPORT, NY US","2021-08-21","76","82","71",
"USW00094789","JFK INTERNATIONAL AIRPORT, NY US","2021-08-22","74","76","72",
"USW00094789","JFK INTERNATIONAL AIRPORT, NY US","2021-08-23","76","87","72",
"USW00094789","JFK INTERNATIONAL AIRPORT, NY US","2021-08-24","81","91","71",
"USW00094789","JFK INTERNATIONAL AIRPORT, NY US","2021-08-25","80","89","71",
"USW00094789","JFK INTERNATIONAL AIRPORT, NY US","2021-08-26","81","89","74",
"USW00094789","JFK INTERNATIONAL AIRPORT, NY US","2021-08-27","82","93","76",
"USW00094789","JFK INTERNATIONAL AIRPORT, NY US","2021-08-28","74","80","65",
"USW00094789","JFK INTERNATIONAL AIRPORT, NY US","2021-08-29","70","77","67",
"USW00094789","JFK INTERNATIONAL AIRPORT, NY US","2021-08-30","75","83","72",
"USW00094789","JFK INTERNATIONAL AIRPORT, NY US","2021-08-31","79","87","73",
"USW00094789","JFK INTERNATIONAL AIRPORT, NY US","2021-09-01","74","78","64",
"USW00094789","JFK INTERNATIONAL AIRPORT, NY US","2021-09-02","70","78","61",
"USW00094789","JFK INTERNATIONAL AIRPORT, NY US","2021-09-03","67","77","58",
"USW00094789","JFK INTERNATIONAL AIRPORT, NY US","2021-09-04","69","78","61",
"USW00094789","JFK INTERNATIONAL AIRPORT, NY US","2021-09-05","70","74","65",
"USW00094789","JFK INTERNATIONAL AIRPORT, NY US","2021-09-06","75","84","69",
"USW00094789","JFK INTERNATIONAL AIRPORT, NY US","2021-09-07","73","80","63",
"USW00094789","JFK INTERNATIONAL AIRPORT, NY US","2021-09-08","74","80","68",
"USW00094789","JFK INTERNATIONAL AIRPORT, NY US","2021-09-09","72","74","69",
"USW00094789","JFK INTERNATIONAL AIRPORT, NY US","2021-09-10","70","76","63",
"USW00094789","JFK INTERNATIONAL AIRPORT, NY US","2021-09-11","69","76","58",
"USW00094789","JFK INTERNATIONAL AIRPORT, NY US","2021-09-12","73","82","67",
"USW00094789","JFK INTERNATIONAL AIRPORT, NY US","2021-09-13","78","87","68",
"USW00094789","JFK INTERNATIONAL AIRPORT, NY US","2021-09-14","73","78","67",
"USW00094789","JFK INTERNATIONAL AIRPORT, NY US","2021-09-15","75","81","71",
"USW00094789","JFK INTERNATIONAL AIRPORT, NY US","2021-09-16","74","80","70",
"USW00094789","JFK INTERNATIONAL AIRPORT, NY US","2021-09-17","73","78","70",
"USW00094789","JFK INTERNATIONAL AIRPORT, NY US","2021-09-18","76","86","68",
"USW00094789","JFK INTERNATIONAL AIRPORT, NY US","2021-09-19","73","79","64",
"USW00094789","JFK INTERNATIONAL AIRPORT, NY US","2021-09-20","68","76","60",
"USW00094789","JFK INTERNATIONAL AIRPORT, NY US","2021-09-21","68","77","58",
"USW00094789","JFK INTERNATIONAL AIRPORT, NY US","2021-09-22","74","80","71",
"USW00094789","JFK INTERNATIONAL AIRPORT, NY US","2021-09-23","76","81","64",
"USW00094789","JFK INTERNATIONAL AIRPORT, NY US","2021-09-24","67","74","58",
"USW00094789","JFK INTERNATIONAL AIRPORT, NY US","2021-09-25","67","76","57",
"USW00094789","JFK INTERNATIONAL AIRPORT, NY US","2021-09-26","68","74","62",
"USW00094789","JFK INTERNATIONAL AIRPORT, NY US","2021-09-27","69","80","61",
"USW00094789","JFK INTERNATIONAL AIRPORT, NY US","2021-09-28","69","76","62",
"USW00094789","JFK INTERNATIONAL AIRPORT, NY US","2021-09-29","64","72","54",
"USW00094789","JFK INTERNATIONAL AIRPORT, NY US","2021-09-30","62","67","54",
"USW00094789","JFK INTERNATIONAL AIRPORT, NY US","2021-10-01","60","70","50",
"USW00094789","JFK INTERNATIONAL AIRPORT, NY US","2021-10-02","64","75","54",
"USW00094789","JFK INTERNATIONAL AIRPORT, NY US","2021-10-03","67","77","59",
"USW00094789","JFK INTERNATIONAL AIRPORT, NY US","2021-10-04","69","73","62",
"USW00094789","JFK INTERNATIONAL AIRPORT, NY US","2021-10-05","63","66","60",
"USW00094789","JFK INTERNATIONAL AIRPORT, NY US","2021-10-06","65","72","60",
"USW00094789","JFK INTERNATIONAL AIRPORT, NY US","2021-10-07","67","75","59",
"USW00094789","JFK INTERNATIONAL AIRPORT, NY US","2021-10-08","67","77","60",
"USW00094789","JFK INTERNATIONAL AIRPORT, NY US","2021-10-09","65","72","58",
"USW00094789","JFK INTERNATIONAL AIRPORT, NY US","2021-10-10","65","69","62",
"USW00094789","JFK INTERNATIONAL AIRPORT, NY US","2021-10-11","66","75","60",
"USW00094789","JFK INTERNATIONAL AIRPORT, NY US","2021-10-12","65","72","59",
"USW00094789","JFK INTERNATIONAL AIRPORT, NY US","2021-10-13","64","69","58",
"USW00094789","JFK INTERNATIONAL AIRPORT, NY US","2021-10-14","70","80","62",
"USW00094789","JFK INTERNATIONAL AIRPORT, NY US","2021-10-15","69","77","61",
"USW00094789","JFK INTERNATIONAL AIRPORT, NY US","2021-10-16","70","75","59",
"USW00094789","JFK INTERNATIONAL AIRPORT, NY US","2021-10-17","60","65","53",
"USW00094789","JFK INTERNATIONAL AIRPORT, NY US","2021-10-18","55","64","50",
"USW00094789","JFK INTERNATIONAL AIRPORT, NY US","2021-10-19","56","68","48",
"USW00094789","JFK INTERNATIONAL AIRPORT, NY US","2021-10-20","65","79","58",
"USW00094789","JFK INTERNATIONAL AIRPORT, NY US","2021-10-21","65","73","57",
"USW00094789","JFK INTERNATIONAL AIRPORT, NY US","2021-10-22","65","71","58",
"USW00094789","JFK INTERNATIONAL AIRPORT, NY US","2021-10-23","57","62","50",
"USW00094789","JFK INTERNATIONAL AIRPORT, NY US","2021-10-24","54","62","47",
"USW00094789","JFK INTERNATIONAL AIRPORT, NY US","2021-10-25","65","73","61",
"USW00094789","JFK INTERNATIONAL AIRPORT, NY US","2021-10-26","63","66","56",
"USW00094789","JFK INTERNATIONAL AIRPORT, NY US","2021-10-27","58","61","53",
"USW00094789","JFK INTERNATIONAL AIRPORT, NY US","2021-10-28","54","58","48",
"USW00094789","JFK INTERNATIONAL AIRPORT, NY US","2021-10-29","53","59","47",
"USW00094789","JFK INTERNATIONAL AIRPORT, NY US","2021-10-30","59","66","56",
"USW00094789","JFK INTERNATIONAL AIRPORT, NY US","2021-10-31","60","66","56",
"USW00094789","JFK INTERNATIONAL AIRPORT, NY US","2021-11-01","58","62","50",
"USW00094789","JFK INTERNATIONAL AIRPORT, NY US","2021-11-02","52","56","44",
"USW00094789","JFK INTERNATIONAL AIRPORT, NY US","2021-11-03","47","56","40",
"USW00094789","JFK INTERNATIONAL AIRPORT, NY US","2021-11-04","45","53","38",
"USW00094789","JFK INTERNATIONAL AIRPORT, NY US","2021-11-05","46","53","37",
"USW00094789","JFK INTERNATIONAL AIRPORT, NY US","2021-11-06","45","55","36",
"USW00094789","JFK INTERNATIONAL AIRPORT, NY US","2021-11-07","45","55","37",
"USW00094789","JFK INTERNATIONAL AIRPORT, NY US","2021-11-08","53","66","43",
"USW00094789","JFK INTERNATIONAL AIRPORT, NY US","2021-11-09","55","69","43",
"USW00094789","JFK INTERNATIONAL AIRPORT, NY US","2021-11-10","58","67","46",
"USW00094789","JFK INTERNATIONAL AIRPORT, NY US","2021-11-11","51","62","38",
"USW00094789","JFK INTERNATIONAL AIRPORT, NY US","2021-11-12","62","66","50",
"USW00094789","JFK INTERNATIONAL AIRPORT, NY US","2021-11-13","52","64","39",
"USW00094789","JFK INTERNATIONAL AIRPORT, NY US","2021-11-14","43","48","39",
"USW00094789","JFK INTERNATIONAL AIRPORT, NY US","2021-11-15","44","50","39",
"USW00094789","JFK INTERNATIONAL AIRPORT, NY US","2021-11-16","43","50","37",
"USW00094789","JFK INTERNATIONAL AIRPORT, NY US","2021-11-17","46","57","33",
"USW00094789","JFK INTERNATIONAL AIRPORT, NY US","2021-11-18","56","64","48",
"USW00094789","JFK INTERNATIONAL AIRPORT, NY US","2021-11-19","48","50","39",
"USW00094789","JFK INTERNATIONAL AIRPORT, NY US","2021-11-20","41","48","33",
"USW00094789","JFK INTERNATIONAL AIRPORT, NY US","2021-11-21","48","56","43",
"USW00094789","JFK INTERNATIONAL AIRPORT, NY US","2021-11-22","51","55","36",
"USW00094789","JFK INTERNATIONAL AIRPORT, NY US","2021-11-23","38","44","32",
"USW00094789","JFK INTERNATIONAL AIRPORT, NY US","2021-11-24","37","46","30",
"USW00094789","JFK INTERNATIONAL AIRPORT, NY US","2021-11-25","44","54","33",
"USW00094789","JFK INTERNATIONAL AIRPORT, NY US","2021-11-26","46","49","37",
"USW00094789","JFK INTERNATIONAL AIRPORT, NY US","2021-11-27","38","41","35",
"USW00094789","JFK INTERNATIONAL AIRPORT, NY US","2021-11-28","36","42","33",
"USW00094789","JFK INTERNATIONAL AIRPORT, NY US","2021-11-29","40","45","33",
"USW00094789","JFK INTERNATIONAL AIRPORT, NY US","2021-11-30","36","43","30",
"USW00094789","JFK INTERNATIONAL AIRPORT, NY US","2021-12-01","44","50","40",
"USW00094789","JFK INTERNATIONAL AIRPORT, NY US","2021-12-02","50","56","45",
"USW00094789","JFK INTERNATIONAL AIRPORT, NY US","2021-12-03","48","49","37",
"USW00094789","JFK INTERNATIONAL AIRPORT, NY US","2021-12-04","41","47","36",
"USW00094789","JFK INTERNATIONAL AIRPORT, NY US","2021-12-05","43","51","36",
"USW00094789","JFK INTERNATIONAL AIRPORT, NY US","2021-12-06","52","58","45",
"USW00094789","JFK INTERNATIONAL AIRPORT, NY US","2021-12-07","44","45","37",
"USW00094789","JFK INTERNATIONAL AIRPORT, NY US","2021-12-08","39","42","34",
"USW00094789","JFK INTERNATIONAL AIRPORT, NY US","2021-12-09","36","40","31",
"USW00094789","JFK INTERNATIONAL AIRPORT, NY US","2021-12-10","43","50","38",
"USW00094789","JFK INTERNATIONAL AIRPORT, NY US","2021-12-11","49","59","44",
"USW00094789","JFK INTERNATIONAL AIRPORT, NY US","2021-12-12","49","57","41",
"USW00094789","JFK INTERNATIONAL AIRPORT, NY US","2021-12-13","45","52","40",
"USW00094789","JFK INTERNATIONAL AIRPORT, NY US","2021-12-14","47","54","38",
"USW00094789","JFK INTERNATIONAL AIRPORT, NY US","2021-12-15","44","54","33",
"USW00094789","JFK INTERNATIONAL AIRPORT, NY US","2021-12-16","54","61","50",
"USW00094789","JFK INTERNATIONAL AIRPORT, NY US","2021-12-17","55","61","48",
"USW00094789","JFK INTERNATIONAL AIRPORT, NY US","2021-12-18","45","49","39",
"USW00094789","JFK INTERNATIONAL AIRPORT, NY US","2021-12-19","42","47","29",
"USW00094789","JFK INTERNATIONAL AIRPORT, NY US","2021-12-20","30","36","24",
"USW00094789","JFK INTERNATIONAL AIRPORT, NY US","2021-12-21","36","43","31",
"USW00094789","JFK INTERNATIONAL AIRPORT, NY US","2021-12-22","42","49","34",
"USW00094789","JFK INTERNATIONAL AIRPORT, NY US","2021-12-23","34","38","30",
"USW00094789","JFK INTERNATIONAL AIRPORT, NY US","2021-12-24","34","41","30",
"USW00094789","JFK INTERNATIONAL AIRPORT, NY US","2021-12-25","40","53","33",
"USW00094789","JFK INTERNATIONAL AIRPORT, NY US","2021-12-26","48","53","39",
"USW00094789","JFK INTERNATIONAL AIRPORT, NY US","2021-12-27","37","39","32",
"USW00094789","JFK INTERNATIONAL AIRPORT, NY US","2021-12-28","41","47","37",
"USW00094789","JFK INTERNATIONAL AIRPORT, NY US","2021-12-29","43","45","41",
"USW00094789","JFK INTERNATIONAL AIRPORT, NY US","2021-12-30","45","50","43",
"USW00094789","JFK INTERNATIONAL AIRPORT, NY US","2021-12-31","48","52","46",
"USW00094789","JFK INTERNATIONAL AIRPORT, NY US","2022-01-01","50","53","48",
"USW00094789","JFK INTERNATIONAL AIRPORT, NY US","2022-01-02","53","59","38",
"USW00094789","JFK INTERNATIONAL AIRPORT, NY US","2022-01-03","34","39","22",
"USW00094789","JFK INTERNATIONAL AIRPORT, NY US","2022-01-04","25","33","19",
"USW00094789","JFK INTERNATIONAL AIRPORT, NY US","2022-01-05","36","46","30",
"USW00094789","JFK INTERNATIONAL AIRPORT, NY US","2022-01-06","39","41","34",
"USW00094789","JFK INTERNATIONAL AIRPORT, NY US","2022-01-07","32","35","25",
"USW00094789","JFK INTERNATIONAL AIRPORT, NY US","2022-01-08","25","31","21",
"USW00094789","JFK INTERNATIONAL AIRPORT, NY US","2022-01-09","34","41","29",
"USW00094789","JFK INTERNATIONAL AIRPORT, NY US","2022-01-10","34","41","25",
"USW00094789","JFK INTERNATIONAL AIRPORT, NY US","2022-01-11","21","25","14",
"USW00094789","JFK INTERNATIONAL AIRPORT, NY US","2022-01-12","28","41","15",
"USW00094789","JFK INTERNATIONAL AIRPORT, NY US","2022-01-13","38","49","28",
"USW00094789","JFK INTERNATIONAL AIRPORT, NY US","2022-01-14","40","45","21",
"USW00094789","JFK INTERNATIONAL AIRPORT, NY US","2022-01-15","19","21","11",
"USW00094789","JFK INTERNATIONAL AIRPORT, NY US","2022-01-16","18","42","9",
"USW00094789","JFK INTERNATIONAL AIRPORT, NY US","2022-01-17","40","46","35",
"USW00094789","JFK INTERNATIONAL AIRPORT, NY US","2022-01-18","35","39","24",
"USW00094789","JFK INTERNATIONAL AIRPORT, NY US","2022-01-19","35","50","22",
"USW00094789","JFK INTERNATIONAL AIRPORT, NY US","2022-01-20","39","45","21",
"USW00094789","JFK INTERNATIONAL AIRPORT, NY US","2022-01-21","21","24","14",
"USW00094789","JFK INTERNATIONAL AIRPORT, NY US","2022-01-22","22","32","14",
"USW00094789","JFK INTERNATIONAL AIRPORT, NY US","2022-01-23","29","37","24",
"USW00094789","JFK INTERNATIONAL AIRPORT, NY US","2022-01-24","31","38","28",
"USW00094789","JFK INTERNATIONAL AIRPORT, NY US","2022-01-25","38","44","29",
"USW00094789","JFK INTERNATIONAL AIRPORT, NY US","2022-01-26","27","29","18",
"USW00094789","JFK INTERNATIONAL AIRPORT, NY US","2022-01-27","22","32","13",
"USW00094789","JFK INTERNATIONAL AIRPORT, NY US","2022-01-28","31","35","29",
"USW00094789","JFK INTERNATIONAL AIRPORT, NY US","2022-01-29","23","29","12",
"USW00094789","JFK INTERNATIONAL AIRPORT, NY US","2022-01-30","17","25","12",
"USW00094789","JFK INTERNATIONAL AIRPORT, NY US","2022-01-31","24","32","16",
"USW00094789","JFK INTERNATIONAL AIRPORT, NY US","2022-02-01","27","38","18",
"USW00094789","JFK INTERNATIONAL AIRPORT, NY US","2022-02-02","35","45","28",
"USW00094789","JFK INTERNATIONAL AIRPORT, NY US","2022-02-03","40","46","37",
"USW00094789","JFK INTERNATIONAL AIRPORT, NY US","2022-02-04","42","49","27",
"USW00094789","JFK INTERNATIONAL AIRPORT, NY US","2022-02-05","27","30","19",
"USW00094789","JFK INTERNATIONAL AIRPORT, NY US","2022-02-06","22","31","15",
"USW00094789","JFK INTERNATIONAL AIRPORT, NY US","2022-02-07","33","39","30",
"USW00094789","JFK INTERNATIONAL AIRPORT, NY US","2022-02-08","39","48","32",
"USW00094789","JFK INTERNATIONAL AIRPORT, NY US","2022-02-09","34","41","24",
"USW00094789","JFK INTERNATIONAL AIRPORT, NY US","2022-02-10","41","56","30",
"USW00094789","JFK INTERNATIONAL AIRPORT, NY US","2022-02-11","44","52","34",
"USW00094789","JFK INTERNATIONAL AIRPORT, NY US","2022-02-12","49","61","39",
"USW00094789","JFK INTERNATIONAL AIRPORT, NY US","2022-02-13","37","43","25",
"USW00094789","JFK INTERNATIONAL AIRPORT, NY US","2022-02-14","23","25","17",
"USW00094789","JFK INTERNATIONAL AIRPORT, NY US","2022-02-15","22","30","17",
"USW00094789","JFK INTERNATIONAL AIRPORT, NY US","2022-02-16","33","43","22",
"USW00094789","JFK INTERNATIONAL AIRPORT, NY US","2022-02-17","46","54","41",
"USW00094789","JFK INTERNATIONAL AIRPORT, NY US","2022-02-18","47","58","27",
"USW00094789","JFK INTERNATIONAL AIRPORT, NY US","2022-02-19","31","42","21",
"USW00094789","JFK INTERNATIONAL AIRPORT, NY US","2022-02-20","27","34","21",
"USW00094789","JFK INTERNATIONAL AIRPORT, NY US","2022-02-21","37","48","30",
"USW00094789","JFK INTERNATIONAL AIRPORT, NY US","2022-02-22","42","53","33",
"USW00094789","JFK INTERNATIONAL AIRPORT, NY US","2022-02-23","54","69","35",
"USW00094789","JFK INTERNATIONAL AIRPORT, NY US","2022-02-24","35","35","29",
"USW00094789","JFK INTERNATIONAL AIRPORT, NY US","2022-02-25","34","45","26",
"USW00094789","JFK INTERNATIONAL AIRPORT, NY US","2022-02-26","30","38","24",
"USW00094789","JFK INTERNATIONAL AIRPORT, NY US","2022-02-27","36","48","29",
"USW00094789","JFK INTERNATIONAL AIRPORT, NY US","2022-02-28","34","37","27",
"USW00094789","JFK INTERNATIONAL AIRPORT, NY US","2022-03-01","35","45","28",
"USW00094789","JFK INTERNATIONAL AIRPORT, NY US","2022-03-02","44","52","38",
"USW00094789","JFK INTERNATIONAL AIRPORT, NY US","2022-03-03","42","45","25",
"USW00094789","JFK INTERNATIONAL AIRPORT, NY US","2022-03-04","27","36","19",
"USW00094789","JFK INTERNATIONAL AIRPORT, NY US","2022-03-05","35","45","27",
"USW00094789","JFK INTERNATIONAL AIRPORT, NY US","2022-03-06","47","62","44",
"USW00094789","JFK INTERNATIONAL AIRPORT, NY US","2022-03-07","53","61","48",
"USW00094789","JFK INTERNATIONAL AIRPORT, NY US","2022-03-08","47","53","37",
"USW00094789","JFK INTERNATIONAL AIRPORT, NY US","2022-03-09","37","40","33",
"USW00094789","JFK INTERNATIONAL AIRPORT, NY US","2022-03-10","38","50","30",
"USW00094789","JFK INTERNATIONAL AIRPORT, NY US","2022-03-11","41","50","30",
"USW00094789","JFK INTERNATIONAL AIRPORT, NY US","2022-03-12","40","46","24",
"USW00094789","JFK INTERNATIONAL AIRPORT, NY US","2022-03-13","28","35","22",
"USW00094789","JFK INTERNATIONAL AIRPORT, NY US","2022-03-14","41","55","33",
"USW00094789","JFK INTERNATIONAL AIRPORT, NY US","2022-03-15","47","58","38",
"USW00094789","JFK INTERNATIONAL AIRPORT, NY US","2022-03-16","52","62","41",
"USW00094789","JFK INTERNATIONAL AIRPORT, NY US","2022-03-17","49","55","45",
"USW00094789","JFK INTERNATIONAL AIRPORT, NY US","2022-03-18","54","63","46",
"USW00094789","JFK INTERNATIONAL AIRPORT, NY US","2022-03-19","52","60","46",
"USW00094789","JFK INTERNATIONAL AIRPORT, NY US","2022-03-20","56","62","46",
"USW00094789","JFK INTERNATIONAL AIRPORT, NY US","2022-03-21","52","63","45",
"USW00094789","JFK INTERNATIONAL AIRPORT, NY US","2022-03-22","53","60","46",
"USW00094789","JFK INTERNATIONAL AIRPORT, NY US","2022-03-23","44","47","39",
"USW00094789","JFK INTERNATIONAL AIRPORT, NY US","2022-03-24","44","47","41",
"USW00094789","JFK INTERNATIONAL AIRPORT, NY US","2022-03-25","49","57","44",
"USW00094789","JFK INTERNATIONAL AIRPORT, NY US","2022-03-26","50","54","42",
"USW00094789","JFK INTERNATIONAL AIRPORT, NY US","2022-03-27","43","47","29",
"USW00094789","JFK INTERNATIONAL AIRPORT, NY US","2022-03-28","30","34","23",
"USW00094789","JFK INTERNATIONAL AIRPORT, NY US","2022-03-29","30","38","24",
"USW00094789","JFK INTERNATIONAL AIRPORT, NY US","2022-03-30","35","44","27",
"USW00094789","JFK INTERNATIONAL AIRPORT, NY US","2022-03-31","49","57","44",
"USW00094789","JFK INTERNATIONAL AIRPORT, NY US","2022-04-01","54","59","43",
"USW00094789","JFK INTERNATIONAL AIRPORT, NY US","2022-04-02","45","52","39",
"USW00094789","JFK INTERNATIONAL AIRPORT, NY US","2022-04-03","43","46","38",
"USW00094789","JFK INTERNATIONAL AIRPORT, NY US","2022-04-04","46","55","39",
"USW00094789","JFK INTERNATIONAL AIRPORT, NY US","2022-04-05","47","53","38",
"USW00094789","JFK INTERNATIONAL AIRPORT, NY US","2022-04-06","49","54","47",
"USW00094789","JFK INTERNATIONAL AIRPORT, NY US","2022-04-07","48","52","45",
"USW00094789","JFK INTERNATIONAL AIRPORT, NY US","2022-04-08","53","63","48",
"USW00094789","JFK INTERNATIONAL AIRPORT, NY US","2022-04-09","51","57","47",
"USW00094789","JFK INTERNATIONAL AIRPORT, NY US","2022-04-10","48","52","43",
"USW00094789","JFK INTERNATIONAL AIRPORT, NY US","2022-04-11","47","56","39",
"USW00094789","JFK INTERNATIONAL AIRPORT, NY US","2022-04-12","54","72","47",
"USW00094789","JFK INTERNATIONAL AIRPORT, NY US","2022-04-13","55","65","46",
"USW00094789","JFK INTERNATIONAL AIRPORT, NY US","2022-04-14","60","70","53",
"USW00094789","JFK INTERNATIONAL AIRPORT, NY US","2022-04-15","59","67","46",
"USW00094789","JFK INTERNATIONAL AIRPORT, NY US","2022-04-16","54","62","45",
"USW00094789","JFK INTERNATIONAL AIRPORT, NY US","2022-04-17","47","52","40",
"USW00094789","JFK INTERNATIONAL AIRPORT, NY US","2022-04-18","44","52","37",
"USW00094789","JFK INTERNATIONAL AIRPORT, NY US","2022-04-19","46","52","40",
"USW00094789","JFK INTERNATIONAL AIRPORT, NY US","2022-04-20","48","60","41",
"USW00094789","JFK INTERNATIONAL AIRPORT, NY US","2022-04-21","48","56","40",
"USW00094789","JFK INTERNATIONAL AIRPORT, NY US","2022-04-22","57","70","45",
"USW00094789","JFK INTERNATIONAL AIRPORT, NY US","2022-04-23","55","59","48",
"USW00094789","JFK INTERNATIONAL AIRPORT, NY US","2022-04-24","52","60","45",
"USW00094789","JFK INTERNATIONAL AIRPORT, NY US","2022-04-25","49","55","44",
"USW00094789","JFK INTERNATIONAL AIRPORT, NY US","2022-04-26","54","60","51",
"USW00094789","JFK INTERNATIONAL AIRPORT, NY US","2022-04-27","53","58","41",
"USW00094789","JFK INTERNATIONAL AIRPORT, NY US","2022-04-28","47","58","40",
"USW00094789","JFK INTERNATIONAL AIRPORT, NY US","2022-04-29","51","63","42",
"USW00094789","JFK INTERNATIONAL AIRPORT, NY US","2022-04-30","54","66","44",
"USW00094789","JFK INTERNATIONAL AIRPORT, NY US","2022-05-01","53","63","42",
"USW00094789","JFK INTERNATIONAL AIRPORT, NY US","2022-05-02","54","55","50",
"USW00094789","JFK INTERNATIONAL AIRPORT, NY US","2022-05-03","54","62","49",
"USW00094789","JFK INTERNATIONAL AIRPORT, NY US","2022-05-04","53","66","49",
"USW00094789","JFK INTERNATIONAL AIRPORT, NY US","2022-05-05","60","70","54",
"USW00094789","JFK INTERNATIONAL AIRPORT, NY US","2022-05-06","55","58","48",
"USW00094789","JFK INTERNATIONAL AIRPORT, NY US","2022-05-07","49","51","44",
"USW00094789","JFK INTERNATIONAL AIRPORT, NY US","2022-05-08","50","58","44",
"USW00094789","JFK INTERNATIONAL AIRPORT, NY US","2022-05-09","56","70","45",
"USW00094789","JFK INTERNATIONAL AIRPORT, NY US","2022-05-10","60","73","50",
"USW00094789","JFK INTERNATIONAL AIRPORT, NY US","2022-05-11","60","74","53",
"USW00094789","JFK INTERNATIONAL AIRPORT, NY US","2022-05-12","61","71","53",
"USW00094789","JFK INTERNATIONAL AIRPORT, NY US","2022-05-13","62","75","57",
"USW00094789","JFK INTERNATIONAL AIRPORT, NY US","2022-05-14","62","70","57",
"USW00094789","JFK INTERNATIONAL AIRPORT, NY US","2022-05-15","62","73","55",
"USW00094789","JFK INTERNATIONAL AIRPORT, NY US","2022-05-16","63","69","59",
"USW00094789","JFK INTERNATIONAL AIRPORT, NY US","2022-05-17","67","79","57",
"USW00094789","JFK INTERNATIONAL AIRPORT, NY US","2022-05-18","63","70","56",
"USW00094789","JFK INTERNATIONAL AIRPORT, NY US","2022-05-19","57","63","54",
"USW00094789","JFK INTERNATIONAL AIRPORT, NY US","2022-05-20","58","69","52",
"USW00094789","JFK INTERNATIONAL AIRPORT, NY US","2022-05-21","68","87","59",
"USW00094789","JFK INTERNATIONAL AIRPORT, NY US","2022-05-22","73","84","65",
"USW00094789","JFK INTERNATIONAL AIRPORT, NY US","2022-05-23","70","75","61",
"USW00094789","JFK INTERNATIONAL AIRPORT, NY US","2022-05-24","62","68","54",
"USW00094789","JFK INTERNATIONAL AIRPORT, NY US","2022-05-25","58","65","51",
"USW00094789","JFK INTERNATIONAL AIRPORT, NY US","2022-05-26","59","67","52",
"USW00094789","JFK INTERNATIONAL AIRPORT, NY US","2022-05-27","65","73","62",
"USW00094789","JFK INTERNATIONAL AIRPORT, NY US","2022-05-28","67","75","62",
"USW00094789","JFK INTERNATIONAL AIRPORT, NY US","2022-05-29","69","74","61",
"USW00094789","JFK INTERNATIONAL AIRPORT, NY US","2022-05-30","69","80","60",
"USW00094789","JFK INTERNATIONAL AIRPORT, NY US","2022-05-31","79","94","63",
"USW00094789","JFK INTERNATIONAL AIRPORT, NY US","2022-06-01","64","67","59",
"USW00094789","JFK INTERNATIONAL AIRPORT, NY US","2022-06-02","66","75","60",
"USW00094789","JFK INTERNATIONAL AIRPORT, NY US","2022-06-03","66","69","61",
"USW00094789","JFK INTERNATIONAL AIRPORT, NY US","2022-06-04","67","75","57",
"USW00094789","JFK INTERNATIONAL AIRPORT, NY US","2022-06-05","66","74","56",
"USW00094789","JFK INTERNATIONAL AIRPORT, NY US","2022-06-06","68","77","58",
"USW00094789","JFK INTERNATIONAL AIRPORT, NY US","2022-06-07","68","75","58",
"USW00094789","JFK INTERNATIONAL AIRPORT, NY US","2022-06-08","73","84","67",
"USW00094789","JFK INTERNATIONAL AIRPORT, NY US","2022-06-09","74","84","64",
"USW00094789","JFK INTERNATIONAL AIRPORT, NY US","2022-06-10","71","80","63",
"USW00094789","JFK INTERNATIONAL AIRPORT, NY US","2022-06-11","71","80","65",
"USW00094789","JFK INTERNATIONAL AIRPORT, NY US","2022-06-12","67","72","63",
"USW00094789","JFK INTERNATIONAL AIRPORT, NY US","2022-06-13","72","79","66",
"USW00094789","JFK INTERNATIONAL AIRPORT, NY US","2022-06-14","73","80","66",
"USW00094789","JFK INTERNATIONAL AIRPORT, NY US","2022-06-15","72","79","66",
"USW00094789","JFK INTERNATIONAL AIRPORT, NY US","2022-06-16","68","72","64",
"USW00094789","JFK INTERNATIONAL AIRPORT, NY US","2022-06-17","77","94","67",
"USW00094789","JFK INTERNATIONAL AIRPORT, NY US","2022-06-18","73","78","59",
"USW00094789","JFK INTERNATIONAL AIRPORT, NY US","2022-06-19","64","76","55",
"USW00094789","JFK INTERNATIONAL AIRPORT, NY US","2022-06-20","70","82","58",
"USW00094789","JFK INTERNATIONAL AIRPORT, NY US","2022-06-21","70","78","61",
"USW00094789","JFK INTERNATIONAL AIRPORT, NY US","2022-06-22","65","67","61",
"USW00094789","JFK INTERNATIONAL AIRPORT, NY US","2022-06-23","67","74","60",
"USW00094789","JFK INTERNATIONAL AIRPORT, NY US","2022-06-24","68","76","61",
"USW00094789","JFK INTERNATIONAL AIRPORT, NY US","2022-06-25","76","88","66",
"USW00094789","JFK INTERNATIONAL AIRPORT, NY US","2022-06-26","75","84","68",
"USW00094789","JFK INTERNATIONAL AIRPORT, NY US","2022-06-27","72","77","69",
"USW00094789","JFK INTERNATIONAL AIRPORT, NY US","2022-06-28","72","80","64",
"USW00094789","JFK INTERNATIONAL AIRPORT, NY US","2022-06-29","72","83","64",
"USW00094789","JFK INTERNATIONAL AIRPORT, NY US","2022-06-30","75","84","68",
"USW00094789","JFK INTERNATIONAL AIRPORT, NY US","2022-07-01","76","85","70",
"USW00094789","JFK INTERNATIONAL AIRPORT, NY US","2022-07-02","78","87","73",
"USW00094789","JFK INTERNATIONAL AIRPORT, NY US","2022-07-03","79","88","70",
"USW00094789","JFK INTERNATIONAL AIRPORT, NY US","2022-07-04","76","85","66",
"USW00094789","JFK INTERNATIONAL AIRPORT, NY US","2022-07-05","74","84","68",
"USW00094789","JFK INTERNATIONAL AIRPORT, NY US","2022-07-06","79","89","71",
"USW00094789","JFK INTERNATIONAL AIRPORT, NY US","2022-07-07","77","82","69",
"USW00094789","JFK INTERNATIONAL AIRPORT, NY US","2022-07-08","72","81","65",
"USW00094789","JFK INTERNATIONAL AIRPORT, NY US","2022-07-09","76","86","69",
"USW00094789","JFK INTERNATIONAL AIRPORT, NY US","2022-07-10","73","81","66",
"USW00094789","JFK INTERNATIONAL AIRPORT, NY US","2022-07-11","73","81","65",
"USW00094789","JFK INTERNATIONAL AIRPORT, NY US","2022-07-12","75","83","69",
"USW00094789","JFK INTERNATIONAL AIRPORT, NY US","2022-07-13","81","91","73",
"USW00094789","JFK INTERNATIONAL AIRPORT, NY US","2022-07-14","79","92","72",
"USW00094789","JFK INTERNATIONAL AIRPORT, NY US","2022-07-15","78","84","72",
"USW00094789","JFK INTERNATIONAL AIRPORT, NY US","2022-07-16","76","84","72",
"USW00094789","JFK INTERNATIONAL AIRPORT, NY US","2022-07-17","78","84","72",
"USW00094789","JFK INTERNATIONAL AIRPORT, NY US","2022-07-18","78","84","74",
"USW00094789","JFK INTERNATIONAL AIRPORT, NY US","2022-07-19","82","94","75",
"USW00094789","JFK INTERNATIONAL AIRPORT, NY US","2022-07-20","85","95","76",
"USW00094789","JFK INTERNATIONAL AIRPORT, NY US","2022-07-21","82","91","75",
"USW00094789","JFK INTERNATIONAL AIRPORT, NY US","2022-07-22","87","95","78",
"USW00094789","JFK INTERNATIONAL AIRPORT, NY US","2022-07-23","86","96","77",
"USW00094789","JFK INTERNATIONAL AIRPORT, NY US","2022-07-24","83","96","76",
"USW00094789","JFK INTERNATIONAL AIRPORT, NY US","2022-07-25","80","86","75",
"USW00094789","JFK INTERNATIONAL AIRPORT, NY US","2022-07-26","77","81","72",
"USW00094789","JFK INTERNATIONAL AIRPORT, NY US","2022-07-27","77","85","68",
"USW00094789","JFK INTERNATIONAL AIRPORT, NY US","2022-07-28","77","84","74",
"USW00094789","JFK INTERNATIONAL AIRPORT, NY US","2022-07-29","80","85","76",
"USW00094789","JFK INTERNATIONAL AIRPORT, NY US","2022-07-30","82","91","74",
"USW00094789","JFK INTERNATIONAL AIRPORT, NY US","2022-07-31","78","85","69",
"USW00094789","JFK INTERNATIONAL AIRPORT, NY US","2022-08-01","73","77","68",
"USW00094789","JFK INTERNATIONAL AIRPORT, NY US","2022-08-02","77","89","69",
"USW00094789","JFK INTERNATIONAL AIRPORT, NY US","2022-08-03","82","89","74",
"USW00094789","JFK INTERNATIONAL AIRPORT, NY US","2022-08-04","81","91","72",
"USW00094789","JFK INTERNATIONAL AIRPORT, NY US","2022-08-05","81","89","76",
"USW00094789","JFK INTERNATIONAL AIRPORT, NY US","2022-08-06","80","89","74",
"USW00094789","JFK INTERNATIONAL AIRPORT, NY US","2022-08-07","81","89","77",
"USW00094789","JFK INTERNATIONAL AIRPORT, NY US","2022-08-08","81","88","77",
"USW00094789","JFK INTERNATIONAL AIRPORT, NY US","2022-08-09","83","93","75",
"USW00094789","JFK INTERNATIONAL AIRPORT, NY US","2022-08-10","82","88","75",
"USW00094789","JFK INTERNATIONAL AIRPORT, NY US","2022-08-11","78","86","72",
"USW00094789","JFK INTERNATIONAL AIRPORT, NY US","2022-08-12","77","87","71",
"USW00094789","JFK INTERNATIONAL AIRPORT, NY US","2022-08-13","74","81","65",
"USW00094789","JFK INTERNATIONAL AIRPORT, NY US","2022-08-14","73","82","64",
"USW00094789","JFK INTERNATIONAL AIRPORT, NY US","2022-08-15","74","82","66",
"USW00094789","JFK INTERNATIONAL AIRPORT, NY US","2022-08-16","73","82","63",
"USW00094789","JFK INTERNATIONAL AIRPORT, NY US","2022-08-17","73","84","65",
"USW00094789","JFK INTERNATIONAL AIRPORT, NY US","2022-08-18","74","87","65",
"USW00094789","JFK INTERNATIONAL AIRPORT, NY US","2022-08-19","78","88","70",
"USW00094789","JFK INTERNATIONAL AIRPORT, NY US","2022-08-20","78","88","72",
"USW00094789","JFK INTERNATIONAL AIRPORT, NY US","2022-08-21","76","82","71",
"USW00094789","JFK INTERNATIONAL AIRPORT, NY US","2022-08-22","74","79","73",
"USW00094789","JFK INTERNATIONAL AIRPORT, NY US","2022-08-23","76","85","71",
"USW00094789","JFK INTERNATIONAL AIRPORT, NY US","2022-08-24","80","91","71",
"USW00094789","JFK INTERNATIONAL AIRPORT, NY US","2022-08-25","81","92","69",
"USW00094789","JFK INTERNATIONAL AIRPORT, NY US","2022-08-26","78","86","72",
"USW00094789","JFK INTERNATIONAL AIRPORT, NY US","2022-08-27","80","91","73",
"USW00094789","JFK INTERNATIONAL AIRPORT, NY US","2022-08-28","76","83","73",
"USW00094789","JFK INTERNATIONAL AIRPORT, NY US","2022-08-29","77","85","74",
"USW00094789","JFK INTERNATIONAL AIRPORT, NY US","2022-08-30","78","86","73",
"USW00094789","JFK INTERNATIONAL AIRPORT, NY US","2022-08-31","79","88","72",
"USW00094789","JFK INTERNATIONAL AIRPORT, NY US","2022-09-01","79","89","69",
"USW00094789","JFK INTERNATIONAL AIRPORT, NY US","2022-09-02","72","77","62",
"USW00094789","JFK INTERNATIONAL AIRPORT, NY US","2022-09-03","70","79","62",
"USW00094789","JFK INTERNATIONAL AIRPORT, NY US","2022-09-04","76","86","72",
"USW00094789","JFK INTERNATIONAL AIRPORT, NY US","2022-09-05","76","84","72",
"USW00094789","JFK INTERNATIONAL AIRPORT, NY US","2022-09-06","73","75","67",
"USW00094789","JFK INTERNATIONAL AIRPORT, NY US","2022-09-07","69","75","66",
"USW00094789","JFK INTERNATIONAL AIRPORT, NY US","2022-09-08","71","80","65",
"USW00094789","JFK INTERNATIONAL AIRPORT, NY US","2022-09-09","69","79","60",
"USW00094789","JFK INTERNATIONAL AIRPORT, NY US","2022-09-10","72","82","65",
"USW00094789","JFK INTERNATIONAL AIRPORT, NY US","2022-09-11","73","76","68",
"USW00094789","JFK INTERNATIONAL AIRPORT, NY US","2022-09-12","72","79","68",
"USW00094789","JFK INTERNATIONAL AIRPORT, NY US","2022-09-13","76","88","69",
"USW00094789","JFK INTERNATIONAL AIRPORT, NY US","2022-09-14","74","84","65",
"USW00094789","JFK INTERNATIONAL AIRPORT, NY US","2022-09-15","72","76","61",
"USW00094789","JFK INTERNATIONAL AIRPORT, NY US","2022-09-16","67","78","56",
"USW00094789","JFK INTERNATIONAL AIRPORT, NY US","2022-09-17","69","74","65",
"USW00094789","JFK INTERNATIONAL AIRPORT, NY US","2022-09-18","73","84","67",
"USW00094789","JFK INTERNATIONAL AIRPORT, NY US","2022-09-19","75","85","69",
"USW00094789","JFK INTERNATIONAL AIRPORT, NY US","2022-09-20","74","83","69",
"USW00094789","JFK INTERNATIONAL AIRPORT, NY US","2022-09-21","71","78","62",
"USW00094789","JFK INTERNATIONAL AIRPORT, NY US","2022-09-22","71","81","58",
"USW00094789","JFK INTERNATIONAL AIRPORT, NY US","2022-09-23","60","67","51",
"USW00094789","JFK INTERNATIONAL AIRPORT, NY US","2022-09-24","58","72","49",
"USW00094789","JFK INTERNATIONAL AIRPORT, NY US","2022-09-25","66","76","61",
"USW00094789","JFK INTERNATIONAL AIRPORT, NY US","2022-09-26","66","75","59",
"USW00094789","JFK INTERNATIONAL AIRPORT, NY US","2022-09-27","67","72","60",
"USW00094789","JFK INTERNATIONAL AIRPORT, NY US","2022-09-28","63","73","54",
"USW00094789","JFK INTERNATIONAL AIRPORT, NY US","2022-09-29","63","68","56",
"USW00094789","JFK INTERNATIONAL AIRPORT, NY US","2022-09-30","59","64","54",
"USW00094789","JFK INTERNATIONAL AIRPORT, NY US","2022-10-01","58","60","53",
"USW00094789","JFK INTERNATIONAL AIRPORT, NY US","2022-10-02","57","60","50",
"USW00094789","JFK INTERNATIONAL AIRPORT, NY US","2022-10-03","51","52","49",
"USW00094789","JFK INTERNATIONAL AIRPORT, NY US","2022-10-04","50","56","47",
"USW00094789","JFK INTERNATIONAL AIRPORT, NY US","2022-10-05","56","60","55",
"USW00094789","JFK INTERNATIONAL AIRPORT, NY US","2022-10-06","62","76","52",
"USW00094789","JFK INTERNATIONAL AIRPORT, NY US","2022-10-07","65","76","56",
"USW00094789","JFK INTERNATIONAL AIRPORT, NY US","2022-10-08","58","61","46",
"USW00094789","JFK INTERNATIONAL AIRPORT, NY US","2022-10-09","54","64","45",
"USW00094789","JFK INTERNATIONAL AIRPORT, NY US","2022-10-10","58","68","48",
"USW00094789","JFK INTERNATIONAL AIRPORT, NY US","2022-10-11","61","73","51",
"USW00094789","JFK INTERNATIONAL AIRPORT, NY US","2022-10-12","60","68","52",
"USW00094789","JFK INTERNATIONAL AIRPORT, NY US","2022-10-13","64","68","55",
"USW00094789","JFK INTERNATIONAL AIRPORT, NY US","2022-10-14","60","69","51",
"USW00094789","JFK INTERNATIONAL AIRPORT, NY US","2022-10-15","58","68","47",
"USW00094789","JFK INTERNATIONAL AIRPORT, NY US","2022-10-16","59","66","52",
"USW00094789","JFK INTERNATIONAL AIRPORT, NY US","2022-10-17","60","67","54",
"USW00094789","JFK INTERNATIONAL AIRPORT, NY US","2022-10-18","54","58","48",
"USW00094789","JFK INTERNATIONAL AIRPORT, NY US","2022-10-19","50","56","43",
"USW00094789","JFK INTERNATIONAL AIRPORT, NY US","2022-10-20","52","61","44",
"USW00094789","JFK INTERNATIONAL AIRPORT, NY US","2022-10-21","55","64","43",
"USW00094789","JFK INTERNATIONAL AIRPORT, NY US","2022-10-22","55","65","43",
"USW00094789","JFK INTERNATIONAL AIRPORT, NY US","2022-10-23","57","61","55",
"USW00094789","JFK INTERNATIONAL AIRPORT, NY US","2022-10-24","58","64","55",
"USW00094789","JFK INTERNATIONAL AIRPORT, NY US","2022-10-25","65","73","62",
"USW00094789","JFK INTERNATIONAL AIRPORT, NY US","2022-10-26","65","71","60",
"USW00094789","JFK INTERNATIONAL AIRPORT, NY US","2022-10-27","62","67","51",
"USW00094789","JFK INTERNATIONAL AIRPORT, NY US","2022-10-28","52","59","46",
"USW00094789","JFK INTERNATIONAL AIRPORT, NY US","2022-10-29","50","61","42",
"USW00094789","JFK INTERNATIONAL AIRPORT, NY US","2022-10-30","51","62","38",
"USW00094789","JFK INTERNATIONAL AIRPORT, NY US","2022-10-31","56","64","49",
"USW00094789","JFK INTERNATIONAL AIRPORT, NY US","2022-11-01","62","70","59",
"USW00094789","JFK INTERNATIONAL AIRPORT, NY US","2022-11-02","63","72","50",
"USW00094789","JFK INTERNATIONAL AIRPORT, NY US","2022-11-03","56","66","46",
"USW00094789","JFK INTERNATIONAL AIRPORT, NY US","2022-11-04","56","68","47",
"USW00094789","JFK INTERNATIONAL AIRPORT, NY US","2022-11-05","65","73","60",
"USW00094789","JFK INTERNATIONAL AIRPORT, NY US","2022-11-06","66","70","64",
"USW00094789","JFK INTERNATIONAL AIRPORT, NY US","2022-11-07","69","80","55",
"USW00094789","JFK INTERNATIONAL AIRPORT, NY US","2022-11-08","55","60","46",
"USW00094789","JFK INTERNATIONAL AIRPORT, NY US","2022-11-09","47","53","39",
"USW00094789","JFK INTERNATIONAL AIRPORT, NY US","2022-11-10","53","64","42",
"USW00094789","JFK INTERNATIONAL AIRPORT, NY US","2022-11-11","62","68","56",
"USW00094789","JFK INTERNATIONAL AIRPORT, NY US","2022-11-12","67","72","60",
"USW00094789","JFK INTERNATIONAL AIRPORT, NY US","2022-11-13","56","61","42",
"USW00094789","JFK INTERNATIONAL AIRPORT, NY US","2022-11-14","43","47","35",
"USW00094789","JFK INTERNATIONAL AIRPORT, NY US","2022-11-15","40","46","33",
"USW00094789","JFK INTERNATIONAL AIRPORT, NY US","2022-11-16","46","53","41",
"USW00094789","JFK INTERNATIONAL AIRPORT, NY US","2022-11-17","42","47","38",
"USW00094789","JFK INTERNATIONAL AIRPORT, NY US","2022-11-18","40","46","35",
"USW00094789","JFK INTERNATIONAL AIRPORT, NY US","2022-11-19","37","41","32",
"USW00094789","JFK INTERNATIONAL AIRPORT, NY US","2022-11-20","37","44","30",
"USW00094789","JFK INTERNATIONAL AIRPORT, NY US","2022-11-21","34","42","28",
"USW00094789","JFK INTERNATIONAL AIRPORT, NY US","2022-11-22","43","50","37",
"USW00094789","JFK INTERNATIONAL AIRPORT, NY US","2022-11-23","46","57","34",
"USW00094789","JFK INTERNATIONAL AIRPORT, NY US","2022-11-24","44","53","33",
"USW00094789","JFK INTERNATIONAL AIRPORT, NY US","2022-11-25","49","55","44",
"USW00094789","JFK INTERNATIONAL AIRPORT, NY US","2022-11-26","48","57","43",
"USW00094789","JFK INTERNATIONAL AIRPORT, NY US","2022-11-27","49","60","42",
"USW00094789","JFK INTERNATIONAL AIRPORT, NY US","2022-11-28","53","56","41",
"USW00094789","JFK INTERNATIONAL AIRPORT, NY US","2022-11-29","41","44","34",
"USW00094789","JFK INTERNATIONAL AIRPORT, NY US","2022-11-30","47","58","35",
"USW00094789","JFK INTERNATIONAL AIRPORT, NY US","2022-12-01","42","44","35",
"USW00094789","JFK INTERNATIONAL AIRPORT, NY US","2022-12-02","37","45","31",
"USW00094789","JFK INTERNATIONAL AIRPORT, NY US","2022-12-03","51","57","44",
"USW00094789","JFK INTERNATIONAL AIRPORT, NY US","2022-12-04","45","47","37",
"USW00094789","JFK INTERNATIONAL AIRPORT, NY US","2022-12-05","39","47","30",
"USW00094789","JFK INTERNATIONAL AIRPORT, NY US","2022-12-06","47","57","36",
"USW00094789","JFK INTERNATIONAL AIRPORT, NY US","2022-12-07","55","57","54",
"USW00094789","JFK INTERNATIONAL AIRPORT, NY US","2022-12-08","53","55","42",
"USW00094789","JFK INTERNATIONAL AIRPORT, NY US","2022-12-09","42","47","34",
"USW00094789","JFK INTERNATIONAL AIRPORT, NY US","2022-12-10","36","39","32",
"USW00094789","JFK INTERNATIONAL AIRPORT, NY US","2022-12-11","38","41","33",
"USW00094789","JFK INTERNATIONAL AIRPORT, NY US","2022-12-12","36","40","29",
"USW00094789","JFK INTERNATIONAL AIRPORT, NY US","2022-12-13","32","42","27",
"USW00094789","JFK INTERNATIONAL AIRPORT, NY US","2022-12-14","34","40","30",
"USW00094789","JFK INTERNATIONAL AIRPORT, NY US","2022-12-15","36","43","32",
"USW00094789","JFK INTERNATIONAL AIRPORT, NY US","2022-12-16","43","47","38",
"USW00094789","JFK INTERNATIONAL AIRPORT, NY US","2022-12-17","40","47","36",
"USW00094789","JFK INTERNATIONAL AIRPORT, NY US","2022-12-18","37","41","33",
"USW00094789","JFK INTERNATIONAL AIRPORT, NY US","2022-12-19","34","40","31",
"USW00094789","JFK INTERNATIONAL AIRPORT, NY US","2022-12-20","35","40","30",
"USW00094789","JFK INTERNATIONAL AIRPORT, NY US","2022-12-21","32","41","25",
"USW00094789","JFK INTERNATIONAL AIRPORT, NY US","2022-12-22","37","53","28",
"USW00094789","JFK INTERNATIONAL AIRPORT, NY US","2022-12-23","45","56","9",
"USW00094789","JFK INTERNATIONAL AIRPORT, NY US","2022-12-24","11","16","7",
"USW00094789","JFK INTERNATIONAL AIRPORT, NY US","2022-12-25","20","28","14",
"USW00094789","JFK INTERNATIONAL AIRPORT, NY US","2022-12-26","23","29","18",
"USW00094789","JFK INTERNATIONAL AIRPORT, NY US","2022-12-27","30","35","28",
"USW00094789","JFK INTERNATIONAL AIRPORT, NY US","2022-12-28","36","45","27",
"USW00094789","JFK INTERNATIONAL AIRPORT, NY US","2022-12-29","39","46","32",
"USW00094789","JFK INTERNATIONAL AIRPORT, NY US","2022-12-30","42","51","34",
"USW00094789","JFK INTERNATIONAL AIRPORT, NY US","2022-12-31","46","51","41",
"USW00094789","JFK INTERNATIONAL AIRPORT, NY US","2023-01-01","50","56","42",
"USW00094789","JFK INTERNATIONAL AIRPORT, NY US","2023-01-02","46","55","39",
"USW00094789","JFK INTERNATIONAL AIRPORT, NY US","2023-01-03","48","50","46",
"USW00094789","JFK INTERNATIONAL AIRPORT, NY US","2023-01-04","51","61","45",
"USW00094789","JFK INTERNATIONAL AIRPORT, NY US","2023-01-05","49","51","45",
"USW00094789","JFK INTERNATIONAL AIRPORT, NY US","2023-01-06","44","47","39",
"USW00094789","JFK INTERNATIONAL AIRPORT, NY US","2023-01-07","41","47","36",
"USW00094789","JFK INTERNATIONAL AIRPORT, NY US","2023-01-08","37","41","32",
"USW00094789","JFK INTERNATIONAL AIRPORT, NY US","2023-01-09","40","46","37",
"USW00094789","JFK INTERNATIONAL AIRPORT, NY US","2023-01-10","39","41","35",
"USW00094789","JFK INTERNATIONAL AIRPORT, NY US","2023-01-11","38","40","32",
"USW00094789","JFK INTERNATIONAL AIRPORT, NY US","2023-01-12","42","53","36",
"USW00094789","JFK INTERNATIONAL AIRPORT, NY US","2023-01-13","49","52","38",
"USW00094789","JFK INTERNATIONAL AIRPORT, NY US","2023-01-14","35","38","30",
"USW00094789","JFK INTERNATIONAL AIRPORT, NY US","2023-01-15","33","39","29",
"USW00094789","JFK INTERNATIONAL AIRPORT, NY US","2023-01-16","36","48","29",
"USW00094789","JFK INTERNATIONAL AIRPORT, NY US","2023-01-17","39","45","31",
"USW00094789","JFK INTERNATIONAL AIRPORT, NY US","2023-01-18","46","56","37",
"USW00094789","JFK INTERNATIONAL AIRPORT, NY US","2023-01-19","42","45","37",
"USW00094789","JFK INTERNATIONAL AIRPORT, NY US","2023-01-20","44","50","39",
"USW00094789","JFK INTERNATIONAL AIRPORT, NY US","2023-01-21","40","43","36",
"USW00094789","JFK INTERNATIONAL AIRPORT, NY US","2023-01-22","38","40","36",
"USW00094789","JFK INTERNATIONAL AIRPORT, NY US","2023-01-23","38","39","35",
"USW00094789","JFK INTERNATIONAL AIRPORT, NY US","2023-01-24","39","48","35",
"USW00094789","JFK INTERNATIONAL AIRPORT, NY US","2023-01-25","38","52","31",
"USW00094789","JFK INTERNATIONAL AIRPORT, NY US","2023-01-26","46","52","40",
"USW00094789","JFK INTERNATIONAL AIRPORT, NY US","2023-01-27","39","43","32",
"USW00094789","JFK INTERNATIONAL AIRPORT, NY US","2023-01-28","41","53","33",
"USW00094789","JFK INTERNATIONAL AIRPORT, NY US","2023-01-29","43","47","35",
"USW00094789","JFK INTERNATIONAL AIRPORT, NY US","2023-01-30","44","52","36",
"USW00094789","JFK INTERNATIONAL AIRPORT, NY US","2023-01-31","39","45","31",
"USW00094789","JFK INTERNATIONAL AIRPORT, NY US","2023-02-01","32","38","26",
"USW00094789","JFK INTERNATIONAL AIRPORT, NY US","2023-02-02","32","39","24",
"USW00094789","JFK INTERNATIONAL AIRPORT, NY US","2023-02-03","29","35","11",
"USW00094789","JFK INTERNATIONAL AIRPORT, NY US","2023-02-04","12","27","4",
"USW00094789","JFK INTERNATIONAL AIRPORT, NY US","2023-02-05","33","44","27",
"USW00094789","JFK INTERNATIONAL AIRPORT, NY US","2023-02-06","42","53","32",
"USW00094789","JFK INTERNATIONAL AIRPORT, NY US","2023-02-07","35","41","28",
"USW00094789","JFK INTERNATIONAL AIRPORT, NY US","2023-02-08","43","54","34",
"USW00094789","JFK INTERNATIONAL AIRPORT, NY US","2023-02-09","42","50","30",
"USW00094789","JFK INTERNATIONAL AIRPORT, NY US","2023-02-10","52","60","41",
"USW00094789","JFK INTERNATIONAL AIRPORT, NY US","2023-02-11","43","47","35",
"USW00094789","JFK INTERNATIONAL AIRPORT, NY US","2023-02-12","39","45","31",
"USW00094789","JFK INTERNATIONAL AIRPORT, NY US","2023-02-13","44","56","38",
"USW00094789","JFK INTERNATIONAL AIRPORT, NY US","2023-02-14","47","53","41",
"USW00094789","JFK INTERNATIONAL AIRPORT, NY US","2023-02-15","47","55","41",
"USW00094789","JFK INTERNATIONAL AIRPORT, NY US","2023-02-16","51","64","43",
"USW00094789","JFK INTERNATIONAL AIRPORT, NY US","2023-02-17","50","56","31",
"USW00094789","JFK INTERNATIONAL AIRPORT, NY US","2023-02-18","34","42","28",
"USW00094789","JFK INTERNATIONAL AIRPORT, NY US","2023-02-19","40","46","32",
"USW00094789","JFK INTERNATIONAL AIRPORT, NY US","2023-02-20","47","61","40",
"USW00094789","JFK INTERNATIONAL AIRPORT, NY US","2023-02-21","43","49","36",
"USW00094789","JFK INTERNATIONAL AIRPORT, NY US","2023-02-22","40","44","35",
"USW00094789","JFK INTERNATIONAL AIRPORT, NY US","2023-02-23","39","44","38",
"USW00094789","JFK INTERNATIONAL AIRPORT, NY US","2023-02-24","42","48","25",
"USW00094789","JFK INTERNATIONAL AIRPORT, NY US","2023-02-25","27","33","22",
"USW00094789","JFK INTERNATIONAL AIRPORT, NY US","2023-02-26","33","50","23",
"USW00094789","JFK INTERNATIONAL AIRPORT, NY US","2023-02-27","38","43","31",
"USW00094789","JFK INTERNATIONAL AIRPORT, NY US","2023-02-28","34","38","32",
"USW00094789","JFK INTERNATIONAL AIRPORT, NY US","2023-03-01","38","43","29",
"USW00094789","JFK INTERNATIONAL AIRPORT, NY US","2023-03-02","44","55","39",
"USW00094789","JFK INTERNATIONAL AIRPORT, NY US","2023-03-03","40","45","32",
"USW00094789","JFK INTERNATIONAL AIRPORT, NY US","2023-03-04","42","46","39",
"USW00094789","JFK INTERNATIONAL AIRPORT, NY US","2023-03-05","44","56","36",
"USW00094789","JFK INTERNATIONAL AIRPORT, NY US","2023-03-06","46","54","39",
"USW00094789","JFK INTERNATIONAL AIRPORT, NY US","2023-03-07","42","48","32",
"USW00094789","JFK INTERNATIONAL AIRPORT, NY US","2023-03-08","37","47","30",
"USW00094789","JFK INTERNATIONAL AIRPORT, NY US","2023-03-09","41","51","33",
"USW00094789","JFK INTERNATIONAL AIRPORT, NY US","2023-03-10","39","45","33",
"USW00094789","JFK INTERNATIONAL AIRPORT, NY US","2023-03-11","41","44","35",
"USW00094789","JFK INTERNATIONAL AIRPORT, NY US","2023-03-12","39","46","32",
"USW00094789","JFK INTERNATIONAL AIRPORT, NY US","2023-03-13","41","43","38",
"USW00094789","JFK INTERNATIONAL AIRPORT, NY US","2023-03-14","37","39","33",
"USW00094789","JFK INTERNATIONAL AIRPORT, NY US","2023-03-15","38","47","34",
"USW00094789","JFK INTERNATIONAL AIRPORT, NY US","2023-03-16","41","55","32",
"USW00094789","JFK INTERNATIONAL AIRPORT, NY US","2023-03-17","46","56","39",
"USW00094789","JFK INTERNATIONAL AIRPORT, NY US","2023-03-18","48","52","41",
"USW00094789","JFK INTERNATIONAL AIRPORT, NY US","2023-03-19","37","41","30",
"USW00094789","JFK INTERNATIONAL AIRPORT, NY US","2023-03-20","37","44","31",
"USW00094789","JFK INTERNATIONAL AIRPORT, NY US","2023-03-21","44","58","32",
"USW00094789","JFK INTERNATIONAL AIRPORT, NY US","2023-03-22","45","55","36",
"USW00094789","JFK INTERNATIONAL AIRPORT, NY US","2023-03-23","48","59","43",
"USW00094789","JFK INTERNATIONAL AIRPORT, NY US","2023-03-24","50","57","41",
"USW00094789","JFK INTERNATIONAL AIRPORT, NY US","2023-03-25","43","45","39",
"USW00094789","JFK INTERNATIONAL AIRPORT, NY US","2023-03-26","50","62","43",
"USW00094789","JFK INTERNATIONAL AIRPORT, NY US","2023-03-27","49","57","39",
"USW00094789","JFK INTERNATIONAL AIRPORT, NY US","2023-03-28","45","52","39",
"USW00094789","JFK INTERNATIONAL AIRPORT, NY US","2023-03-29","44","51","36",
"USW00094789","JFK INTERNATIONAL AIRPORT, NY US","2023-03-30","39","46","31",
"USW00094789","JFK INTERNATIONAL AIRPORT, NY US","2023-03-31","41","53","29",
"USW00094789","JFK INTERNATIONAL AIRPORT, NY US","2023-04-01","52","61","49",
"USW00094789","JFK INTERNATIONAL AIRPORT, NY US","2023-04-02","49","52","37",
"USW00094789","JFK INTERNATIONAL AIRPORT, NY US","2023-04-03","44","53","33",
"USW00094789","JFK INTERNATIONAL AIRPORT, NY US","2023-04-04","52","64","43",
"USW00094789","JFK INTERNATIONAL AIRPORT, NY US","2023-04-05","51","54","48",
"USW00094789","JFK INTERNATIONAL AIRPORT, NY US","2023-04-06","55","74","48",
"USW00094789","JFK INTERNATIONAL AIRPORT, NY US","2023-04-07","56","58","43",
"USW00094789","JFK INTERNATIONAL AIRPORT, NY US","2023-04-08","44","51","38",
"USW00094789","JFK INTERNATIONAL AIRPORT, NY US","2023-04-09","44","51","38",
"USW00094789","JFK INTERNATIONAL AIRPORT, NY US","2023-04-10","46","58","38",
"USW00094789","JFK INTERNATIONAL AIRPORT, NY US","2023-04-11","56","73","45",
"USW00094789","JFK INTERNATIONAL AIRPORT, NY US","2023-04-12","68","84","56",
"USW00094789","JFK INTERNATIONAL AIRPORT, NY US","2023-04-13","69","85","53",
"USW00094789","JFK INTERNATIONAL AIRPORT, NY US","2023-04-14","68","82","55",
"USW00094789","JFK INTERNATIONAL AIRPORT, NY US","2023-04-15","59","65","54",
"USW00094789","JFK INTERNATIONAL AIRPORT, NY US","2023-04-16","59","66","52",
"USW00094789","JFK INTERNATIONAL AIRPORT, NY US","2023-04-17","57","67","53",
"USW00094789","JFK INTERNATIONAL AIRPORT, NY US","2023-04-18","55","58","45",
"USW00094789","JFK INTERNATIONAL AIRPORT, NY US","2023-04-19","51","64","43",
"USW00094789","JFK INTERNATIONAL AIRPORT, NY US","2023-04-20","50","59","43",
"USW00094789","JFK INTERNATIONAL AIRPORT, NY US","2023-04-21","54","66","47",
"USW00094789","JFK INTERNATIONAL AIRPORT, NY US","2023-04-22","57","65","53",
"USW00094789","JFK INTERNATIONAL AIRPORT, NY US","2023-04-23","59","69","51",
"USW00094789","JFK INTERNATIONAL AIRPORT, NY US","2023-04-24","53","59","44",
"USW00094789","JFK INTERNATIONAL AIRPORT, NY US","2023-04-25","52","58","45",
"USW00094789","JFK INTERNATIONAL AIRPORT, NY US","2023-04-26","50","56","42",
"USW00094789","JFK INTERNATIONAL AIRPORT, NY US","2023-04-27","52","57","48",
"USW00094789","JFK INTERNATIONAL AIRPORT, NY US","2023-04-28","50","54","46",
"USW00094789","JFK INTERNATIONAL AIRPORT, NY US","2023-04-29","50","52","48",
"USW00094789","JFK INTERNATIONAL AIRPORT, NY US","2023-04-30","54","59","50",
"USW00094789","JFK INTERNATIONAL AIRPORT, NY US","2023-05-01","56","62","49",
"USW00094789","JFK INTERNATIONAL AIRPORT, NY US","2023-05-02","52","57","46",
"USW00094789","JFK INTERNATIONAL AIRPORT, NY US","2023-05-03","51","56","47",
"USW00094789","JFK INTERNATIONAL AIRPORT, NY US","2023-05-04","50","56","47",
"USW00094789","JFK INTERNATIONAL AIRPORT, NY US","2023-05-05","52","61","44",
"USW00094789","JFK INTERNATIONAL AIRPORT, NY US","2023-05-06","58","72","48",
"USW00094789","JFK INTERNATIONAL AIRPORT, NY US","2023-05-07","61","73","53",
"USW00094789","JFK INTERNATIONAL AIRPORT, NY US","2023-05-08","66","78","57",
"USW00094789","JFK INTERNATIONAL AIRPORT, NY US","2023-05-09","60","63","50",
"USW00094789","JFK INTERNATIONAL AIRPORT, NY US","2023-05-10","55","66","44",
"USW00094789","JFK INTERNATIONAL AIRPORT, NY US","2023-05-11","62","75","51",
"USW00094789","JFK INTERNATIONAL AIRPORT, NY US","2023-05-12","68","83","56",
"USW00094789","JFK INTERNATIONAL AIRPORT, NY US","2023-05-13","71","80","64",
"USW00094789","JFK INTERNATIONAL AIRPORT, NY US","2023-05-14","65","69","56",
"USW00094789","JFK INTERNATIONAL AIRPORT, NY US","2023-05-15","62","72","51",
"USW00094789","JFK INTERNATIONAL AIRPORT, NY US","2023-05-16","67","78","56",
"USW00094789","JFK INTERNATIONAL AIRPORT, NY US","2023-05-17","64","68","49",
"USW00094789","JFK INTERNATIONAL AIRPORT, NY US","2023-05-18","52","57","42",
"USW00094789","JFK INTERNATIONAL AIRPORT, NY US","2023-05-19","57","66","51",
"USW00094789","JFK INTERNATIONAL AIRPORT, NY US","2023-05-20","60","63","57",
"USW00094789","JFK INTERNATIONAL AIRPORT, NY US","2023-05-21","63","72","56",
"USW00094789","JFK INTERNATIONAL AIRPORT, NY US","2023-05-22","65","74","54",
"USW00094789","JFK INTERNATIONAL AIRPORT, NY US","2023-05-23","58","65","52",
"USW00094789","JFK INTERNATIONAL AIRPORT, NY US","2023-05-24","58","69","49",
"USW00094789","JFK INTERNATIONAL AIRPORT, NY US","2023-05-25","59","68","49",
"USW00094789","JFK INTERNATIONAL AIRPORT, NY US","2023-05-26","62","73","51",
"USW00094789","JFK INTERNATIONAL AIRPORT, NY US","2023-05-27","63","73","50",
"USW00094789","JFK INTERNATIONAL AIRPORT, NY US","2023-05-28","63","71","55",
"USW00094789","JFK INTERNATIONAL AIRPORT, NY US","2023-05-29","65","75","56",
"USW00094789","JFK INTERNATIONAL AIRPORT, NY US","2023-05-30","59","66","50",
"USW00094789","JFK INTERNATIONAL AIRPORT, NY US","2023-05-31","58","70","48",
"USW00094789","JFK INTERNATIONAL AIRPORT, NY US","2023-06-01","66","76","57",
"USW00094789","JFK INTERNATIONAL AIRPORT, NY US","2023-06-02","68","79","60",
"USW00094789","JFK INTERNATIONAL AIRPORT, NY US","2023-06-03","65","70","54",
"USW00094789","JFK INTERNATIONAL AIRPORT, NY US","2023-06-04","58","70","49",
"USW00094789","JFK INTERNATIONAL AIRPORT, NY US","2023-06-05","63","77","50",
"USW00094789","JFK INTERNATIONAL AIRPORT, NY US","2023-06-06","67","77","59",
"USW00094789","JFK INTERNATIONAL AIRPORT, NY US","2023-06-07","65","72","56",
"USW00094789","JFK INTERNATIONAL AIRPORT, NY US","2023-06-08","62","71","51",
"USW00094789","JFK INTERNATIONAL AIRPORT, NY US","2023-06-09","64","72","58",
"USW00094789","JFK INTERNATIONAL AIRPORT, NY US","2023-06-10","65","80","56",
"USW00094789","JFK INTERNATIONAL AIRPORT, NY US","2023-06-11","68","76","62",
"USW00094789","JFK INTERNATIONAL AIRPORT, NY US","2023-06-12","69","76","65",
"USW00094789","JFK INTERNATIONAL AIRPORT, NY US","2023-06-13","70","80","64",
"USW00094789","JFK INTERNATIONAL AIRPORT, NY US","2023-06-14","67","72","61",
"USW00094789","JFK INTERNATIONAL AIRPORT, NY US","2023-06-15","69","80","61",
"USW00094789","JFK INTERNATIONAL AIRPORT, NY US","2023-06-16","69","78","61",
"USW00094789","JFK INTERNATIONAL AIRPORT, NY US","2023-06-17","68","81","60",
"USW00094789","JFK INTERNATIONAL AIRPORT, NY US","2023-06-18","71","82","64",
"USW00094789","JFK INTERNATIONAL AIRPORT, NY US","2023-06-19","69","77","63",
"USW00094789","JFK INTERNATIONAL AIRPORT, NY US","2023-06-20","67","75","61",
"USW00094789","JFK INTERNATIONAL AIRPORT, NY US","2023-06-21","65","72","60",
"USW00094789","JFK INTERNATIONAL AIRPORT, NY US","2023-06-22","65","73","58",
"USW00094789","JFK INTERNATIONAL AIRPORT, NY US","2023-06-23","66","70","63",
"USW00094789","JFK INTERNATIONAL AIRPORT, NY US","2023-06-24","69","76","66",
"USW00094789","JFK INTERNATIONAL AIRPORT, NY US","2023-06-25","72","83","65",
"USW00094789","JFK INTERNATIONAL AIRPORT, NY US","2023-06-26","72","81","68",
"USW00094789","JFK INTERNATIONAL AIRPORT, NY US","2023-06-27","71","78","66",
"USW00094789","JFK INTERNATIONAL AIRPORT, NY US","2023-06-28","72","83","67",
"USW00094789","JFK INTERNATIONAL AIRPORT, NY US","2023-06-29","73","82","65",
"USW00094789","JFK INTERNATIONAL AIRPORT, NY US","2023-06-30","73","83","67",
"USW00094789","JFK INTERNATIONAL AIRPORT, NY US","2023-07-01","72","80","65",
"USW00094789","JFK INTERNATIONAL AIRPORT, NY US","2023-07-02","74","84","69",
"USW00094789","JFK INTERNATIONAL AIRPORT, NY US","2023-07-03","78","87","73",
"USW00094789","JFK INTERNATIONAL AIRPORT, NY US","2023-07-04","76","82","72",
"USW00094789","JFK INTERNATIONAL AIRPORT, NY US","2023-07-05","78","88","70",
"USW00094789","JFK INTERNATIONAL AIRPORT, NY US","2023-07-06","77","84","71",
"USW00094789","JFK INTERNATIONAL AIRPORT, NY US","2023-07-07","78","84","74",
"USW00094789","JFK INTERNATIONAL AIRPORT, NY US","2023-07-08","78","84","73",
"USW00094789","JFK INTERNATIONAL AIRPORT, NY US","2023-07-09","77","81","74",
"USW00094789","JFK INTERNATIONAL AIRPORT, NY US","2023-07-10","78","87","71",
"USW00094789","JFK INTERNATIONAL AIRPORT, NY US","2023-07-11","79","86","70",
"USW00094789","JFK INTERNATIONAL AIRPORT, NY US","2023-07-12","81","90","72",
"USW00094789","JFK INTERNATIONAL AIRPORT, NY US","2023-07-13","79","85","72",
"USW00094789","JFK INTERNATIONAL AIRPORT, NY US","2023-07-14","77","84","71",
"USW00094789","JFK INTERNATIONAL AIRPORT, NY US","2023-07-15","78","86","72",
"USW00094789","JFK INTERNATIONAL AIRPORT, NY US","2023-07-16","77","81","74",
"USW00094789","JFK INTERNATIONAL AIRPORT, NY US","2023-07-17","78","88","74",
"USW00094789","JFK INTERNATIONAL AIRPORT, NY US","2023-07-18","77","83","70",
"USW00094789","JFK INTERNATIONAL AIRPORT, NY US","2023-07-19","74","78","70",
"USW00094789","JFK INTERNATIONAL AIRPORT, NY US","2023-07-20","76","84","70",
"USW00094789","JFK INTERNATIONAL AIRPORT, NY US","2023-07-21","77","83","73",
"USW00094789","JFK INTERNATIONAL AIRPORT, NY US","2023-07-22","78","86","70",
"USW00094789","JFK INTERNATIONAL AIRPORT, NY US","2023-07-23","77","86","68",
"USW00094789","JFK INTERNATIONAL AIRPORT, NY US","2023-07-24","77","83","71",
"USW00094789","JFK INTERNATIONAL AIRPORT, NY US","2023-07-25","76","84","69",
"USW00094789","JFK INTERNATIONAL AIRPORT, NY US","2023-07-26","75","84","68",
"USW00094789","JFK INTERNATIONAL AIRPORT, NY US","2023-07-27","80","92","73",
"USW00094789","JFK INTERNATIONAL AIRPORT, NY US","2023-07-28","83","91","76",
"USW00094789","JFK INTERNATIONAL AIRPORT, NY US","2023-07-29","81","90","70",
"USW00094789","JFK INTERNATIONAL AIRPORT, NY US","2023-07-30","74","81","66",
"USW00094789","JFK INTERNATIONAL AIRPORT, NY US","2023-07-31","74","83","64",
"USW00094789","JFK INTERNATIONAL AIRPORT, NY US","2023-08-01","73","81","66",
"USW00094789","JFK INTERNATIONAL AIRPORT, NY US","2023-08-02","71","78","62",
"USW00094789","JFK INTERNATIONAL AIRPORT, NY US","2023-08-03","71","78","63",
"USW00094789","JFK INTERNATIONAL AIRPORT, NY US","2023-08-04","72","76","70",
"USW00094789","JFK INTERNATIONAL AIRPORT, NY US","2023-08-05","76","84","69",
"USW00094789","JFK INTERNATIONAL AIRPORT, NY US","2023-08-06","76","81","67",
"USW00094789","JFK INTERNATIONAL AIRPORT, NY US","2023-08-07","74","79","68",
"USW00094789","JFK INTERNATIONAL AIRPORT, NY US","2023-08-08","74","82","71",
"USW00094789","JFK INTERNATIONAL AIRPORT, NY US","2023-08-09","77","87","69",
"USW00094789","JFK INTERNATIONAL AIRPORT, NY US","2023-08-10","74","78","69",
"USW00094789","JFK INTERNATIONAL AIRPORT, NY US","2023-08-11","74","86","67",
"USW00094789","JFK INTERNATIONAL AIRPORT, NY US","2023-08-12","75","81","66",
"USW00094789","JFK INTERNATIONAL AIRPORT, NY US","2023-08-13","77","89","68",
"USW00094789","JFK INTERNATIONAL AIRPORT, NY US","2023-08-14","77","83","69",
"USW00094789","JFK INTERNATIONAL AIRPORT, NY US","2023-08-15","76","81","71",
"USW00094789","JFK INTERNATIONAL AIRPORT, NY US","2023-08-16","74","81","69",
"USW00094789","JFK INTERNATIONAL AIRPORT, NY US","2023-08-17","73","76","71",
"USW00094789","JFK INTERNATIONAL AIRPORT, NY US","2023-08-18","75","83","68",
"USW00094789","JFK INTERNATIONAL AIRPORT, NY US","2023-08-19","71","79","63",
"USW00094789","JFK INTERNATIONAL AIRPORT, NY US","2023-08-20","74","82","63",
"USW00094789","JFK INTERNATIONAL AIRPORT, NY US","2023-08-21","78","88","70",
"USW00094789","JFK INTERNATIONAL AIRPORT, NY US","2023-08-22","75","79","66",
"USW00094789","JFK INTERNATIONAL AIRPORT, NY US","2023-08-23","70","77","63",
"USW00094789","JFK INTERNATIONAL AIRPORT, NY US","2023-08-24","70","73","68",
"USW00094789","JFK INTERNATIONAL AIRPORT, NY US","2023-08-25","72","77","70",
"USW00094789","JFK INTERNATIONAL AIRPORT, NY US","2023-08-26","75","86","69",
"USW00094789","JFK INTERNATIONAL AIRPORT, NY US","2023-08-27","74","83","68",
"USW00094789","JFK INTERNATIONAL AIRPORT, NY US","2023-08-28","71","74","67",
"USW00094789","JFK INTERNATIONAL AIRPORT, NY US","2023-08-29","72","81","67",
"USW00094789","JFK INTERNATIONAL AIRPORT, NY US","2023-08-30","75","85","68",
"USW00094789","JFK INTERNATIONAL AIRPORT, NY US","2023-08-31","71","77","63",
"USW00094789","JFK INTERNATIONAL AIRPORT, NY US","2023-09-01","67","76","59",
"USW00094789","JFK INTERNATIONAL AIRPORT, NY US","2023-09-02","67","75","60",
"USW00094789","JFK INTERNATIONAL AIRPORT, NY US","2023-09-03","74","90","65",
"USW00094789","JFK INTERNATIONAL AIRPORT, NY US","2023-09-04","79","89","70",
"USW00094789","JFK INTERNATIONAL AIRPORT, NY US","2023-09-05","82","93","74",
"USW00094789","JFK INTERNATIONAL AIRPORT, NY US","2023-09-06","82","93","74",
"USW00094789","JFK INTERNATIONAL AIRPORT, NY US","2023-09-07","81","92","73",
"USW00094789","JFK INTERNATIONAL AIRPORT, NY US","2023-09-08","78","86","73",
"USW00094789","JFK INTERNATIONAL AIRPORT, NY US","2023-09-09","78","84","73",
"USW00094789","JFK INTERNATIONAL AIRPORT, NY US","2023-09-10","74","80","69",
"USW00094789","JFK INTERNATIONAL AIRPORT, NY US","2023-09-11","75","82","70",
"USW00094789","JFK INTERNATIONAL AIRPORT, NY US","2023-09-12","73","81","69",
"USW00094789","JFK INTERNATIONAL AIRPORT, NY US","2023-09-13","75","79","70",
"USW00094789","JFK INTERNATIONAL AIRPORT, NY US","2023-09-14","72","80","63",
"USW00094789","JFK INTERNATIONAL AIRPORT, NY US","2023-09-15","64","71","58",
"USW00094789","JFK INTERNATIONAL AIRPORT, NY US","2023-09-16","67","78","61",
"USW00094789","JFK INTERNATIONAL AIRPORT, NY US","2023-09-17","68","73","56",
"USW00094789","JFK INTERNATIONAL AIRPORT, NY US","2023-09-18","67","71","62",
"USW00094789","JFK INTERNATIONAL AIRPORT, NY US","2023-09-19","66","76","59",
"USW00094789","JFK INTERNATIONAL AIRPORT, NY US","2023-09-20","67","76","56",
"USW00094789","JFK INTERNATIONAL AIRPORT, NY US","2023-09-21","66","74","57",
"USW00094789","JFK INTERNATIONAL AIRPORT, NY US","2023-09-22","64","73","57",
"USW00094789","JFK INTERNATIONAL AIRPORT, NY US","2023-09-23","61","63","58",
"USW00094789","JFK INTERNATIONAL AIRPORT, NY US","2023-09-24","63","65","62",
"USW00094789","JFK INTERNATIONAL AIRPORT, NY US","2023-09-25","61","62","57",
"USW00094789","JFK INTERNATIONAL AIRPORT, NY US","2023-09-26","59","61","53",
"USW00094789","JFK INTERNATIONAL AIRPORT, NY US","2023-09-27","58","67","51",
"USW00094789","JFK INTERNATIONAL AIRPORT, NY US","2023-09-28","59","67","54",
"USW00094789","JFK INTERNATIONAL AIRPORT, NY US","2023-09-29","59","61","57",
"USW00094789","JFK INTERNATIONAL AIRPORT, NY US","2023-09-30","60","68","56",
"USW00094789","JFK INTERNATIONAL AIRPORT, NY US","2023-10-01","66","77","59",
"USW00094789","JFK INTERNATIONAL AIRPORT, NY US","2023-10-02","69","78","61",
"USW00094789","JFK INTERNATIONAL AIRPORT, NY US","2023-10-03","65","75","56",
"USW00094789","JFK INTERNATIONAL AIRPORT, NY US","2023-10-04","69","78","61",
"USW00094789","JFK INTERNATIONAL AIRPORT, NY US","2023-10-05","66","74","57",
"USW00094789","JFK INTERNATIONAL AIRPORT, NY US","2023-10-06","67","72","64",
"USW00094789","JFK INTERNATIONAL AIRPORT, NY US","2023-10-07","65","67","54",
"USW00094789","JFK INTERNATIONAL AIRPORT, NY US","2023-10-08","56","61","50",
"USW00094789","JFK INTERNATIONAL AIRPORT, NY US","2023-10-09","55","62","49",
"USW00094789","JFK INTERNATIONAL AIRPORT, NY US","2023-10-10","57","64","51",
"USW00094789","JFK INTERNATIONAL AIRPORT, NY US","2023-10-11","60","69","51",
"USW00094789","JFK INTERNATIONAL AIRPORT, NY US","2023-10-12","60","68","51",
"USW00094789","JFK INTERNATIONAL AIRPORT, NY US","2023-10-13","58","65","50",
"USW00094789","JFK INTERNATIONAL AIRPORT, NY US","2023-10-14","53","55","50",
"USW00094789","JFK INTERNATIONAL AIRPORT, NY US","2023-10-15","54","62","50",
"USW00094789","JFK INTERNATIONAL AIRPORT, NY US","2023-10-16","55","66","47",
"USW00094789","JFK INTERNATIONAL AIRPORT, NY US","2023-10-17","56","65","49",
"USW00094789","JFK INTERNATIONAL AIRPORT, NY US","2023-10-18","58","65","50",
"USW00094789","JFK INTERNATIONAL AIRPORT, NY US","2023-10-19","57","64","50",
"USW00094789","JFK INTERNATIONAL AIRPORT, NY US","2023-10-20","61","64","60",
"USW00094789","JFK INTERNATIONAL AIRPORT, NY US","2023-10-21","61","66","57",
"USW00094789","JFK INTERNATIONAL AIRPORT, NY US","2023-10-22","56","61","47",
"USW00094789","JFK INTERNATIONAL AIRPORT, NY US","2023-10-23","53","62","44",
"USW00094789","JFK INTERNATIONAL AIRPORT, NY US","2023-10-24","53","63","43",
"USW00094789","JFK INTERNATIONAL AIRPORT, NY US","2023-10-25","58","70","49",
"USW00094789","JFK INTERNATIONAL AIRPORT, NY US","2023-10-26","61","74","52",
"USW00094789","JFK INTERNATIONAL AIRPORT, NY US","2023-10-27","62","71","55",
"USW00094789","JFK INTERNATIONAL AIRPORT, NY US","2023-10-28","68","81","58",
"USW00094789","JFK INTERNATIONAL AIRPORT, NY US","2023-10-29","59","64","52",
"USW00094789","JFK INTERNATIONAL AIRPORT, NY US","2023-10-30","57","62","50",
"USW00094789","JFK INTERNATIONAL AIRPORT, NY US","2023-10-31","50","53","45",
"USW00094789","JFK INTERNATIONAL AIRPORT, NY US","2023-11-01","46","50","38",
"USW00094789","JFK INTERNATIONAL AIRPORT, NY US","2023-11-02","42","50","34",
"USW00094789","JFK INTERNATIONAL AIRPORT, NY US","2023-11-03","47","55","39",
"USW00094789","JFK INTERNATIONAL AIRPORT, NY US","2023-11-04","51","58","44",
"USW00094789","JFK INTERNATIONAL AIRPORT, NY US","2023-11-05","54","65","43",
"USW00094789","JFK INTERNATIONAL AIRPORT, NY US","2023-11-06","50","56","43",
"USW00094789","JFK INTERNATIONAL AIRPORT, NY US","2023-11-07","57","63","53",
"USW00094789","JFK INTERNATIONAL AIRPORT, NY US","2023-11-08","50","53","40",
"USW00094789","JFK INTERNATIONAL AIRPORT, NY US","2023-11-09","49","59","38",
"USW00094789","JFK INTERNATIONAL AIRPORT, NY US","2023-11-10","50","53","42",
"USW00094789","JFK INTERNATIONAL AIRPORT, NY US","2023-11-11","47","56","39",
"USW00094789","JFK INTERNATIONAL AIRPORT, NY US","2023-11-12","41","46","35",
"USW00094789","JFK INTERNATIONAL AIRPORT, NY US","2023-11-13","39","48","31",
"USW00094789","JFK INTERNATIONAL AIRPORT, NY US","2023-11-14","47","55","39",
"USW00094789","JFK INTERNATIONAL AIRPORT, NY US","2023-11-15","44","50","34",
"USW00094789","JFK INTERNATIONAL AIRPORT, NY US","2023-11-16","51","62","41",
"USW00094789","JFK INTERNATIONAL AIRPORT, NY US","2023-11-17","54","63","43",
"USW00094789","JFK INTERNATIONAL AIRPORT, NY US","2023-11-18","54","59","40",
"USW00094789","JFK INTERNATIONAL AIRPORT, NY US","2023-11-19","46","55","38",
"USW00094789","JFK INTERNATIONAL AIRPORT, NY US","2023-11-20","42","46","34",
"USW00094789","JFK INTERNATIONAL AIRPORT, NY US","2023-11-21","39","48","32",
"USW00094789","JFK INTERNATIONAL AIRPORT, NY US","2023-11-22","52","59","48",
"USW00094789","JFK INTERNATIONAL AIRPORT, NY US","2023-11-23","49","53","45",
"USW00094789","JFK INTERNATIONAL AIRPORT, NY US","2023-11-24","47","52","32",
"USW00094789","JFK INTERNATIONAL AIRPORT, NY US","2023-11-25","35","41","27",
"USW00094789","JFK INTERNATIONAL AIRPORT, NY US","2023-11-26","38","55","29",
"USW00094789","JFK INTERNATIONAL AIRPORT, NY US","2023-11-27","49","55","37",
"USW00094789","JFK INTERNATIONAL AIRPORT, NY US","2023-11-28","37","41","31",
"USW00094789","JFK INTERNATIONAL AIRPORT, NY US","2023-11-29","32","36","26",
"USW00094789","JFK INTERNATIONAL AIRPORT, NY US","2023-11-30","39","49","32",
"USW00094789","JFK INTERNATIONAL AIRPORT, NY US","2023-12-01","44","48","35",
"USW00094789","JFK INTERNATIONAL AIRPORT, NY US","2023-12-02","47","52","45",
"USW00094789","JFK INTERNATIONAL AIRPORT, NY US","2023-12-03","48","50","44",
"USW00094789","JFK INTERNATIONAL AIRPORT, NY US","2023-12-04","47","52","42",
"USW00094789","JFK INTERNATIONAL AIRPORT, NY US","2023-12-05","42","44","37",
"USW00094789","JFK INTERNATIONAL AIRPORT, NY US","2023-12-06","38","42","33",
"USW00094789","JFK INTERNATIONAL AIRPORT, NY US","2023-12-07","35","39","31",
"USW00094789","JFK INTERNATIONAL AIRPORT, NY US","2023-12-08","39","48","30",
"USW00094789","JFK INTERNATIONAL AIRPORT, NY US","2023-12-09","46","55","35",
"USW00094789","JFK INTERNATIONAL AIRPORT, NY US","2023-12-10","51","57","43",
"USW00094789","JFK INTERNATIONAL AIRPORT, NY US","2023-12-11","45","53","36",
"USW00094789","JFK INTERNATIONAL AIRPORT, NY US","2023-12-12","39","43","33",
"USW00094789","JFK INTERNATIONAL AIRPORT, NY US","2023-12-13","41","46","36",
"USW00094789","JFK INTERNATIONAL AIRPORT, NY US","2023-12-14","36","47","31",
"USW00094789","JFK INTERNATIONAL AIRPORT, NY US","2023-12-15","43","56","34",
"USW00094789","JFK INTERNATIONAL AIRPORT, NY US","2023-12-16","47","55","38",
"USW00094789","JFK INTERNATIONAL AIRPORT, NY US","2023-12-17","49","56","47",
"USW00094789","JFK INTERNATIONAL AIRPORT, NY US","2023-12-18","54","59","42",
"USW00094789","JFK INTERNATIONAL AIRPORT, NY US","2023-12-19","41","44","32",
"USW00094789","JFK INTERNATIONAL AIRPORT, NY US","2023-12-20","35","44","29",
"USW00094789","JFK INTERNATIONAL AIRPORT, NY US","2023-12-21","37","42","29",
"USW00094789","JFK INTERNATIONAL AIRPORT, NY US","2023-12-22","31","40","25",
"USW00094789","JFK INTERNATIONAL AIRPORT, NY US","2023-12-23","35","43","28",
"USW00094789","JFK INTERNATIONAL AIRPORT, NY US","2023-12-24","42","48","40",
"USW00094789","JFK INTERNATIONAL AIRPORT, NY US","2023-12-25","44","49","39",
"USW00094789","JFK INTERNATIONAL AIRPORT, NY US","2023-12-26","43","45","39",
"USW00094789","JFK INTERNATIONAL AIRPORT, NY US","2023-12-27","43","49","40",
"USW00094789","JFK INTERNATIONAL AIRPORT, NY US","2023-12-28","50","54","47",
"USW00094789","JFK INTERNATIONAL AIRPORT, NY US","2023-12-29","49","53","45",
"USW00094789","JFK INTERNATIONAL AIRPORT, NY US","2023-12-30","44","47","38",
"USW00094789","JFK INTERNATIONAL AIRPORT, NY US","2023-12-31","41","43","38",
"USW00094789","JFK INTERNATIONAL AIRPORT, NY US","2024-01-01","42","47","35",
"USW00094789","JFK INTERNATIONAL AIRPORT, NY US","2024-01-02","36","42","28",
"USW00094789","JFK INTERNATIONAL AIRPORT, NY US","2024-01-03","39","45","33",
"USW00094789","JFK INTERNATIONAL AIRPORT, NY US","2024-01-04","40","46","28",
"USW00094789","JFK INTERNATIONAL AIRPORT, NY US","2024-01-05","31","38","26",
"USW00094789","JFK INTERNATIONAL AIRPORT, NY US","2024-01-06","33","39","27",
"USW00094789","JFK INTERNATIONAL AIRPORT, NY US","2024-01-07","37","39","35",
"USW00094789","JFK INTERNATIONAL AIRPORT, NY US","2024-01-08","39","45","32",
"USW00094789","JFK INTERNATIONAL AIRPORT, NY US","2024-01-09","37","54","28",
"USW00094789","JFK INTERNATIONAL AIRPORT, NY US","2024-01-10","50","54","43",
"USW00094789","JFK INTERNATIONAL AIRPORT, NY US","2024-01-11","44","46","39",
"USW00094789","JFK INTERNATIONAL AIRPORT, NY US","2024-01-12","42","48","34",
"USW00094789","JFK INTERNATIONAL AIRPORT, NY US","2024-01-13","49","56","35",
"USW00094789","JFK INTERNATIONAL AIRPORT, NY US","2024-01-14","37","44","26",
"USW00094789","JFK INTERNATIONAL AIRPORT, NY US","2024-01-15","27","29","23",
"USW00094789","JFK INTERNATIONAL AIRPORT, NY US","2024-01-16","28","32","22",
"USW00094789","JFK INTERNATIONAL AIRPORT, NY US","2024-01-17","22","24","18",
"USW00094789","JFK INTERNATIONAL AIRPORT, NY US","2024-01-18","26","33","22",
"USW00094789","JFK INTERNATIONAL AIRPORT, NY US","2024-01-19","30","33","25",
"USW00094789","JFK INTERNATIONAL AIRPORT, NY US","2024-01-20","23","26","18",
"USW00094789","JFK INTERNATIONAL AIRPORT, NY US","2024-01-21","23","32","19",
"USW00094789","JFK INTERNATIONAL AIRPORT, NY US","2024-01-22","28","36","22",
"USW00094789","JFK INTERNATIONAL AIRPORT, NY US","2024-01-23","36","40","32",
"USW00094789","JFK INTERNATIONAL AIRPORT, NY US","2024-01-24","39","45","36",
"USW00094789","JFK INTERNATIONAL AIRPORT, NY US","2024-01-25","47","55","43",
"USW00094789","JFK INTERNATIONAL AIRPORT, NY US","2024-01-26","45","46","41",
"USW00094789","JFK INTERNATIONAL AIRPORT, NY US","2024-01-27","43","48","41",
"USW00094789","JFK INTERNATIONAL AIRPORT, NY US","2024-01-28","40","41","37",
"USW00094789","JFK INTERNATIONAL AIRPORT, NY US","2024-01-29","37","40","35",
"USW00094789","JFK INTERNATIONAL AIRPORT, NY US","2024-01-30","36","38","34",
"USW00094789","JFK INTERNATIONAL AIRPORT, NY US","2024-01-31","36","39","34",
"USW00094789","JFK INTERNATIONAL AIRPORT, NY US","2024-02-01","38","44","32",
"USW00094789","JFK INTERNATIONAL AIRPORT, NY US","2024-02-02","41","42","37",
"USW00094789","JFK INTERNATIONAL AIRPORT, NY US","2024-02-03","37","43","32",
"USW00094789","JFK INTERNATIONAL AIRPORT, NY US","2024-02-04","37","46","30",
"USW00094789","JFK INTERNATIONAL AIRPORT, NY US","2024-02-05","37","45","30",
"USW00094789","JFK INTERNATIONAL AIRPORT, NY US","2024-02-06","34","42","27",
"USW00094789","JFK INTERNATIONAL AIRPORT, NY US","2024-02-07","37","48","29",
"USW00094789","JFK INTERNATIONAL AIRPORT, NY US","2024-02-08","40","48","32",
"USW00094789","JFK INTERNATIONAL AIRPORT, NY US","2024-02-09","43","49","38",
"USW00094789","JFK INTERNATIONAL AIRPORT, NY US","2024-02-10","44","55","36",
"USW00094789","JFK INTERNATIONAL AIRPORT, NY US","2024-02-11","48","51","43",
"USW00094789","JFK INTERNATIONAL AIRPORT, NY US","2024-02-12","42","46","36",
"USW00094789","JFK INTERNATIONAL AIRPORT, NY US","2024-02-13","36","39","32",
"USW00094789","JFK INTERNATIONAL AIRPORT, NY US","2024-02-14","34","38","28",
"USW00094789","JFK INTERNATIONAL AIRPORT, NY US","2024-02-15","31","36","26",
"USW00094789","JFK INTERNATIONAL AIRPORT, NY US","2024-02-16","38","43","34",
"USW00094789","JFK INTERNATIONAL AIRPORT, NY US","2024-02-17","33","36","26",
"USW00094789","JFK INTERNATIONAL AIRPORT, NY US","2024-02-18","30","40","25",
"USW00094789","JFK INTERNATIONAL AIRPORT, NY US","2024-02-19","36","41","29",
"USW00094789","JFK INTERNATIONAL AIRPORT, NY US","2024-02-20","31","36","25",
"USW00094789","JFK INTERNATIONAL AIRPORT, NY US","2024-02-21","32","39","24",
"USW00094789","JFK INTERNATIONAL AIRPORT, NY US","2024-02-22","37","41","33",
"USW00094789","JFK INTERNATIONAL AIRPORT, NY US","2024-02-23","43","48","40",
"USW00094789","JFK INTERNATIONAL AIRPORT, NY US","2024-02-24","42","45","28",
"USW00094789","JFK INTERNATIONAL AIRPORT, NY US","2024-02-25","30","36","21",
"USW00094789","JFK INTERNATIONAL AIRPORT, NY US","2024-02-26","38","48","32",
"USW00094789","JFK INTERNATIONAL AIRPORT, NY US","2024-02-27","43","52","34",
"USW00094789","JFK INTERNATIONAL AIRPORT, NY US","2024-02-28","48","56","44",
"USW00094789","JFK INTERNATIONAL AIRPORT, NY US","2024-02-29","39","44","31",
"USW00094789","JFK INTERNATIONAL AIRPORT, NY US","2024-03-01","35","41","28",
"USW00094789","JFK INTERNATIONAL AIRPORT, NY US","2024-03-02","44","53","41",
"USW00094789","JFK INTERNATIONAL AIRPORT, NY US","2024-03-03","53","68","47",
"USW00094789","JFK INTERNATIONAL AIRPORT, NY US","2024-03-04","50","55","42",
"USW00094789","JFK INTERNATIONAL AIRPORT, NY US","2024-03-05","44","48","42",
"USW00094789","JFK INTERNATIONAL AIRPORT, NY US","2024-03-06","46","51","45",
"USW00094789","JFK INTERNATIONAL AIRPORT, NY US","2024-03-07","50","55","44",
"USW00094789","JFK INTERNATIONAL AIRPORT, NY US","2024-03-08","45","66","39",
"USW00094789","JFK INTERNATIONAL AIRPORT, NY US","2024-03-09","42","49","40",
"USW00094789","JFK INTERNATIONAL AIRPORT, NY US","2024-03-10","46","53","37",
"USW00094789","JFK INTERNATIONAL AIRPORT, NY US","2024-03-11","43","53","35",
"USW00094789","JFK INTERNATIONAL AIRPORT, NY US","2024-03-12","52","67","41",
"USW00094789","JFK INTERNATIONAL AIRPORT, NY US","2024-03-13","51","57","41",
"USW00094789","JFK INTERNATIONAL AIRPORT, NY US","2024-03-14","50","66","41",
"USW00094789","JFK INTERNATIONAL AIRPORT, NY US","2024-03-15","58","72","49",
"USW00094789","JFK INTERNATIONAL AIRPORT, NY US","2024-03-16","51","55","43",
"USW00094789","JFK INTERNATIONAL AIRPORT, NY US","2024-03-17","53","63","47",
"USW00094789","JFK INTERNATIONAL AIRPORT, NY US","2024-03-18","49","53","38",
"USW00094789","JFK INTERNATIONAL AIRPORT, NY US","2024-03-19","41","48","35",
"USW00094789","JFK INTERNATIONAL AIRPORT, NY US","2024-03-20","45","53","34",
"USW00094789","JFK INTERNATIONAL AIRPORT, NY US","2024-03-21","37","44","30",
"USW00094789","JFK INTERNATIONAL AIRPORT, NY US","2024-03-22","34","41","28",
"USW00094789","JFK INTERNATIONAL AIRPORT, NY US","2024-03-23","45","52","35",
"USW00094789","JFK INTERNATIONAL AIRPORT, NY US","2024-03-24","38","46","31",
"USW00094789","JFK INTERNATIONAL AIRPORT, NY US","2024-03-25","41","52","34",
"USW00094789","JFK INTERNATIONAL AIRPORT, NY US","2024-03-26","43","49","38",
"USW00094789","JFK INTERNATIONAL AIRPORT, NY US","2024-03-27","44","50","40",
"USW00094789","JFK INTERNATIONAL AIRPORT, NY US","2024-03-28","47","49","44",
"USW00094789","JFK INTERNATIONAL AIRPORT, NY US","2024-03-29","47","57","42",
"USW00094789","JFK INTERNATIONAL AIRPORT, NY US","2024-03-30","48","61","41",
"USW00094789","JFK INTERNATIONAL AIRPORT, NY US","2024-03-31","54","62","45",
"USW00094789","JFK INTERNATIONAL AIRPORT, NY US","2024-04-01","51","53","44",
"USW00094789","JFK INTERNATIONAL AIRPORT, NY US","2024-04-02","46","48","42",
"USW00094789","JFK INTERNATIONAL AIRPORT, NY US","2024-04-03","43","45","41",
"USW00094789","JFK INTERNATIONAL AIRPORT, NY US","2024-04-04","43","52","37",
"USW00094789","JFK INTERNATIONAL AIRPORT, NY US","2024-04-05","44","50","38",
"USW00094789","JFK INTERNATIONAL AIRPORT, NY US","2024-04-06","46","55","42",
"USW00094789","JFK INTERNATIONAL AIRPORT, NY US","2024-04-07","48","58","41",
"USW00094789","JFK INTERNATIONAL AIRPORT, NY US","2024-04-08","49","63","40",
"USW00094789","JFK INTERNATIONAL AIRPORT, NY US","2024-04-09","56","69","45",
"USW00094789","JFK INTERNATIONAL AIRPORT, NY US","2024-04-10","54","69","50",
"USW00094789","JFK INTERNATIONAL AIRPORT, NY US","2024-04-11","53","59","50",
"USW00094789","JFK INTERNATIONAL AIRPORT, NY US","2024-04-12","56","63","53",
"USW00094789","JFK INTERNATIONAL AIRPORT, NY US","2024-04-13","53","55","47",
"USW00094789","JFK INTERNATIONAL AIRPORT, NY US","2024-04-14","54","65","43",
"USW00094789","JFK INTERNATIONAL AIRPORT, NY US","2024-04-15","62","77","52",
"USW00094789","JFK INTERNATIONAL AIRPORT, NY US","2024-04-16","61","72","50",
"USW00094789","JFK INTERNATIONAL AIRPORT, NY US","2024-04-17","53","57","46",
"USW00094789","JFK INTERNATIONAL AIRPORT, NY US","2024-04-18","48","49","45",
"USW00094789","JFK INTERNATIONAL AIRPORT, NY US","2024-04-19","48","55","44",
"USW00094789","JFK INTERNATIONAL AIRPORT, NY US","2024-04-20","53","67","47",
"USW00094789","JFK INTERNATIONAL AIRPORT, NY US","2024-04-21","49","53","41",
"USW00094789","JFK INTERNATIONAL AIRPORT, NY US","2024-04-22","51","62","42",
"USW00094789","JFK INTERNATIONAL AIRPORT, NY US","2024-04-23","50","57","41",
"USW00094789","JFK INTERNATIONAL AIRPORT, NY US","2024-04-24","55","68","49",
"USW00094789","JFK INTERNATIONAL AIRPORT, NY US","2024-04-25","50","53","42",
"USW00094789","JFK INTERNATIONAL AIRPORT, NY US","2024-04-26","47","55","37",
"USW00094789","JFK INTERNATIONAL AIRPORT, NY US","2024-04-27","49","56","42",
"USW00094789","JFK INTERNATIONAL AIRPORT, NY US","2024-04-28","56","68","50",
"USW00094789","JFK INTERNATIONAL AIRPORT, NY US","2024-04-29","67","82","58",
"USW00094789","JFK INTERNATIONAL AIRPORT, NY US","2024-04-30","60","67","52",
"USW00094789","JFK INTERNATIONAL AIRPORT, NY US","2024-05-01","58","71","51",
"USW00094789","JFK INTERNATIONAL AIRPORT, NY US","2024-05-02","56","66","50",
"USW00094789","JFK INTERNATIONAL AIRPORT, NY US","2024-05-03","58","63","49",
"USW00094789","JFK INTERNATIONAL AIRPORT, NY US","2024-05-04","53","61","48",
"USW00094789","JFK INTERNATIONAL AIRPORT, NY US","2024-05-05","51","54","49",
"USW00094789","JFK INTERNATIONAL AIRPORT, NY US","2024-05-06","59","71","54",
"USW00094789","JFK INTERNATIONAL AIRPORT, NY US","2024-05-07","65","77","57",
"USW00094789","JFK INTERNATIONAL AIRPORT, NY US","2024-05-08","65","80","58",
"USW00094789","JFK INTERNATIONAL AIRPORT, NY US","2024-05-09","68","71","54",
"USW00094789","JFK INTERNATIONAL AIRPORT, NY US","2024-05-10","53","55","49",
"USW00094789","JFK INTERNATIONAL AIRPORT, NY US","2024-05-11","52","60","47",
"USW00094789","JFK INTERNATIONAL AIRPORT, NY US","2024-05-12","51","55","49",
"USW00094789","JFK INTERNATIONAL AIRPORT, NY US","2024-05-13","54","64","48",
"USW00094789","JFK INTERNATIONAL AIRPORT, NY US","2024-05-14","59","67","53",
"USW00094789","JFK INTERNATIONAL AIRPORT, NY US","2024-05-15","60","66","58",
"USW00094789","JFK INTERNATIONAL AIRPORT, NY US","2024-05-16","62","68","59",
"USW00094789","JFK INTERNATIONAL AIRPORT, NY US","2024-05-17","65","73","58",
"USW00094789","JFK INTERNATIONAL AIRPORT, NY US","2024-05-18","63","71","59",
"USW00094789","JFK INTERNATIONAL AIRPORT, NY US","2024-05-19","63","74","53",
"USW00094789","JFK INTERNATIONAL AIRPORT, NY US","2024-05-20","60","68","53",
"USW00094789","JFK INTERNATIONAL AIRPORT, NY US","2024-05-21","63","72","56",
"USW00094789","JFK INTERNATIONAL AIRPORT, NY US","2024-05-22","67","76","60",
"USW00094789","JFK INTERNATIONAL AIRPORT, NY US","2024-05-23","68","79","62",
"USW00094789","JFK INTERNATIONAL AIRPORT, NY US","2024-05-24","73","85","59",
"USW00094789","JFK INTERNATIONAL AIRPORT, NY US","2024-05-25","69","77","60",
"USW00094789","JFK INTERNATIONAL AIRPORT, NY US","2024-05-26","67","76","63",
"USW00094789","JFK INTERNATIONAL AIRPORT, NY US","2024-05-27","68","76","65",
"USW00094789","JFK INTERNATIONAL AIRPORT, NY US","2024-05-28","72","82","63",
"USW00094789","JFK INTERNATIONAL AIRPORT, NY US","2024-05-29","70","76","62",
"USW00094789","JFK INTERNATIONAL AIRPORT, NY US","2024-05-30","65","73","58",
"USW00094789","JFK INTERNATIONAL AIRPORT, NY US","2024-05-31","68","78","60",
"USW00094789","JFK INTERNATIONAL AIRPORT, NY US","2024-06-01","72","82","62",
"USW00094789","JFK INTERNATIONAL AIRPORT, NY US","2024-06-02","71","79","62",
"USW00094789","JFK INTERNATIONAL AIRPORT, NY US","2024-06-03","74","84","66",
"USW00094789","JFK INTERNATIONAL AIRPORT, NY US","2024-06-04","70","78","64",
"USW00094789","JFK INTERNATIONAL AIRPORT, NY US","2024-06-05","70","78","63",
"USW00094789","JFK INTERNATIONAL AIRPORT, NY US","2024-06-06","74","84","69",
"USW00094789","JFK INTERNATIONAL AIRPORT, NY US","2024-06-07","76","83","67",
"USW00094789","JFK INTERNATIONAL AIRPORT, NY US","2024-06-08","73","81","65",
"USW00094789","JFK INTERNATIONAL AIRPORT, NY US","2024-06-09","71","78","65",
"USW00094789","JFK INTERNATIONAL AIRPORT, NY US","2024-06-10","70","77","63",
"USW00094789","JFK INTERNATIONAL AIRPORT, NY US","2024-06-11","67","72","60",
"USW00094789","JFK INTERNATIONAL AIRPORT, NY US","2024-06-12","68","74","62",
"USW00094789","JFK INTERNATIONAL AIRPORT, NY US","2024-06-13","70","78","63",
"USW00094789","JFK INTERNATIONAL AIRPORT, NY US","2024-06-14","72","78","66",
"USW00094789","JFK INTERNATIONAL AIRPORT, NY US","2024-06-15","73","83","65",
"USW00094789","JFK INTERNATIONAL AIRPORT, NY US","2024-06-16","70","80","63",
"USW00094789","JFK INTERNATIONAL AIRPORT, NY US","2024-06-17","71","80","64",
"USW00094789","JFK INTERNATIONAL AIRPORT, NY US","2024-06-18","74","80","69",
"USW00094789","JFK INTERNATIONAL AIRPORT, NY US","2024-06-19","74","82","67",
"USW00094789","JFK INTERNATIONAL AIRPORT, NY US","2024-06-20","75","84","68",
"USW00094789","JFK INTERNATIONAL AIRPORT, NY US","2024-06-21","78","91","68",
"USW00094789","JFK INTERNATIONAL AIRPORT, NY US","2024-06-22","78","87","72",
"USW00094789","JFK INTERNATIONAL AIRPORT, NY US","2024-06-23","76","85","70",
"USW00094789","JFK INTERNATIONAL AIRPORT, NY US","2024-06-24","77","85","69",
"USW00094789","JFK INTERNATIONAL AIRPORT, NY US","2024-06-25","79","91","71",
"USW00094789","JFK INTERNATIONAL AIRPORT, NY US","2024-06-26","75","84","68",
"USW00094789","JFK INTERNATIONAL AIRPORT, NY US","2024-06-27","76","87","70",
"USW00094789","JFK INTERNATIONAL AIRPORT, NY US","2024-06-28","71","80","63",
"USW00094789","JFK INTERNATIONAL AIRPORT, NY US","2024-06-29","71","80","64",
"USW00094789","JFK INTERNATIONAL AIRPORT, NY US","2024-06-30","73","83","70",
"USW00094789","JFK INTERNATIONAL AIRPORT, NY US","2024-07-01","74","82","64",
"USW00094789","JFK INTERNATIONAL AIRPORT, NY US","2024-07-02","74","82","65",
"USW00094789","JFK INTERNATIONAL AIRPORT, NY US","2024-07-03","72","80","64",
"USW00094789","JFK INTERNATIONAL AIRPORT, NY US","2024-07-04","73","82","68",
"USW00094789","JFK INTERNATIONAL AIRPORT, NY US","2024-07-05","76","83","71",
"USW00094789","JFK INTERNATIONAL AIRPORT, NY US","2024-07-06","75","81","70",
"USW00094789","JFK INTERNATIONAL AIRPORT, NY US","2024-07-07","80","87","73",
"USW00094789","JFK INTERNATIONAL AIRPORT, NY US","2024-07-08","80","88","72",
"USW00094789","JFK INTERNATIONAL AIRPORT, NY US","2024-07-09","76","82","72",
"USW00094789","JFK INTERNATIONAL AIRPORT, NY US","2024-07-10","78","84","74",
"USW00094789","JFK INTERNATIONAL AIRPORT, NY US","2024-07-11","79","88","72",
"USW00094789","JFK INTERNATIONAL AIRPORT, NY US","2024-07-12","77","82","72",
"USW00094789","JFK INTERNATIONAL AIRPORT, NY US","2024-07-13","76","82","72",
"USW00094789","JFK INTERNATIONAL AIRPORT, NY US","2024-07-14","80","86","75",
"USW00094789","JFK INTERNATIONAL AIRPORT, NY US","2024-07-15","78","84","72",
"USW00094789","JFK INTERNATIONAL AIRPORT, NY US","2024-07-16","83","89","78",
"USW00094789","JFK INTERNATIONAL AIRPORT, NY US","2024-07-17","81","83","74",
"USW00094789","JFK INTERNATIONAL AIRPORT, NY US","2024-07-18","78","86","72",
"USW00094789","JFK INTERNATIONAL AIRPORT, NY US","2024-07-19","76","86","68",
"USW00094789","JFK INTERNATIONAL AIRPORT, NY US","2024-07-20","75","80","68",
"USW00094789","JFK INTERNATIONAL AIRPORT, NY US","2024-07-21","78","86","72",
"USW00094789","JFK INTERNATIONAL AIRPORT, NY US","2024-07-22","77","82","72",
"USW00094789","JFK INTERNATIONAL AIRPORT, NY US","2024-07-23","77","85","73",
"USW00094789","JFK INTERNATIONAL AIRPORT, NY US","2024-07-24","78","83","75",
"USW00094789","JFK INTERNATIONAL AIRPORT, NY US","2024-07-25","79","87","75",
"USW00094789","JFK INTERNATIONAL AIRPORT, NY US","2024-07-26","77","86","68",
"USW00094789","JFK INTERNATIONAL AIRPORT, NY US","2024-07-27","78","85","69",
"USW00094789","JFK INTERNATIONAL AIRPORT, NY US","2024-07-28","78","89","71",
"USW00094789","JFK INTERNATIONAL AIRPORT, NY US","2024-07-29","76","85","68",
"USW00094789","JFK INTERNATIONAL AIRPORT, NY US","2024-07-30","78","84","72",
"USW00094789","JFK INTERNATIONAL AIRPORT, NY US","2024-07-31","79","91","75",
"USW00094789","JFK INTERNATIONAL AIRPORT, NY US","2024-08-01","83","93","75",
"USW00094789","JFK INTERNATIONAL AIRPORT, NY US","2024-08-02","83","91","75",
"USW00094789","JFK INTERNATIONAL AIRPORT, NY US","2024-08-03","81","88","74",
"USW00094789","JFK INTERNATIONAL AIRPORT, NY US","2024-08-04","76","81","72",
"USW00094789","JFK INTERNATIONAL AIRPORT, NY US","2024-08-05","80","89","72",
"USW00094789","JFK INTERNATIONAL AIRPORT, NY US","2024-08-06","80","87","72",
"USW00094789","JFK INTERNATIONAL AIRPORT, NY US","2024-08-07","70","73","66",
"USW00094789","JFK INTERNATIONAL AIRPORT, NY US","2024-08-08","68","74","66",
"USW00094789","JFK INTERNATIONAL AIRPORT, NY US","2024-08-09","76","83","73",
"USW00094789","JFK INTERNATIONAL AIRPORT, NY US","2024-08-10","80","87","74",
"USW00094789","JFK INTERNATIONAL AIRPORT, NY US","2024-08-11","78","82","73",
"USW00094789","JFK INTERNATIONAL AIRPORT, NY US","2024-08-12","74","83","64",
"USW00094789","JFK INTERNATIONAL AIRPORT, NY US","2024-08-13","74","84","65",
"USW00094789","JFK INTERNATIONAL AIRPORT, NY US","2024-08-14","77","88","68",
"USW00094789","JFK INTERNATIONAL AIRPORT, NY US","2024-08-15","78","88","69",
"USW00094789","JFK INTERNATIONAL AIRPORT, NY US","2024-08-16","78","86","72",
"USW00094789","JFK INTERNATIONAL AIRPORT, NY US","2024-08-17","75","80","70",
"USW00094789","JFK INTERNATIONAL AIRPORT, NY US","2024-08-18","75","81","71",
"USW00094789","JFK INTERNATIONAL AIRPORT, NY US","2024-08-19","76","86","70",
"USW00094789","JFK INTERNATIONAL AIRPORT, NY US","2024-08-20","71","76","63",
"USW00094789","JFK INTERNATIONAL AIRPORT, NY US","2024-08-21","67","77","58",
"USW00094789","JFK INTERNATIONAL AIRPORT, NY US","2024-08-22","69","80","61",
"USW00094789","JFK INTERNATIONAL AIRPORT, NY US","2024-08-23","73","83","60",
"USW00094789","JFK INTERNATIONAL AIRPORT, NY US","2024-08-24","74","84","64",
"USW00094789","JFK INTERNATIONAL AIRPORT, NY US","2024-08-25","74","83","67",
"USW00094789","JFK INTERNATIONAL AIRPORT, NY US","2024-08-26","74","82","66",
"USW00094789","JFK INTERNATIONAL AIRPORT, NY US","2024-08-27","75","84","67",
"USW00094789","JFK INTERNATIONAL AIRPORT, NY US","2024-08-28","80","95","72",
"USW00094789","JFK INTERNATIONAL AIRPORT, NY US","2024-08-29","77","82","70",
"USW00094789","JFK INTERNATIONAL AIRPORT, NY US","2024-08-30","70","76","62",
"USW00094789","JFK INTERNATIONAL AIRPORT, NY US","2024-08-31","73","80","69",
"USW00094789","JFK INTERNATIONAL AIRPORT, NY US","2024-09-01","75","82","73",
"USW00094789","JFK INTERNATIONAL AIRPORT, NY US","2024-09-02","75","83","64",
"USW00094789","JFK INTERNATIONAL AIRPORT, NY US","2024-09-03","67","76","57",
"USW00094789","JFK INTERNATIONAL AIRPORT, NY US","2024-09-04","67","77","57",
"USW00094789","JFK INTERNATIONAL AIRPORT, NY US","2024-09-05","68","78","57",
"USW00094789","JFK INTERNATIONAL AIRPORT, NY US","2024-09-06","69","79","63",
"USW00094789","JFK INTERNATIONAL AIRPORT, NY US","2024-09-07","70","75","60",
"USW00094789","JFK INTERNATIONAL AIRPORT, NY US","2024-09-08","64","74","56",
"USW00094789","JFK INTERNATIONAL AIRPORT, NY US","2024-09-09","67","79","57",
"USW00094789","JFK INTERNATIONAL AIRPORT, NY US","2024-09-10","71","81","63",
"USW00094789","JFK INTERNATIONAL AIRPORT, NY US","2024-09-11","69","78","60",
"USW00094789","JFK INTERNATIONAL AIRPORT, NY US","2024-09-12","68","78","59",
"USW00094789","JFK INTERNATIONAL AIRPORT, NY US","2024-09-13","69","79","60",
"USW00094789","JFK INTERNATIONAL AIRPORT, NY US","2024-09-14","72","85","63",
"USW00094789","JFK INTERNATIONAL AIRPORT, NY US","2024-09-15","71","81","60",
"USW00094789","JFK INTERNATIONAL AIRPORT, NY US","2024-09-16","67","78","58",
"USW00094789","JFK INTERNATIONAL AIRPORT, NY US","2024-09-17","71","81","65",
"USW00094789","JFK INTERNATIONAL AIRPORT, NY US","2024-09-18","71","80","67",
"USW00094789","JFK INTERNATIONAL AIRPORT, NY US","2024-09-19","76","87","69",
"USW00094789","JFK INTERNATIONAL AIRPORT, NY US","2024-09-20","75","84","67",
"USW00094789","JFK INTERNATIONAL AIRPORT, NY US","2024-09-21","71","81","64",
"USW00094789","JFK INTERNATIONAL AIRPORT, NY US","2024-09-22","68","77","62",
"USW00094789","JFK INTERNATIONAL AIRPORT, NY US","2024-09-23","65","71","60",
"USW00094789","JFK INTERNATIONAL AIRPORT, NY US","2024-09-24","65","71","60",
"USW00094789","JFK INTERNATIONAL AIRPORT, NY US","2024-09-25","65","69","62",
"USW00094789","JFK INTERNATIONAL AIRPORT, NY US","2024-09-26","69","73","66",
"USW00094789","JFK INTERNATIONAL AIRPORT, NY US","2024-09-27","70","73","66",
"USW00094789","JFK INTERNATIONAL AIRPORT, NY US","2024-09-28","66","68","62",
"USW00094789","JFK INTERNATIONAL AIRPORT, NY US","2024-09-29","62","64","61",
"USW00094789","JFK INTERNATIONAL AIRPORT, NY US","2024-09-30","65","73","61",
"USW00094789","JFK INTERNATIONAL AIRPORT, NY US","2024-10-01","64","72","59",
"USW00094789","JFK INTERNATIONAL AIRPORT, NY US","2024-10-02","63","69","56",
"USW00094789","JFK INTERNATIONAL AIRPORT, NY US","2024-10-03","65","73","61",
"USW00094789","JFK INTERNATIONAL AIRPORT, NY US","2024-10-04","65","74","57",
"USW00094789","JFK INTERNATIONAL AIRPORT, NY US","2024-10-05","69","78","60",
"USW00094789","JFK INTERNATIONAL AIRPORT, NY US","2024-10-06","63","70","55",
"USW00094789","JFK INTERNATIONAL AIRPORT, NY US","2024-10-07","69","80","59",
"USW00094789","JFK INTERNATIONAL AIRPORT, NY US","2024-10-08","62","69","55",
"USW00094789","JFK INTERNATIONAL AIRPORT, NY US","2024-10-09","63","71","54",
"USW00094789","JFK INTERNATIONAL AIRPORT, NY US","2024-10-10","58","65","45",
"USW00094789","JFK INTERNATIONAL AIRPORT, NY US","2024-10-11","57","72","42",
"USW00094789","JFK INTERNATIONAL AIRPORT, NY US","2024-10-12","67","78","52",
"USW00094789","JFK INTERNATIONAL AIRPORT, NY US","2024-10-13","64","73","53",
"USW00094789","JFK INTERNATIONAL AIRPORT, NY US","2024-10-14","61","71","49",
"USW00094789","JFK INTERNATIONAL AIRPORT, NY US","2024-10-15","52","60","46",
"USW00094789","JFK INTERNATIONAL AIRPORT, NY US","2024-10-16","53","62","45",
"USW00094789","JFK INTERNATIONAL AIRPORT, NY US","2024-10-17","53","63","43",
"USW00094789","JFK INTERNATIONAL AIRPORT, NY US","2024-10-18","58","69","48",
"USW00094789","JFK INTERNATIONAL AIRPORT, NY US","2024-10-19","57","67","47",
"USW00094789","JFK INTERNATIONAL AIRPORT, NY US","2024-10-20","60","73","50",
"USW00094789","JFK INTERNATIONAL AIRPORT, NY US","2024-10-21","62","78","51",
"USW00094789","JFK INTERNATIONAL AIRPORT, NY US","2024-10-22","68","80","57",
"USW00094789","JFK INTERNATIONAL AIRPORT, NY US","2024-10-23","64","72","56",
"USW00094789","JFK INTERNATIONAL AIRPORT, NY US","2024-10-24","65","72","54",
"USW00094789","JFK INTERNATIONAL AIRPORT, NY US","2024-10-25","56","63","47",
"USW00094789","JFK INTERNATIONAL AIRPORT, NY US","2024-10-26","60","69","52",
"USW00094789","JFK INTERNATIONAL AIRPORT, NY US","2024-10-27","54","60","45",
"USW00094789","JFK INTERNATIONAL AIRPORT, NY US","2024-10-28","53","62","43",
"USW00094789","JFK INTERNATIONAL AIRPORT, NY US","2024-10-29","58","67","51",
"USW00094789","JFK INTERNATIONAL AIRPORT, NY US","2024-10-30","63","73","56",
"USW00094789","JFK INTERNATIONAL AIRPORT, NY US","2024-10-31","65","78","57",
"USW00094789","JFK INTERNATIONAL AIRPORT, NY US","2024-11-01","69","82","57",
"USW00094789","JFK INTERNATIONAL AIRPORT, NY US","2024-11-02","59","64","46",
"USW00094789","JFK INTERNATIONAL AIRPORT, NY US","2024-11-03","49","57","40",
"USW00094789","JFK INTERNATIONAL AIRPORT, NY US","2024-11-04","49","60","39",
"USW00094789","JFK INTERNATIONAL AIRPORT, NY US","2024-11-05","58","71","53",
"USW00094789","JFK INTERNATIONAL AIRPORT, NY US","2024-11-06","66","75","61",
"USW00094789","JFK INTERNATIONAL AIRPORT, NY US","2024-11-07","69","77","54",
"USW00094789","JFK INTERNATIONAL AIRPORT, NY US","2024-11-08","60","71","48",
"USW00094789","JFK INTERNATIONAL AIRPORT, NY US","2024-11-09","53","57","43",
"USW00094789","JFK INTERNATIONAL AIRPORT, NY US","2024-11-10","49","60","38",
"USW00094789","JFK INTERNATIONAL AIRPORT, NY US","2024-11-11","62","71","58",
"USW00094789","JFK INTERNATIONAL AIRPORT, NY US","2024-11-12","56","61","42",
"USW00094789","JFK INTERNATIONAL AIRPORT, NY US","2024-11-13","44","52","37",
"USW00094789","JFK INTERNATIONAL AIRPORT, NY US","2024-11-14","42","49","34",
"USW00094789","JFK INTERNATIONAL AIRPORT, NY US","2024-11-15","49","60","41",
"USW00094789","JFK INTERNATIONAL AIRPORT, NY US","2024-11-16","54","66","44",
"USW00094789","JFK INTERNATIONAL AIRPORT, NY US","2024-11-17","55","66","44",
"USW00094789","JFK INTERNATIONAL AIRPORT, NY US","2024-11-18","58","70","48",
"USW00094789","JFK INTERNATIONAL AIRPORT, NY US","2024-11-19","54","61","46",
"USW00094789","JFK INTERNATIONAL AIRPORT, NY US","2024-11-20","56","61","52",
"USW00094789","JFK INTERNATIONAL AIRPORT, NY US","2024-11-21","51","55","40",
"USW00094789","JFK INTERNATIONAL AIRPORT, NY US","2024-11-22","42","44","38",
"USW00094789","JFK INTERNATIONAL AIRPORT, NY US","2024-11-23","44","53","37",
"USW00094789","JFK INTERNATIONAL AIRPORT, NY US","2024-11-24","51","56","46",
"USW00094789","JFK INTERNATIONAL AIRPORT, NY US","2024-11-25","49","55","42",
"USW00094789","JFK INTERNATIONAL AIRPORT, NY US","2024-11-26","55","62","46",
"USW00094789","JFK INTERNATIONAL AIRPORT, NY US","2024-11-27","49","54","41",
"USW00094789","JFK INTERNATIONAL AIRPORT, NY US","2024-11-28","49","56","43",
"USW00094789","JFK INTERNATIONAL AIRPORT, NY US","2024-11-29","44","51","36",
"USW00094789","JFK INTERNATIONAL AIRPORT, NY US","2024-11-30","37","42","32",
"USW00094789","JFK INTERNATIONAL AIRPORT, NY US","2024-12-01","34","40","29",
"USW00094789","JFK INTERNATIONAL AIRPORT, NY US","2024-12-02","36","43","30",
"USW00094789","JFK INTERNATIONAL AIRPORT, NY US","2024-12-03","38","44","32",
"USW00094789","JFK INTERNATIONAL AIRPORT, NY US","2024-12-04","36","44","29",
"USW00094789","JFK INTERNATIONAL AIRPORT, NY US","2024-12-05","40","44","32",
"USW00094789","JFK INTERNATIONAL AIRPORT, NY US","2024-12-06","34","38","31",
"USW00094789","JFK INTERNATIONAL AIRPORT, NY US","2024-12-07","36","44","33",
"USW00094789","JFK INTERNATIONAL AIRPORT, NY US","2024-12-08","45","58","38",
"USW00094789","JFK INTERNATIONAL AIRPORT, NY US","2024-12-09","45","53","35",
"USW00094789","JFK INTERNATIONAL AIRPORT, NY US","2024-12-10","49","56","45",
"USW00094789","JFK INTERNATIONAL AIRPORT, NY US","2024-12-11","56","61","43",
"USW00094789","JFK INTERNATIONAL AIRPORT, NY US","2024-12-12","42","44","31",
"USW00094789","JFK INTERNATIONAL AIRPORT, NY US","2024-12-13","32","37","27",
"USW00094789","JFK INTERNATIONAL AIRPORT, NY US","2024-12-14","30","37","25",
"USW00094789","JFK INTERNATIONAL AIRPORT, NY US","2024-12-15","33","43","26",
"USW00094789","JFK INTERNATIONAL AIRPORT, NY US","2024-12-16","45","53","39",
"USW00094789","JFK INTERNATIONAL AIRPORT, NY US","2024-12-17","53","58","44",
"USW00094789","JFK INTERNATIONAL AIRPORT, NY US","2024-12-18","48","54","37",
"USW00094789","JFK INTERNATIONAL AIRPORT, NY US","2024-12-19","45","49","38",
"USW00094789","JFK INTERNATIONAL AIRPORT, NY US","2024-12-20","38","40","35",
"USW00094789","JFK INTERNATIONAL AIRPORT, NY US","2024-12-21","33","36","21",
"USW00094789","JFK INTERNATIONAL AIRPORT, NY US","2024-12-22","21","23","15",
"USW00094789","JFK INTERNATIONAL AIRPORT, NY US","2024-12-23","20","34","12",
"USW00094789","JFK INTERNATIONAL AIRPORT, NY US","2024-12-24","34","41","31",
"USW00094789","JFK INTERNATIONAL AIRPORT, NY US","2024-12-25","35","39","29",
"USW00094789","JFK INTERNATIONAL AIRPORT, NY US","2024-12-26","31","41","25",
"USW00094789","JFK INTERNATIONAL AIRPORT, NY US","2024-12-27","33","42","26",
"USW00094789","JFK INTERNATIONAL AIRPORT, NY US","2024-12-28","44","51","41",
"USW00094789","JFK INTERNATIONAL AIRPORT, NY US","2024-12-29","51","57","49",
"USW00094789","JFK INTERNATIONAL AIRPORT, NY US","2024-12-30","55","60","45",
"USW00094789","JFK INTERNATIONAL AIRPORT, NY US","2024-12-31","47","54","38",
"USW00094789","JFK INTERNATIONAL AIRPORT, NY US","2025-01-01","48","53","41",
"USW00094789","JFK INTERNATIONAL AIRPORT, NY US","2025-01-02","42","46","35",
"USW00094789","JFK INTERNATIONAL AIRPORT, NY US","2025-01-03","37","41","33",
"USW00094789","JFK INTERNATIONAL AIRPORT, NY US","2025-01-04","33","37","30",
"USW00094789","JFK INTERNATIONAL AIRPORT, NY US","2025-01-05","32","37","29",
"USW00094789","JFK INTERNATIONAL AIRPORT, NY US","2025-01-06","31","33","24",
"USW00094789","JFK INTERNATIONAL AIRPORT, NY US","2025-01-07","27","36","20",
"USW00094789","JFK INTERNATIONAL AIRPORT, NY US","2025-01-08","29","33","24",
"USW00094789","JFK INTERNATIONAL AIRPORT, NY US","2025-01-09","29","37","24",
"USW00094789","JFK INTERNATIONAL AIRPORT, NY US","2025-01-10","34","44","29",
"USW00094789","JFK INTERNATIONAL AIRPORT, NY US","2025-01-11","35","38","30",
"USW00094789","JFK INTERNATIONAL AIRPORT, NY US","2025-01-12","37","46","31",
"USW00094789","JFK INTERNATIONAL AIRPORT, NY US","2025-01-13","37","43","30",
"USW00094789","JFK INTERNATIONAL AIRPORT, NY US","2025-01-14","34","38","28",
"USW00094789","JFK INTERNATIONAL AIRPORT, NY US","2025-01-15","30","36","25",
"USW00094789","JFK INTERNATIONAL AIRPORT, NY US","2025-01-16","29","32","25",
"USW00094789","JFK INTERNATIONAL AIRPORT, NY US","2025-01-17","34","44","27",
"USW00094789","JFK INTERNATIONAL AIRPORT, NY US","2025-01-18","42","48","35",
"USW00094789","JFK INTERNATIONAL AIRPORT, NY US","2025-01-19","40","43","29",
"USW00094789","JFK INTERNATIONAL AIRPORT, NY US","2025-01-20","26","29","19",
"USW00094789","JFK INTERNATIONAL AIRPORT, NY US","2025-01-21","18","20","14",
"USW00094789","JFK INTERNATIONAL AIRPORT, NY US","2025-01-22","18","23","13",
"USW00094789","JFK INTERNATIONAL AIRPORT, NY US","2025-01-23","23","30","16",
"USW00094789","JFK INTERNATIONAL AIRPORT, NY US","2025-01-24","29","35","20",
"USW00094789","JFK INTERNATIONAL AIRPORT, NY US","2025-01-25","27","33","18",
"USW00094789","JFK INTERNATIONAL AIRPORT, NY US","2025-01-26","36","45","29",
"USW00094789","JFK INTERNATIONAL AIRPORT, NY US","2025-01-27","35","42","29",
"USW00094789","JFK INTERNATIONAL AIRPORT, NY US","2025-01-28","40","46","30",
"USW00094789","JFK INTERNATIONAL AIRPORT, NY US","2025-01-29","43","55","34",
"USW00094789","JFK INTERNATIONAL AIRPORT, NY US","2025-01-30","34","40","26",
"USW00094789","JFK INTERNATIONAL AIRPORT, NY US","2025-01-31","42","48","40",
"USW00094789","JFK INTERNATIONAL AIRPORT, NY US","2025-02-01","42","50","23",
"USW00094789","JFK INTERNATIONAL AIRPORT, NY US","2025-02-02","26","39","19",
"USW00094789","JFK INTERNATIONAL AIRPORT, NY US","2025-02-03","39","46","32",
"USW00094789","JFK INTERNATIONAL AIRPORT, NY US","2025-02-04","45","50","33",
"USW00094789","JFK INTERNATIONAL AIRPORT, NY US","2025-02-05","34","42","29",
"USW00094789","JFK INTERNATIONAL AIRPORT, NY US","2025-02-06","36","42","33",
"USW00094789","JFK INTERNATIONAL AIRPORT, NY US","2025-02-07","41","48","31",
"USW00094789","JFK INTERNATIONAL AIRPORT, NY US","2025-02-08","32","37","27",
"USW00094789","JFK INTERNATIONAL AIRPORT, NY US","2025-02-09","35","38","34",
"USW00094789","JFK INTERNATIONAL AIRPORT, NY US","2025-02-10","36","39","30",
"USW00094789","JFK INTERNATIONAL AIRPORT, NY US","2025-02-11","33","38","26",
"USW00094789","JFK INTERNATIONAL AIRPORT, NY US","2025-02-12","35","38","33",
"USW00094789","JFK INTERNATIONAL AIRPORT, NY US","2025-02-13","41","49","38",
"USW00094789","JFK INTERNATIONAL AIRPORT, NY US","2025-02-14","37","40","32",
"USW00094789","JFK INTERNATIONAL AIRPORT, NY US","2025-02-15","33","38","28",
"USW00094789","JFK INTERNATIONAL AIRPORT, NY US","2025-02-16","41","52","36",
"USW00094789","JFK INTERNATIONAL AIRPORT, NY US","2025-02-17","37","39","29",
"USW00094789","JFK INTERNATIONAL AIRPORT, NY US","2025-02-18","27","32","22",
"USW00094789","JFK INTERNATIONAL AIRPORT, NY US","2025-02-19","26","36","20",
"USW00094789","JFK INTERNATIONAL AIRPORT, NY US","2025-02-20","26","34","20",
"USW00094789","JFK INTERNATIONAL AIRPORT, NY US","2025-02-21","29","40","24",
"USW00094789","JFK INTERNATIONAL AIRPORT, NY US","2025-02-22","31","41","23",
"USW00094789","JFK INTERNATIONAL AIRPORT, NY US","2025-02-23","39","50","33",
"USW00094789","JFK INTERNATIONAL AIRPORT, NY US","2025-02-24","42","50","33",
"USW00094789","JFK INTERNATIONAL AIRPORT, NY US","2025-02-25","45","55","39",
"USW00094789","JFK INTERNATIONAL AIRPORT, NY US","2025-02-26","51","60","39",
"USW00094789","JFK INTERNATIONAL AIRPORT, NY US","2025-02-27","48","53","44",
"USW00094789","JFK INTERNATIONAL AIRPORT, NY US","2025-02-28","49","55","42",
"USW00094789","JFK INTERNATIONAL AIRPORT, NY US","2025-03-01","49","67","30",
"USW00094789","JFK INTERNATIONAL AIRPORT, NY US","2025-03-02","31","38","23",
"USW00094789","JFK INTERNATIONAL AIRPORT, NY US","2025-03-03","30","40","24",
"USW00094789","JFK INTERNATIONAL AIRPORT, NY US","2025-03-04","40","49","30",
"USW00094789","JFK INTERNATIONAL AIRPORT, NY US","2025-03-05","48","55","42",
"USW00094789","JFK INTERNATIONAL AIRPORT, NY US","2025-03-06","51","57","38",
"USW00094789","JFK INTERNATIONAL AIRPORT, NY US","2025-03-07","44","54","37",
"USW00094789","JFK INTERNATIONAL AIRPORT, NY US","2025-03-08","46","49","38",
"USW00094789","JFK INTERNATIONAL AIRPORT, NY US","2025-03-09","44","57","34",
"USW00094789","JFK INTERNATIONAL AIRPORT, NY US","2025-03-10","50","63","39",
"USW00094789","JFK INTERNATIONAL AIRPORT, NY US","2025-03-11","49","62","37",
"USW00094789","JFK INTERNATIONAL AIRPORT, NY US","2025-03-12","49","57","42",
"USW00094789","JFK INTERNATIONAL AIRPORT, NY US","2025-03-13","45","52","38",
"USW00094789","JFK INTERNATIONAL AIRPORT, NY US","2025-03-14","47","54","42",
"USW00094789","JFK INTERNATIONAL AIRPORT, NY US","2025-03-15","45","48","43",
"USW00094789","JFK INTERNATIONAL AIRPORT, NY US","2025-03-16","51","56","48",
"USW00094789","JFK INTERNATIONAL AIRPORT, NY US","2025-03-17","54","60","41",
"USW00094789","JFK INTERNATIONAL AIRPORT, NY US","2025-03-18","47","61","37",
"USW00094789","JFK INTERNATIONAL AIRPORT, NY US","2025-03-19","49","60","38",
"USW00094789","JFK INTERNATIONAL AIRPORT, NY US","2025-03-20","45","50","42",
"USW00094789","JFK INTERNATIONAL AIRPORT, NY US","2025-03-21","48","54","40",
"USW00094789","JFK INTERNATIONAL AIRPORT, NY US","2025-03-22","49","62","38",
"USW00094789","JFK INTERNATIONAL AIRPORT, NY US","2025-03-23","41","48","32",
"USW00094789","JFK INTERNATIONAL AIRPORT, NY US","2025-03-24","44","50","40",
"USW00094789","JFK INTERNATIONAL AIRPORT, NY US","2025-03-25","52","61","44",
"USW00094789","JFK INTERNATIONAL AIRPORT, NY US","2025-03-26","47","54","39",
"USW00094789","JFK INTERNATIONAL AIRPORT, NY US","2025-03-27","44","54","35",
"USW00094789","JFK INTERNATIONAL AIRPORT, NY US","2025-03-28","50","63","42",
"USW00094789","JFK INTERNATIONAL AIRPORT, NY US","2025-03-29","59","82","44",
"USW00094789","JFK INTERNATIONAL AIRPORT, NY US","2025-03-30","46","50","44",
"USW00094789","JFK INTERNATIONAL AIRPORT, NY US","2025-03-31","52","62","48",
"USW00094789","JFK INTERNATIONAL AIRPORT, NY US","2025-04-01","51","57","43",
"USW00094789","JFK INTERNATIONAL AIRPORT, NY US","2025-04-02","43","48","37",
"USW00094789","JFK INTERNATIONAL AIRPORT, NY US","2025-04-03","51","60","45",
"USW00094789","JFK INTERNATIONAL AIRPORT, NY US","2025-04-04","64","71","57",
"USW00094789","JFK INTERNATIONAL AIRPORT, NY US","2025-04-05","52","58","45",
"USW00094789","JFK INTERNATIONAL AIRPORT, NY US","2025-04-06","49","59","45",
"USW00094789","JFK INTERNATIONAL AIRPORT, NY US","2025-04-07","46","52","40",
"USW00094789","JFK INTERNATIONAL AIRPORT, NY US","2025-04-08","44","49","36",
"USW00094789","JFK INTERNATIONAL AIRPORT, NY US","2025-04-09","40","49","32",
"USW00094789","JFK INTERNATIONAL AIRPORT, NY US","2025-04-10","44","50","39",
"USW00094789","JFK INTERNATIONAL AIRPORT, NY US","2025-04-11","45","49","40",
"USW00094789","JFK INTERNATIONAL AIRPORT, NY US","2025-04-12","40","41","38",
"USW00094789","JFK INTERNATIONAL AIRPORT, NY US","2025-04-13","47","59","40",
"USW00094789","JFK INTERNATIONAL AIRPORT, NY US","2025-04-14","54","62","43",
"USW00094789","JFK INTERNATIONAL AIRPORT, NY US","2025-04-15","55","71","47",
"USW00094789","JFK INTERNATIONAL AIRPORT, NY US","2025-04-16","50","52","45",
"USW00094789","JFK INTERNATIONAL AIRPORT, NY US","2025-04-17","53","66","43",
"USW00094789","JFK INTERNATIONAL AIRPORT, NY US","2025-04-18","53","62","40",
"USW00094789","JFK INTERNATIONAL AIRPORT, NY US","2025-04-19","62","78","52",
"USW00094789","JFK INTERNATIONAL AIRPORT, NY US","2025-04-20","66","71","52",
"USW00094789","JFK INTERNATIONAL AIRPORT, NY US","2025-04-21","53","56","47",
"USW00094789","JFK INTERNATIONAL AIRPORT, NY US","2025-04-22","60","75","50",
"USW00094789","JFK INTERNATIONAL AIRPORT, NY US","2025-04-23","63","70","50",
"USW00094789","JFK INTERNATIONAL AIRPORT, NY US","2025-04-24","59","74","47",
"USW00094789","JFK INTERNATIONAL AIRPORT, NY US","2025-04-25","61","71","52",
"USW00094789","JFK INTERNATIONAL AIRPORT, NY US","2025-04-26","60","69","54",
"USW00094789","JFK INTERNATIONAL AIRPORT, NY US","2025-04-27","57","63","49",
"USW00094789","JFK INTERNATIONAL AIRPORT, NY US","2025-04-28","63","75","53",
"USW00094789","JFK INTERNATIONAL AIRPORT, NY US","2025-04-29","59","68","50",
"USW00094789","JFK INTERNATIONAL AIRPORT, NY US","2025-04-30","68","77","58",
"USW00094789","JFK INTERNATIONAL AIRPORT, NY US","2025-05-01","60","67","50",
"USW00094789","JFK INTERNATIONAL AIRPORT, NY US","2025-05-02","63","77","56",
"USW00094789","JFK INTERNATIONAL AIRPORT, NY US","2025-05-03","63","71","55",
"USW00094789","JFK INTERNATIONAL AIRPORT, NY US","2025-05-04","62","67","58",
"USW00094789","JFK INTERNATIONAL AIRPORT, NY US","2025-05-05","61","66","59",
"USW00094789","JFK INTERNATIONAL AIRPORT, NY US","2025-05-06","60","65","54",
"USW00094789","JFK INTERNATIONAL AIRPORT, NY US","2025-05-07","62","72","54",
"USW00094789","JFK INTERNATIONAL AIRPORT, NY US","2025-05-08","65","74","58",
"USW00094789","JFK INTERNATIONAL AIRPORT, NY US","2025-05-09","61","63","54",
"USW00094789","JFK INTERNATIONAL AIRPORT, NY US","2025-05-10","62","74","52",
"USW00094789","JFK INTERNATIONAL AIRPORT, NY US","2025-05-11","68","79","54",
"USW00094789","JFK INTERNATIONAL AIRPORT, NY US","2025-05-12","62","70","52",
"USW00094789","JFK INTERNATIONAL AIRPORT, NY US","2025-05-13","63","72","59",
"USW00094789","JFK INTERNATIONAL AIRPORT, NY US","2025-05-14","62","65","60",
"USW00094789","JFK INTERNATIONAL AIRPORT, NY US","2025-05-15","65","72","61",
"USW00094789","JFK INTERNATIONAL AIRPORT, NY US","2025-05-16","63","71","61",
"USW00094789","JFK INTERNATIONAL AIRPORT, NY US","2025-05-17","67","82","61",
"USW00094789","JFK INTERNATIONAL AIRPORT, NY US","2025-05-18","71","78","63",
"USW00094789","JFK INTERNATIONAL AIRPORT, NY US","2025-05-19","67","74","53",
"USW00094789","JFK INTERNATIONAL AIRPORT, NY US","2025-05-20","59","69","50",
"USW00094789","JFK INTERNATIONAL AIRPORT, NY US","2025-05-21","55","58","50",
"USW00094789","JFK INTERNATIONAL AIRPORT, NY US","2025-05-22","51","55","49",
"USW00094789","JFK INTERNATIONAL AIRPORT, NY US","2025-05-23","54","67","48",
"USW00094789","JFK INTERNATIONAL AIRPORT, NY US","2025-05-24","59","68","51",
"USW00094789","JFK INTERNATIONAL AIRPORT, NY US","2025-05-25","62","70","54",
"USW00094789","JFK INTERNATIONAL AIRPORT, NY US","2025-05-26","63","73","54",
"USW00094789","JFK INTERNATIONAL AIRPORT, NY US","2025-05-27","63","73","54",
"USW00094789","JFK INTERNATIONAL AIRPORT, NY US","2025-05-28","60","66","55",
"USW00094789","JFK INTERNATIONAL AIRPORT, NY US","2025-05-29","61","70","57",
"USW00094789","JFK INTERNATIONAL AIRPORT, NY US","2025-05-30","63","72","58",
"USW00094789","JFK INTERNATIONAL AIRPORT, NY US","2025-05-31","65","73","55",
"USW00094789","JFK INTERNATIONAL AIRPORT, NY US","2025-06-01","60","70","52",
"USW00094789","JFK INTERNATIONAL AIRPORT, NY US","2025-06-02","63","72","52",
"USW00094789","JFK INTERNATIONAL AIRPORT, NY US","2025-06-03","66","76","54",
"USW00094789","JFK INTERNATIONAL AIRPORT, NY US","2025-06-04","67","76","59",
"USW00094789","JFK INTERNATIONAL AIRPORT, NY US","2025-06-05","72","81","64",
"USW00094789","JFK INTERNATIONAL AIRPORT, NY US","2025-06-06","73","81","68",
"USW00094789","JFK INTERNATIONAL AIRPORT, NY US","2025-06-07","70","75","66",
"USW00094789","JFK INTERNATIONAL AIRPORT, NY US","2025-06-08","69","75","63",
"USW00094789","JFK INTERNATIONAL AIRPORT, NY US","2025-06-09","64","66","62",
"USW00094789","JFK INTERNATIONAL AIRPORT, NY US","2025-06-10","66","75","63",
"USW00094789","JFK INTERNATIONAL AIRPORT, NY US","2025-06-11","73","83","65",
"USW00094789","JFK INTERNATIONAL AIRPORT, NY US","2025-06-12","78","90","67",
"USW00094789","JFK INTERNATIONAL AIRPORT, NY US","2025-06-13","75","79","66",
"USW00094789","JFK INTERNATIONAL AIRPORT, NY US","2025-06-14","64","66","60",
"USW00094789","JFK INTERNATIONAL AIRPORT, NY US","2025-06-15","61","63","59",
"USW00094789","JFK INTERNATIONAL AIRPORT, NY US","2025-06-16","64","71","61",
"USW00094789","JFK INTERNATIONAL AIRPORT, NY US","2025-06-17","65","66","64",
"USW00094789","JFK INTERNATIONAL AIRPORT, NY US","2025-06-18","69","82","65",
"USW00094789","JFK INTERNATIONAL AIRPORT, NY US","2025-06-19","76","85","68",
"USW00094789","JFK INTERNATIONAL AIRPORT, NY US","2025-06-20","76","86","69",
"USW00094789","JFK INTERNATIONAL AIRPORT, NY US","2025-06-21","78","87","70",
"USW00094789","JFK INTERNATIONAL AIRPORT, NY US","2025-06-22","79","91","72",
"USW00094789","JFK INTERNATIONAL AIRPORT, NY US","2025-06-23","83","90","75",
"USW00094789","JFK INTERNATIONAL AIRPORT, NY US","2025-06-24","87","102","76",
"USW00094789","JFK INTERNATIONAL AIRPORT, NY US","2025-06-25","90","102","81",
"USW00094789","JFK INTERNATIONAL AIRPORT, NY US","2025-06-26","77","85","68",
"USW00094789","JFK INTERNATIONAL AIRPORT, NY US","2025-06-27","68","72","64",
"USW00094789","JFK INTERNATIONAL AIRPORT, NY US","2025-06-28","71","82","64",
"USW00094789","JFK INTERNATIONAL AIRPORT, NY US","2025-06-29","81","92","74",
"USW00094789","JFK INTERNATIONAL AIRPORT, NY US","2025-06-30","80","90","71",
"USW00094789","JFK INTERNATIONAL AIRPORT, NY US","2025-07-01","79","91","74",
"USW00094789","JFK INTERNATIONAL AIRPORT, NY US","2025-07-02","76","81","73",
"USW00094789","JFK INTERNATIONAL AIRPORT, NY US","2025-07-03","80","89","72",
"USW00094789","JFK INTERNATIONAL AIRPORT, NY US","2025-07-04","76","87","68",
"USW00094789","JFK INTERNATIONAL AIRPORT, NY US","2025-07-05","76","86","67",
"USW00094789","JFK INTERNATIONAL AIRPORT, NY US","2025-07-06","78","86","71",
"USW00094789","JFK INTERNATIONAL AIRPORT, NY US","2025-07-07","79","87","75",
"USW00094789","JFK INTERNATIONAL AIRPORT, NY US","2025-07-08","83","93","75",
"USW00094789","JFK INTERNATIONAL AIRPORT, NY US","2025-07-09","80","89","75",
"USW00094789","JFK INTERNATIONAL AIRPORT, NY US","2025-07-10","77","81","73",
"USW00094789","JFK INTERNATIONAL AIRPORT, NY US","2025-07-11","76","83","72",
"USW00094789","JFK INTERNATIONAL AIRPORT, NY US","2025-07-12","77","82","72",
"USW00094789","JFK INTERNATIONAL AIRPORT, NY US","2025-07-13","76","83","72",
"USW00094789","JFK INTERNATIONAL AIRPORT, NY US","2025-07-14","80","87","74",
"USW00094789","JFK INTERNATIONAL AIRPORT, NY US","2025-07-15","78","83","74",
"USW00094789","JFK INTERNATIONAL AIRPORT, NY US","2025-07-16","81","85","77",
"USW00094789","JFK INTERNATIONAL AIRPORT, NY US","2025-07-17","84","92","78",
"USW00094789","JFK INTERNATIONAL AIRPORT, NY US","2025-07-18","82","85","75",
"USW00094789","JFK INTERNATIONAL AIRPORT, NY US","2025-07-19","76","84","70",
"USW00094789","JFK INTERNATIONAL AIRPORT, NY US","2025-07-20","80","87","75",
"USW00094789","JFK INTERNATIONAL AIRPORT, NY US","2025-07-21","81","87","72",
"USW00094789","JFK INTERNATIONAL AIRPORT, NY US","2025-07-22","74","85","68",
"USW00094789","JFK INTERNATIONAL AIRPORT, NY US","2025-07-23","75","82","66",
"USW00094789","JFK INTERNATIONAL AIRPORT, NY US","2025-07-24","77","85","70",
"USW00094789","JFK INTERNATIONAL AIRPORT, NY US","2025-07-25","82","93","74",
"USW00094789","JFK INTERNATIONAL AIRPORT, NY US","2025-07-26","81","85","75",
"USW00094789","JFK INTERNATIONAL AIRPORT, NY US","2025-07-27","77","85","72",
"USW00094789","JFK INTERNATIONAL AIRPORT, NY US","2025-07-28","84","93","73",
"USW00094789","JFK INTERNATIONAL AIRPORT, NY US","2025-07-29","84","96","75",
"USW00094789","JFK INTERNATIONAL AIRPORT, NY US","2025-07-30","87","95","80",
"USW00094789","JFK INTERNATIONAL AIRPORT, NY US","2025-07-31","82","91","67",
"USW00094789","JFK INTERNATIONAL AIRPORT, NY US","2025-08-01","69","74","65",
"USW00094789","JFK INTERNATIONAL AIRPORT, NY US","2025-08-02","71","80","62",
"USW00094789","JFK INTERNATIONAL AIRPORT, NY US","2025-08-03","73","83","63",
"USW00094789","JFK INTERNATIONAL AIRPORT, NY US","2025-08-04","75","86","66",
"USW00094789","JFK INTERNATIONAL AIRPORT, NY US","2025-08-05","75","85","68",
"USW00094789","JFK INTERNATIONAL AIRPORT, NY US","2025-08-06","73","80","67",
"USW00094789","JFK INTERNATIONAL AIRPORT, NY US","2025-08-07","72","79","64",
"USW00094789","JFK INTERNATIONAL AIRPORT, NY US","2025-08-08","70","78","60",
"USW00094789","JFK INTERNATIONAL AIRPORT, NY US","2025-08-09","71","82","58",
"USW00094789","JFK INTERNATIONAL AIRPORT, NY US","2025-08-10","75","85","66",
"USW00094789","JFK INTERNATIONAL AIRPORT, NY US","2025-08-11","76","86","68",
"USW00094789","JFK INTERNATIONAL AIRPORT, NY US","2025-08-12","76","85","68",
"USW00094789","JFK INTERNATIONAL AIRPORT, NY US","2025-08-13","77","85","72",
"USW00094789","JFK INTERNATIONAL AIRPORT, NY US","2025-08-14","78","86","74",
"USW00094789","JFK INTERNATIONAL AIRPORT, NY US","2025-08-15","79","85","74",
"USW00094789","JFK INTERNATIONAL AIRPORT, NY US","2025-08-16","76","81","74",
"USW00094789","JFK INTERNATIONAL AIRPORT, NY US","2025-08-17","78","85","72",
"USW00094789","JFK INTERNATIONAL AIRPORT, NY US","2025-08-18","71","78","64",
"USW00094789","JFK INTERNATIONAL AIRPORT, NY US","2025-08-19","68","75","62",
"USW00094789","JFK INTERNATIONAL AIRPORT, NY US","2025-08-20","67","70","61",
"USW00094789","JFK INTERNATIONAL AIRPORT, NY US","2025-08-21","65","75","61",
"USW00094789","JFK INTERNATIONAL AIRPORT, NY US","2025-08-22","71","82","60",
"USW00094789","JFK INTERNATIONAL AIRPORT, NY US","2025-08-23","72","79","65",
"USW00094789","JFK INTERNATIONAL AIRPORT, NY US","2025-08-24","73","80","68",
"USW00094789","JFK INTERNATIONAL AIRPORT, NY US","2025-08-25","76","86","68",
"USW00094789","JFK INTERNATIONAL AIRPORT, NY US","2025-08-26","72","78","63",
"USW00094789","JFK INTERNATIONAL AIRPORT, NY US","2025-08-27","70","77","63",
"USW00094789","JFK INTERNATIONAL AIRPORT, NY US","2025-08-28","69",,"60",
"USW00094789","JFK INTERNATIONAL AIRPORT, NY US","2025-08-29","71","78","65",
"USW00094789","JFK INTERNATIONAL AIRPORT, NY US","2025-08-30",,"77","58",
"USW00094789","JFK INTERNATIONAL AIRPORT, NY US","2025-08-31",,"77","59",
"USW00094789","JFK INTERNATIONAL AIRPORT, NY US","2025-09-01",,"79","59",
"USW00094789","JFK INTERNATIONAL AIRPORT, NY US","2025-09-02",,"76","59",
"USW00094789","JFK INTERNATIONAL AIRPORT, NY US","2025-09-03","66","75","59",
"USW00094789","JFK INTERNATIONAL AIRPORT, NY US","2025-09-04","69","77","63",
"USW00094789","JFK INTERNATIONAL AIRPORT, NY US","2025-09-05","72","81","66",
"USW00094789","JFK INTERNATIONAL AIRPORT, NY US","2025-09-06","74","81","65",
"USW00094789","JFK INTERNATIONAL AIRPORT, NY US","2025-09-07","65","69","60",
"USW00094789","JFK INTERNATIONAL AIRPORT, NY US","2025-09-08","65","74","56",
"USW00094789","JFK INTERNATIONAL AIRPORT, NY US","2025-09-09","65","74","55",
"USW00094789","JFK INTERNATIONAL AIRPORT, NY US","2025-09-10","66","73","61",
"USW00094789","JFK INTERNATIONAL AIRPORT, NY US","2025-09-11","71","80","59",
"USW00094789","JFK INTERNATIONAL AIRPORT, NY US","2025-09-12","69","78","61",
"USW00094789","JFK INTERNATIONAL AIRPORT, NY US","2025-09-13","67","75","60",
"USW00094789","JFK INTERNATIONAL AIRPORT, NY US","2025-09-14","71","79","63",
"USW00094789","JFK INTERNATIONAL AIRPORT, NY US","2025-09-15","69","81","63",
"USW00094789","JFK INTERNATIONAL AIRPORT, NY US","2025-09-16","68","76","63",
"USW00094789","JFK INTERNATIONAL AIRPORT, NY US","2025-09-17","67","72","63",
"USW00094789","JFK INTERNATIONAL AIRPORT, NY US","2025-09-18","70","79","65",
"USW00094789","JFK INTERNATIONAL AIRPORT, NY US","2025-09-19","75","86","66",
"USW00094789","JFK INTERNATIONAL AIRPORT, NY US","2025-09-20","68","74","58",
"USW00094789","JFK INTERNATIONAL AIRPORT, NY US","2025-09-21","62","70","55",
"USW00094789","JFK INTERNATIONAL AIRPORT, NY US","2025-09-22","62","71","52",
"USW00094789","JFK INTERNATIONAL AIRPORT, NY US","2025-09-23","70","78","65",
"USW00094789","JFK INTERNATIONAL AIRPORT, NY US","2025-09-24","72","78","68",
"USW00094789","JFK INTERNATIONAL AIRPORT, NY US","2025-09-25","72","75","70",
"USW00094789","JFK INTERNATIONAL AIRPORT, NY US","2025-09-26","74","82","68",
"USW00094789","JFK INTERNATIONAL AIRPORT, NY US","2025-09-27","71","76","65",
"USW00094789","JFK INTERNATIONAL AIRPORT, NY US","2025-09-28","71","79","65",
"USW00094789","JFK INTERNATIONAL AIRPORT, NY US","2025-09-29","71","78","66",
"USW00094789","JFK INTERNATIONAL AIRPORT, NY US","2025-09-30","71","81","64",
"USW00094789","JFK INTERNATIONAL AIRPORT, NY US","2025-10-01","64","70","55",
"USW00094789","JFK INTERNATIONAL AIRPORT, NY US","2025-10-02","59","72","52",
"USW00094789","JFK INTERNATIONAL AIRPORT, NY US","2025-10-03","60","69","51",
"USW00094789","JFK INTERNATIONAL AIRPORT, NY US","2025-10-04","66","78","57",
"USW00094789","JFK INTERNATIONAL AIRPORT, NY US","2025-10-05","70","79","60",
"USW00094789","JFK INTERNATIONAL AIRPORT, NY US","2025-10-06","68","75","61",
"USW00094789","JFK INTERNATIONAL AIRPORT, NY US","2025-10-07","69","77","64",
"USW00094789","JFK INTERNATIONAL AIRPORT, NY US","2025-10-08","68","72","57",
"USW00094789","JFK INTERNATIONAL AIRPORT, NY US","2025-10-09","57","60","46",
"USW00094789","JFK INTERNATIONAL AIRPORT, NY US","2025-10-10","53","63","43",
"USW00094789","JFK INTERNATIONAL AIRPORT, NY US","2025-10-11","62","67","58",
"USW00094789","JFK INTERNATIONAL AIRPORT, NY US","2025-10-12","60","64","56",
"USW00094789","JFK INTERNATIONAL AIRPORT, NY US","2025-10-13","58","60","55",
"USW00094789","JFK INTERNATIONAL AIRPORT, NY US","2025-10-14","57","62","54",
"USW00094789","JFK INTERNATIONAL AIRPORT, NY US","2025-10-15","61","70","53",
"USW00094789","JFK INTERNATIONAL AIRPORT, NY US","2025-10-16","54","62","46",
"USW00094789","JFK INTERNATIONAL AIRPORT, NY US","2025-10-17","54","64","47",
"USW00094789","JFK INTERNATIONAL AIRPORT, NY US","2025-10-18","56","65","47",
"USW00094789","JFK INTERNATIONAL AIRPORT, NY US","2025-10-19","62","70","50",
"USW00094789","JFK INTERNATIONAL AIRPORT, NY US","2025-10-20","62","68","55",
"USW00094789","JFK INTERNATIONAL AIRPORT, NY US","2025-10-21","59","66","51",
"USW00094789","JFK INTERNATIONAL AIRPORT, NY US","2025-10-22","61","65","55",
"USW00094789","JFK INTERNATIONAL AIRPORT, NY US","2025-10-23","56","63","51",
"USW00094789","JFK INTERNATIONAL AIRPORT, NY US","2025-10-24","54","61","47",
"USW00094789","JFK INTERNATIONAL AIRPORT, NY US","2025-10-25","53","60","45",
"USW00094789","JFK INTERNATIONAL AIRPORT, NY US","2025-10-26","53","60","45",
"USW00094789","JFK INTERNATIONAL AIRPORT, NY US","2025-10-27","49","57","42",
"USW00094789","JFK INTERNATIONAL AIRPORT, NY US","2025-10-28","49","53","43",
"USW00094789","JFK INTERNATIONAL AIRPORT, NY US","2025-10-29","52","56","49",
"USW00094789","JFK INTERNATIONAL AIRPORT, NY US","2025-10-30","56","63","51",
"USW00094789","JFK INTERNATIONAL AIRPORT, NY US","2025-10-31","56","59","52",
"USW00094789","JFK INTERNATIONAL AIRPORT, NY US","2025-11-01","54","60","46",
"USW00094789","JFK INTERNATIONAL AIRPORT, NY US","2025-11-02","50","58","39",
"USW00094789","JFK INTERNATIONAL AIRPORT, NY US","2025-11-03","53","61","47",
"USW00094789","JFK INTERNATIONAL AIRPORT, NY US","2025-11-04","54","61","47",
"USW00094789","JFK INTERNATIONAL AIRPORT, NY US","2025-11-05","54","63","42",
"USW00094789","JFK INTERNATIONAL AIRPORT, NY US","2025-11-06","53","57","42",
"USW00094789","JFK INTERNATIONAL AIRPORT, NY US","2025-11-07","48","60","35",
"USW00094789","JFK INTERNATIONAL AIRPORT, NY US","2025-11-08","59","67","52",
"USW00094789","JFK INTERNATIONAL AIRPORT, NY US","2025-11-09","57","62","50",
"USW00094789","JFK INTERNATIONAL AIRPORT, NY US","2025-11-10","54","59","35",
"USW00094789","JFK INTERNATIONAL AIRPORT, NY US","2025-11-11","37","42","33",
"USW00094789","JFK INTERNATIONAL AIRPORT, NY US","2025-11-12","43","51","39",
"USW00094789","JFK INTERNATIONAL AIRPORT, NY US","2025-11-13","49","52","44",
"USW00094789","JFK INTERNATIONAL AIRPORT, NY US","2025-11-14","46","52","40",
"USW00094789","JFK INTERNATIONAL AIRPORT, NY US","2025-11-15","44","54","35",
"USW00094789","JFK INTERNATIONAL AIRPORT, NY US","2025-11-16","52","58","42",
"USW00094789","JFK INTERNATIONAL AIRPORT, NY US","2025-11-17","41","45","37",
"USW00094789","JFK INTERNATIONAL AIRPORT, NY US","2025-11-18","42","47","37",
"USW00094789","JFK INTERNATIONAL AIRPORT, NY US","2025-11-19","43","46","37",
"USW00094789","JFK INTERNATIONAL AIRPORT, NY US","2025-11-20","40","47","35",
"USW00094789","JFK INTERNATIONAL AIRPORT, NY US","2025-11-21","45","52","39",
"USW00094789","JFK INTERNATIONAL AIRPORT, NY US","2025-11-22","49","51","39",
"USW00094789","JFK INTERNATIONAL AIRPORT, NY US","2025-11-23","42","50","32",
"USW00094789","JFK INTERNATIONAL AIRPORT, NY US","2025-11-24","47","53","41",
"USW00094789","JFK INTERNATIONAL AIRPORT, NY US","2025-11-25","47","57","40",
"USW00094789","JFK INTERNATIONAL AIRPORT, NY US","2025-11-26","55","59","50",
"USW00094789","JFK INTERNATIONAL AIRPORT, NY US","2025-11-27","46","50","36",
"USW00094789","JFK INTERNATIONAL AIRPORT, NY US","2025-11-28","38","44","33",
"USW00094789","JFK INTERNATIONAL AIRPORT, NY US","2025-11-29","37","43","33",
"USW00094789","JFK INTERNATIONAL AIRPORT, NY US","2025-11-30","39","48","32",
"USW00094789","JFK INTERNATIONAL AIRPORT, NY US","2025-12-01","40","44","30",
"USW00094789","JFK INTERNATIONAL AIRPORT, NY US","2025-12-02","38","45","30",
"USW00094789","JFK INTERNATIONAL AIRPORT, NY US","2025-12-03","37","41","31",
"USW00094789","JFK INTERNATIONAL AIRPORT, NY US","2025-12-04","37","43","24",
"USW00094789","JFK INTERNATIONAL AIRPORT, NY US","2025-12-05","26","34","20",
"USW00094789","JFK INTERNATIONAL AIRPORT, NY US","2025-12-06","36","42","33",
"USW00094789","JFK INTERNATIONAL AIRPORT, NY US","2025-12-07","38","43","29",
"USW00094789","JFK INTERNATIONAL AIRPORT, NY US","2025-12-08","32","39","22",
"USW00094789","JFK INTERNATIONAL AIRPORT, NY US","2025-12-09","25","36","18",
"USW00094789","JFK INTERNATIONAL AIRPORT, NY US","2025-12-10","38","46","32",
"USW00094789","JFK INTERNATIONAL AIRPORT, NY US","2025-12-11","37","40","28",
"USW00094789","JFK INTERNATIONAL AIRPORT, NY US","2025-12-12","30","36","25",
"USW00094789","JFK INTERNATIONAL AIRPORT, NY US","2025-12-13","33","43","25",
"USW00094789","JFK INTERNATIONAL AIRPORT, NY US","2025-12-14","31","33","20",
"USW00094789","JFK INTERNATIONAL AIRPORT, NY US","2025-12-15","23","29","19",
"USW00094789","JFK INTERNATIONAL AIRPORT, NY US","2025-12-16","27","30","24",
"USW00094789","JFK INTERNATIONAL AIRPORT, NY US","2025-12-17","34","43","27",
"USW00094789","JFK INTERNATIONAL AIRPORT, NY US","2025-12-18","40","50","29",
"USW00094789","JFK INTERNATIONAL AIRPORT, NY US","2025-12-19","50","57","32",
"USW00094789","JFK INTERNATIONAL AIRPORT, NY US","2025-12-20","33","38","28",
"USW00094789","JFK INTERNATIONAL AIRPORT, NY US","2025-12-21","39","48","29",
"USW00094789","JFK INTERNATIONAL AIRPORT, NY US","2025-12-22","32","39","26",
"USW00094789","JFK INTERNATIONAL AIRPORT, NY US","2025-12-23","37","40","35",
"USW00094789","JFK INTERNATIONAL AIRPORT, NY US","2025-12-24","40","47","32",
"USW00094789","JFK INTERNATIONAL AIRPORT, NY US","2025-12-25","38","49","27",
"USW00094789","JFK INTERNATIONAL AIRPORT, NY US","2025-12-26","26","28","20",
"USW00094789","JFK INTERNATIONAL AIRPORT, NY US","2025-12-27","28","30","24",
"USW00094789","JFK INTERNATIONAL AIRPORT, NY US","2025-12-28","27","39","21",
"USW00094789","JFK INTERNATIONAL AIRPORT, NY US","2025-12-29","42","48","32",
"USW00094789","JFK INTERNATIONAL AIRPORT, NY US","2025-12-30","32","35","27",
"USW00094789","JFK INTERNATIONAL AIRPORT, NY US","2025-12-31","29","34","27",
"USW00094789","JFK INTERNATIONAL AIRPORT, NY US","2026-01-01","30","36","21",
"USW00094789","JFK INTERNATIONAL AIRPORT, NY US","2026-01-02","25","30","21",
"USW00094789","JFK INTERNATIONAL AIRPORT, NY US","2026-01-03","27","30","23",
"USW00094789","JFK INTERNATIONAL AIRPORT, NY US","2026-01-04","29","36","26",
"USW00094789","JFK INTERNATIONAL AIRPORT, NY US","2026-01-05","31","37","24",
"USW00094789","JFK INTERNATIONAL AIRPORT, NY US","2026-01-06","37","42","31",
"USW00094789","JFK INTERNATIONAL AIRPORT, NY US","2026-01-07","42","52","37",
"USW00094789","JFK INTERNATIONAL AIRPORT, NY US","2026-01-08","45","52","33",
"USW00094789","JFK INTERNATIONAL AIRPORT, NY US","2026-01-09","41","54","32",
"USW00094789","JFK INTERNATIONAL AIRPORT, NY US","2026-01-10","45","53","40",
"USW00094789","JFK INTERNATIONAL AIRPORT, NY US","2026-01-11","43","49","34",
"USW00094789","JFK INTERNATIONAL AIRPORT, NY US","2026-01-12","36","41","31",
"USW00094789","JFK INTERNATIONAL AIRPORT, NY US","2026-01-13","38","46","31",
"USW00094789","JFK INTERNATIONAL AIRPORT, NY US","2026-01-14","43","46","39",
"USW00094789","JFK INTERNATIONAL AIRPORT, NY US","2026-01-15","39","43","24",
"USW00094789","JFK INTERNATIONAL AIRPORT, NY US","2026-01-16","27","35","22",
"USW00094789","JFK INTERNATIONAL AIRPORT, NY US","2026-01-17","36","40","28",
"USW00094789","JFK INTERNATIONAL AIRPORT, NY US","2026-01-18","33","34","29",
"USW00094789","JFK INTERNATIONAL AIRPORT, NY US","2026-01-19","29","32","23",
"USW00094789","JFK INTERNATIONAL AIRPORT, NY US","2026-01-20","22","27","17",
"USW00094789","JFK INTERNATIONAL AIRPORT, NY US","2026-01-21","24","38","16",
"USW00094789","JFK INTERNATIONAL AIRPORT, NY US","2026-01-22","41","48","35",
"USW00094789","JFK INTERNATIONAL AIRPORT, NY US","2026-01-23","36","39","14",
"USW00094789","JFK INTERNATIONAL AIRPORT, NY US","2026-01-24","15","18","10",
"USW00094789","JFK INTERNATIONAL AIRPORT, NY US","2026-01-25","15","24","12",
"USW00094789","JFK INTERNATIONAL AIRPORT, NY US","2026-01-26","23","27","17",
"USW00094789","JFK INTERNATIONAL AIRPORT, NY US","2026-01-27","18","22","15",
"USW00094789","JFK INTERNATIONAL AIRPORT, NY US","2026-01-28","18","22","15",
"USW00094789","JFK INTERNATIONAL AIRPORT, NY US","2026-01-29","17","22","12",
"USW00094789","JFK INTERNATIONAL AIRPORT, NY US","2026-01-30","15","18","9",
"USW00094789","JFK INTERNATIONAL AIRPORT, NY US","2026-01-31","15","22","9",
"USW00094789","JFK INTERNATIONAL AIRPORT, NY US","2026-02-01","16","24","11",
"USW00094789","JFK INTERNATIONAL AIRPORT, NY US","2026-02-02","22","35","14",
"USW00094789","JFK INTERNATIONAL AIRPORT, NY US","2026-02-03","27","33","20",
"USW00094789","JFK INTERNATIONAL AIRPORT, NY US","2026-02-04","30","32","25",
"USW00094789","JFK INTERNATIONAL AIRPORT, NY US","2026-02-05","26","32","19",
"USW00094789","JFK INTERNATIONAL AIRPORT, NY US","2026-02-06","26","31","18",
"USW00094789","JFK INTERNATIONAL AIRPORT, NY US","2026-02-07","20","28","6",
"USW00094789","JFK INTERNATIONAL AIRPORT, NY US","2026-02-08","9","18","3",
"USW00094789","JFK INTERNATIONAL AIRPORT, NY US","2026-02-09","18","31","9",
"USW00094789","JFK INTERNATIONAL AIRPORT, NY US","2026-02-10","28","36","21",
"USW00094789","JFK INTERNATIONAL AIRPORT, NY US","2026-02-11","36","41","27",
"USW00094789","JFK INTERNATIONAL AIRPORT, NY US","2026-02-12","33","35","27",
"USW00094789","JFK INTERNATIONAL AIRPORT, NY US","2026-02-13","28","37","21",
"USW00094789","JFK INTERNATIONAL AIRPORT, NY US","2026-02-14","33","45","24",
"USW00094789","JFK INTERNATIONAL AIRPORT, NY US","2026-02-15","35","40","27",
"USW00094789","JFK INTERNATIONAL AIRPORT, NY US","2026-02-16","33","38","29",
"USW00094789","JFK INTERNATIONAL AIRPORT, NY US","2026-02-17","34","40","30",
"USW00094789","JFK INTERNATIONAL AIRPORT, NY US","2026-02-18","35","39","32",
"USW00094789","JFK INTERNATIONAL AIRPORT, NY US","2026-02-19","37","40","35",
"USW00094789","JFK INTERNATIONAL AIRPORT, NY US","2026-02-20","38","42","35",
"USW00094789","JFK INTERNATIONAL AIRPORT, NY US","2026-02-21","40","48","34",
"USW00094789","JFK INTERNATIONAL AIRPORT, NY US","2026-02-22","36","40","30",
"USW00094789","JFK INTERNATIONAL AIRPORT, NY US","2026-02-23","31","35","29",
"USW00094789","JFK INTERNATIONAL AIRPORT, NY US","2026-02-24","29","31","22",
"USW00094789","JFK INTERNATIONAL AIRPORT, NY US","2026-02-25","32","38","24",
"USW00094789","JFK INTERNATIONAL AIRPORT, NY US","2026-02-26","38","44","30",
"USW00094789","JFK INTERNATIONAL AIRPORT, NY US","2026-02-27","34","38","25",
"USW00094789","JFK INTERNATIONAL AIRPORT, NY US","2026-02-28","37","49","28",
"USW00094789","JFK INTERNATIONAL AIRPORT, NY US","2026-03-01",,"42","29",
"USW00094789","JFK INTERNATIONAL AIRPORT, NY US","2026-03-02",,"31","21",
"USW00094789","JFK INTERNATIONAL AIRPORT, NY US","2026-03-03",,"36","27",
"USW00094789","JFK INTERNATIONAL AIRPORT, NY US","2026-03-04",,"45","35",
"USW00094789","JFK INTERNATIONAL AIRPORT, NY US","2026-03-05",,"43","38",
"USW00094789","JFK INTERNATIONAL AIRPORT, NY US","2026-03-06",,"42","37",
"USW00094789","JFK INTERNATIONAL AIRPORT, NY US","2026-03-07",,"44","37",
"USW00094789","JFK INTERNATIONAL AIRPORT, NY US","2026-03-08",,"67","41",
"USW00094789","JFK INTERNATIONAL AIRPORT, NY US","2026-03-09",,"67","39",
"USW00094789","JFK INTERNATIONAL AIRPORT, NY US","2026-03-10",,"64","38",
"USW00094789","JFK INTERNATIONAL AIRPORT, NY US","2026-03-11",,"59","44",
"USW00094789","JFK INTERNATIONAL AIRPORT, NY US","2026-03-12",,"56","34",
"USW00094789","JFK INTERNATIONAL AIRPORT, NY US","2026-03-13",,"41","31",
"USW00094789","JFK INTERNATIONAL AIRPORT, NY US","2026-03-14",,"53","34",
"USW00094789","JFK INTERNATIONAL AIRPORT, NY US","2026-03-15",,"46","35",
"USW00094789","JFK INTERNATIONAL AIRPORT, NY US","2026-03-16",,"52","45",
"USW00094789","JFK INTERNATIONAL AIRPORT, NY US","2026-03-17",,"47","32",
"USW00094789","JFK INTERNATIONAL AIRPORT, NY US","2026-03-18",,"35","25",
"USW00094789","JFK INTERNATIONAL AIRPORT, NY US","2026-03-19",,"40","31",
